999
"DXF R12 Output" (www.mydxf.blogspot.com)
 0 
SECTION
 2 
HEADER
 9 
$ACADVER
 1 
AC1009
 9 
$EXTMIN
 10 
 0 
 20 
 0 
 9 
$EXTMAX
 10 
 8.5 
 20 
 11 
 0 
ENDSEC
 0 
SECTION
 2 
ENTITIES
0
LINE
8
dim
10
32.890866
20
14.236629
11
13.607264
21
37.218316
0
LINE
8
dim
10
32.890866
20
14.236629
11
52.174468
21
37.218316
0
LINE
8
dim
10
32.890866
20
14.236708
11
32.890866
21
14.236708
0
LINE
8
dim
10
52.174471
20
37.218023
11
50.025965
21
38.863021
0
LINE
8
dim
10
50.025965
20
38.863021
11
47.772681
21
40.288685
0
LINE
8
dim
10
47.772681
20
40.288685
11
45.429588
21
41.495017
0
LINE
8
dim
10
45.429588
20
41.495017
11
43.011653
21
42.482016
0
LINE
8
dim
10
43.011653
20
42.482016
11
40.533846
21
43.249682
0
LINE
8
dim
10
40.533846
20
43.249682
11
38.011133
21
43.798014
0
LINE
8
dim
10
38.011133
20
43.798014
11
35.458484
21
44.127014
0
LINE
8
dim
10
35.458484
20
44.127014
11
32.890867
21
44.236680
0
LINE
8
dim
10
32.890867
20
44.236680
11
30.323250
21
44.127014
0
LINE
8
dim
10
30.323250
20
44.127014
11
27.770601
21
43.798014
0
LINE
8
dim
10
27.770601
20
43.798014
11
25.247888
21
43.249682
0
LINE
8
dim
10
25.247888
20
43.249682
11
22.770081
21
42.482016
0
LINE
8
dim
10
22.770081
20
42.482016
11
20.352146
21
41.495017
0
LINE
8
dim
10
20.352146
20
41.495017
11
18.009053
21
40.288685
0
LINE
8
dim
10
18.009053
20
40.288685
11
15.755769
21
38.863021
0
LINE
8
dim
10
15.755769
20
38.863021
11
13.607263
21
37.218023
0
LINE
8
dim
10
32.890866
20
14.236629
11
32.890866
21
30.235963
0
LINE
8
dim
10
57.890834
20
30.236704
11
57.761338
21
32.792469
0
LINE
8
dim
10
57.761338
20
32.792469
11
57.382146
21
35.274378
0
LINE
8
dim
10
57.382146
20
35.274378
11
56.765823
21
37.669873
0
LINE
8
dim
10
56.765823
20
37.669873
11
55.924931
21
39.966390
0
LINE
8
dim
10
55.924931
20
39.966390
11
54.872033
21
42.151369
0
LINE
8
dim
10
54.872033
20
42.151369
11
53.619693
21
44.212250
0
LINE
8
dim
10
53.619693
20
44.212250
11
52.180474
21
46.136471
0
LINE
8
dim
10
52.180474
20
46.136471
11
50.566939
21
47.911471
0
LINE
8
dim
10
50.566939
20
47.911471
11
48.791651
21
49.524690
0
LINE
8
dim
10
48.791651
20
49.524690
11
46.867173
21
50.963566
0
LINE
8
dim
10
46.867173
20
50.963566
11
44.806069
21
52.215539
0
LINE
8
dim
10
44.806069
20
52.215539
11
42.620902
21
53.268048
0
LINE
8
dim
10
42.620902
20
53.268048
11
40.324235
21
54.108531
0
LINE
8
dim
10
40.324235
20
54.108531
11
37.928632
21
54.724427
0
LINE
8
dim
10
37.928632
20
54.724427
11
35.446654
21
55.103177
0
LINE
8
dim
10
35.446654
20
55.103177
11
32.890866
21
55.232218
0
LINE
8
dim
10
32.890866
20
55.232218
11
30.335079
21
55.103177
0
LINE
8
dim
10
30.335079
20
55.103177
11
27.853101
21
54.724427
0
LINE
8
dim
10
27.853101
20
54.724427
11
25.457497
21
54.108531
0
LINE
8
dim
10
25.457497
20
54.108531
11
23.160830
21
53.268048
0
LINE
8
dim
10
23.160830
20
53.268048
11
20.975663
21
52.215539
0
LINE
8
dim
10
20.975663
20
52.215539
11
18.914559
21
50.963566
0
LINE
8
dim
10
18.914559
20
50.963566
11
16.990082
21
49.524690
0
LINE
8
dim
10
16.990082
20
49.524690
11
15.214794
21
47.911471
0
LINE
8
dim
10
15.214794
20
47.911471
11
13.601259
21
46.136471
0
LINE
8
dim
10
13.601259
20
46.136471
11
12.162040
21
44.212250
0
LINE
8
dim
10
12.162040
20
44.212250
11
10.909700
21
42.151369
0
LINE
8
dim
10
10.909700
20
42.151369
11
9.856802
21
39.966390
0
LINE
8
dim
10
9.856802
20
39.966390
11
9.015910
21
37.669873
0
LINE
8
dim
10
9.015910
20
37.669873
11
8.399586
21
35.274378
0
LINE
8
dim
10
8.399586
20
35.274378
11
8.020395
21
32.792469
0
LINE
8
dim
10
8.020395
20
32.792469
11
7.890898
21
30.236704
0
LINE
8
dim
10
7.890898
20
30.236704
11
8.020395
21
27.680939
0
LINE
8
dim
10
8.020395
20
27.680939
11
8.399586
21
25.199029
0
LINE
8
dim
10
8.399586
20
25.199029
11
9.015910
21
22.803535
0
LINE
8
dim
10
9.015910
20
22.803535
11
9.856802
21
20.507018
0
LINE
8
dim
10
9.856802
20
20.507018
11
10.909700
21
18.322038
0
LINE
8
dim
10
10.909700
20
18.322038
11
12.162040
21
16.261158
0
LINE
8
dim
10
12.162040
20
16.261158
11
13.601259
21
14.336937
0
LINE
8
dim
10
13.601259
20
14.336937
11
15.214794
21
12.561936
0
LINE
8
dim
10
15.214794
20
12.561936
11
16.990082
21
10.948717
0
LINE
8
dim
10
16.990082
20
10.948717
11
18.914559
21
9.509841
0
LINE
8
dim
10
18.914559
20
9.509841
11
20.975663
21
8.257868
0
LINE
8
dim
10
20.975663
20
8.257868
11
23.160830
21
7.205360
0
LINE
8
dim
10
23.160830
20
7.205360
11
25.457497
21
6.364877
0
LINE
8
dim
10
25.457497
20
6.364877
11
27.853101
21
5.748980
0
LINE
8
dim
10
27.853101
20
5.748980
11
30.335079
21
5.370231
0
LINE
8
dim
10
30.335079
20
5.370231
11
32.890866
21
5.241190
0
LINE
8
dim
10
32.890866
20
5.241190
11
35.446654
21
5.370231
0
LINE
8
dim
10
35.446654
20
5.370231
11
37.928632
21
5.748980
0
LINE
8
dim
10
37.928632
20
5.748980
11
40.324235
21
6.364877
0
LINE
8
dim
10
40.324235
20
6.364877
11
42.620902
21
7.205360
0
LINE
8
dim
10
42.620902
20
7.205360
11
44.806069
21
8.257868
0
LINE
8
dim
10
44.806069
20
8.257868
11
46.867173
21
9.509841
0
LINE
8
dim
10
46.867173
20
9.509841
11
48.791651
21
10.948717
0
LINE
8
dim
10
48.791651
20
10.948717
11
50.566939
21
12.561936
0
LINE
8
dim
10
50.566939
20
12.561936
11
52.180474
21
14.336937
0
LINE
8
dim
10
52.180474
20
14.336937
11
53.619693
21
16.261158
0
LINE
8
dim
10
53.619693
20
16.261158
11
54.872033
21
18.322038
0
LINE
8
dim
10
54.872033
20
18.322038
11
55.924931
21
20.507018
0
LINE
8
dim
10
55.924931
20
20.507018
11
56.765823
21
22.803535
0
LINE
8
dim
10
56.765823
20
22.803535
11
57.382146
21
25.199029
0
LINE
8
dim
10
57.382146
20
25.199029
11
57.761338
21
27.680939
0
LINE
8
dim
10
57.761338
20
27.680939
11
57.890834
21
30.236704
0
LINE
8
dim
10
57.890834
20
30.236704
11
57.890834
21
30.236704
0
LINE
8
dim
10
40.190856
20
14.236708
11
40.042004
21
15.707429
0
LINE
8
dim
10
40.042004
20
15.707429
11
39.616292
21
17.077196
0
LINE
8
dim
10
39.616292
20
17.077196
11
38.943059
21
18.316686
0
LINE
8
dim
10
38.943059
20
18.316686
11
38.051640
21
19.396572
0
LINE
8
dim
10
38.051640
20
19.396572
11
36.971374
21
20.287531
0
LINE
8
dim
10
36.971374
20
20.287531
11
35.731599
21
20.960237
0
LINE
8
dim
10
35.731599
20
20.960237
11
34.361650
21
21.385365
0
LINE
8
dim
10
34.361650
20
21.385365
11
32.890866
21
21.533591
0
LINE
8
dim
10
32.890866
20
21.533591
11
31.420082
21
21.385365
0
LINE
8
dim
10
31.420082
20
21.385365
11
30.050134
21
20.960237
0
LINE
8
dim
10
30.050134
20
20.960237
11
28.810358
21
20.287531
0
LINE
8
dim
10
28.810358
20
20.287531
11
27.730092
21
19.396572
0
LINE
8
dim
10
27.730092
20
19.396572
11
26.838674
21
18.316686
0
LINE
8
dim
10
26.838674
20
18.316686
11
26.165440
21
17.077196
0
LINE
8
dim
10
26.165440
20
17.077196
11
25.739728
21
15.707429
0
LINE
8
dim
10
25.739728
20
15.707429
11
25.590876
21
14.236708
0
LINE
8
dim
10
25.590876
20
14.236708
11
25.739728
21
12.765988
0
LINE
8
dim
10
25.739728
20
12.765988
11
26.165440
21
11.396220
0
LINE
8
dim
10
26.165440
20
11.396220
11
26.838674
21
10.156731
0
LINE
8
dim
10
26.838674
20
10.156731
11
27.730092
21
9.076844
0
LINE
8
dim
10
27.730092
20
9.076844
11
28.810358
21
8.185886
0
LINE
8
dim
10
28.810358
20
8.185886
11
30.050134
21
7.513180
0
LINE
8
dim
10
30.050134
20
7.513180
11
31.420082
21
7.088051
0
LINE
8
dim
10
31.420082
20
7.088051
11
32.890866
21
6.939825
0
LINE
8
dim
10
32.890866
20
6.939825
11
34.361650
21
7.088051
0
LINE
8
dim
10
34.361650
20
7.088051
11
35.731599
21
7.513180
0
LINE
8
dim
10
35.731599
20
7.513180
11
36.971374
21
8.185886
0
LINE
8
dim
10
36.971374
20
8.185886
11
38.051640
21
9.076844
0
LINE
8
dim
10
38.051640
20
9.076844
11
38.943059
21
10.156731
0
LINE
8
dim
10
38.943059
20
10.156731
11
39.616292
21
11.396220
0
LINE
8
dim
10
39.616292
20
11.396220
11
40.042004
21
12.765988
0
LINE
8
dim
10
40.042004
20
12.765988
11
40.190856
21
14.236708
0
LINE
8
dim
10
40.190856
20
14.236708
11
40.190856
21
14.236708
0
LINE
8
dim
10
56.911660
20
30.236704
11
56.787404
21
32.692500
0
LINE
8
dim
10
56.787404
20
32.692500
11
56.423203
21
35.077341
0
LINE
8
dim
10
56.423203
20
35.077341
11
55.831132
21
37.379155
0
LINE
8
dim
10
55.831132
20
37.379155
11
55.023262
21
39.585872
0
LINE
8
dim
10
55.023262
20
39.585872
11
54.011665
21
41.685420
0
LINE
8
dim
10
54.011665
20
41.685420
11
52.808415
21
43.665728
0
LINE
8
dim
10
52.808415
20
43.665728
11
51.425583
21
45.514725
0
LINE
8
dim
10
51.425583
20
45.514725
11
49.875242
21
47.220340
0
LINE
8
dim
10
49.875242
20
47.220340
11
48.169464
21
48.770502
0
LINE
8
dim
10
48.169464
20
48.770502
11
46.320321
21
50.153140
0
LINE
8
dim
10
46.320321
20
50.153140
11
44.339887
21
51.356183
0
LINE
8
dim
10
44.339887
20
51.356183
11
42.240233
21
52.367559
0
LINE
8
dim
10
42.240233
20
52.367559
11
40.033431
21
53.175198
0
LINE
8
dim
10
40.033431
20
53.175198
11
37.731555
21
53.767027
0
LINE
8
dim
10
37.731555
20
53.767027
11
35.346676
21
54.130978
0
LINE
8
dim
10
35.346676
20
54.130978
11
32.890867
21
54.254977
0
LINE
8
dim
10
32.890867
20
54.254977
11
30.435058
21
54.130978
0
LINE
8
dim
10
30.435058
20
54.130978
11
28.050179
21
53.767027
0
LINE
8
dim
10
28.050179
20
53.767027
11
25.748302
21
53.175198
0
LINE
8
dim
10
25.748302
20
53.175198
11
23.541501
21
52.367559
0
LINE
8
dim
10
23.541501
20
52.367559
11
21.441847
21
51.356183
0
LINE
8
dim
10
21.441847
20
51.356183
11
19.461412
21
50.153140
0
LINE
8
dim
10
19.461412
20
50.153140
11
17.612270
21
48.770502
0
LINE
8
dim
10
17.612270
20
48.770502
11
15.906492
21
47.220340
0
LINE
8
dim
10
15.906492
20
47.220340
11
14.356151
21
45.514725
0
LINE
8
dim
10
14.356151
20
45.514725
11
12.973319
21
43.665728
0
LINE
8
dim
10
12.973319
20
43.665728
11
11.770068
21
41.685420
0
LINE
8
dim
10
11.770068
20
41.685420
11
10.758472
21
39.585872
0
LINE
8
dim
10
10.758472
20
39.585872
11
9.950602
21
37.379155
0
LINE
8
dim
10
9.950602
20
37.379155
11
9.358530
21
35.077341
0
LINE
8
dim
10
9.358530
20
35.077341
11
8.994330
21
32.692500
0
LINE
8
dim
10
8.994330
20
32.692500
11
8.870073
21
30.236704
0
LINE
8
dim
10
8.870073
20
30.236704
11
8.994330
21
27.780908
0
LINE
8
dim
10
8.994330
20
27.780908
11
9.358530
21
25.396067
0
LINE
8
dim
10
9.358530
20
25.396067
11
9.950602
21
23.094253
0
LINE
8
dim
10
9.950602
20
23.094253
11
10.758472
21
20.887536
0
LINE
8
dim
10
10.758472
20
20.887536
11
11.770068
21
18.787988
0
LINE
8
dim
10
11.770068
20
18.787988
11
12.973319
21
16.807680
0
LINE
8
dim
10
12.973319
20
16.807680
11
14.356151
21
14.958683
0
LINE
8
dim
10
14.356151
20
14.958683
11
15.906492
21
13.253067
0
LINE
8
dim
10
15.906492
20
13.253067
11
17.612270
21
11.702905
0
LINE
8
dim
10
17.612270
20
11.702905
11
19.461412
21
10.320267
0
LINE
8
dim
10
19.461412
20
10.320267
11
21.441847
21
9.117225
0
LINE
8
dim
10
21.441847
20
9.117225
11
23.541501
21
8.105848
0
LINE
8
dim
10
23.541501
20
8.105848
11
25.748302
21
7.298210
0
LINE
8
dim
10
25.748302
20
7.298210
11
28.050179
21
6.706380
0
LINE
8
dim
10
28.050179
20
6.706380
11
30.435058
21
6.342430
0
LINE
8
dim
10
30.435058
20
6.342430
11
32.890867
21
6.218431
0
LINE
8
dim
10
32.890867
20
6.218431
11
35.346676
21
6.342430
0
LINE
8
dim
10
35.346676
20
6.342430
11
37.731555
21
6.706380
0
LINE
8
dim
10
37.731555
20
6.706380
11
40.033431
21
7.298210
0
LINE
8
dim
10
40.033431
20
7.298210
11
42.240233
21
8.105848
0
LINE
8
dim
10
42.240233
20
8.105848
11
44.339887
21
9.117225
0
LINE
8
dim
10
44.339887
20
9.117225
11
46.320321
21
10.320267
0
LINE
8
dim
10
46.320321
20
10.320267
11
48.169464
21
11.702905
0
LINE
8
dim
10
48.169464
20
11.702905
11
49.875242
21
13.253067
0
LINE
8
dim
10
49.875242
20
13.253067
11
51.425583
21
14.958683
0
LINE
8
dim
10
51.425583
20
14.958683
11
52.808415
21
16.807680
0
LINE
8
dim
10
52.808415
20
16.807680
11
54.011665
21
18.787988
0
LINE
8
dim
10
54.011665
20
18.787988
11
55.023262
21
20.887536
0
LINE
8
dim
10
55.023262
20
20.887536
11
55.831132
21
23.094253
0
LINE
8
dim
10
55.831132
20
23.094253
11
56.423203
21
25.396067
0
LINE
8
dim
10
56.423203
20
25.396067
11
56.787404
21
27.780908
0
LINE
8
dim
10
56.787404
20
27.780908
11
56.911660
21
30.236704
0
LINE
8
dim
10
56.911660
20
30.236704
11
56.911660
21
30.236704
0
LINE
8
graphic border
10
56.890835
20
30.236704
11
56.766389
21
32.690135
0
LINE
8
graphic border
10
56.766389
20
32.690135
11
56.402257
21
35.072661
0
LINE
8
graphic border
10
56.402257
20
35.072661
11
55.810500
21
37.372223
0
LINE
8
graphic border
10
55.810500
20
37.372223
11
55.003177
21
39.576766
0
LINE
8
graphic border
10
55.003177
20
39.576766
11
53.992347
21
41.674232
0
LINE
8
graphic border
10
53.992347
20
41.674232
11
52.790070
21
43.652565
0
LINE
8
graphic border
10
52.790070
20
43.652565
11
51.408406
21
45.499707
0
LINE
8
graphic border
10
51.408406
20
45.499707
11
49.859415
21
47.203602
0
LINE
8
graphic border
10
49.859415
20
47.203602
11
48.155156
21
48.752193
0
LINE
8
graphic border
10
48.155156
20
48.752193
11
46.307690
21
50.133423
0
LINE
8
graphic border
10
46.307690
20
50.133423
11
44.329075
21
51.335236
0
LINE
8
graphic border
10
44.329075
20
51.335236
11
42.231371
21
52.345573
0
LINE
8
graphic border
10
42.231371
20
52.345573
11
40.026639
21
53.152379
0
LINE
8
graphic border
10
40.026639
20
53.152379
11
37.726938
21
53.743597
0
LINE
8
graphic border
10
37.726938
20
53.743597
11
35.344327
21
54.107169
0
LINE
8
graphic border
10
35.344327
20
54.107169
11
32.890866
21
54.231039
0
LINE
8
graphic border
10
32.890866
20
54.231039
11
30.437405
21
54.107169
0
LINE
8
graphic border
10
30.437405
20
54.107169
11
28.054795
21
53.743597
0
LINE
8
graphic border
10
28.054795
20
53.743597
11
25.755093
21
53.152379
0
LINE
8
graphic border
10
25.755093
20
53.152379
11
23.550361
21
52.345573
0
LINE
8
graphic border
10
23.550361
20
52.345573
11
21.452657
21
51.335236
0
LINE
8
graphic border
10
21.452657
20
51.335236
11
19.474042
21
50.133423
0
LINE
8
graphic border
10
19.474042
20
50.133423
11
17.626576
21
48.752193
0
LINE
8
graphic border
10
17.626576
20
48.752193
11
15.922317
21
47.203602
0
LINE
8
graphic border
10
15.922317
20
47.203602
11
14.373326
21
45.499707
0
LINE
8
graphic border
10
14.373326
20
45.499707
11
12.991662
21
43.652565
0
LINE
8
graphic border
10
12.991662
20
43.652565
11
11.789386
21
41.674232
0
LINE
8
graphic border
10
11.789386
20
41.674232
11
10.778556
21
39.576766
0
LINE
8
graphic border
10
10.778556
20
39.576766
11
9.971232
21
37.372223
0
LINE
8
graphic border
10
9.971232
20
37.372223
11
9.379475
21
35.072661
0
LINE
8
graphic border
10
9.379475
20
35.072661
11
9.015343
21
32.690135
0
LINE
8
graphic border
10
9.015343
20
32.690135
11
8.890897
21
30.236704
0
LINE
8
graphic border
10
8.890897
20
30.236704
11
9.015343
21
27.783272
0
LINE
8
graphic border
10
9.015343
20
27.783272
11
9.379475
21
25.400747
0
LINE
8
graphic border
10
9.379475
20
25.400747
11
9.971232
21
23.101184
0
LINE
8
graphic border
10
9.971232
20
23.101184
11
10.778556
21
20.896641
0
LINE
8
graphic border
10
10.778556
20
20.896641
11
11.789386
21
18.799175
0
LINE
8
graphic border
10
11.789386
20
18.799175
11
12.991662
21
16.820843
0
LINE
8
graphic border
10
12.991662
20
16.820843
11
14.373326
21
14.973700
0
LINE
8
graphic border
10
14.373326
20
14.973700
11
15.922317
21
13.269805
0
LINE
8
graphic border
10
15.922317
20
13.269805
11
17.626576
21
11.721214
0
LINE
8
graphic border
10
17.626576
20
11.721214
11
19.474042
21
10.339984
0
LINE
8
graphic border
10
19.474042
20
10.339984
11
21.452657
21
9.138172
0
LINE
8
graphic border
10
21.452657
20
9.138172
11
23.550361
21
8.127834
0
LINE
8
graphic border
10
23.550361
20
8.127834
11
25.755093
21
7.321029
0
LINE
8
graphic border
10
25.755093
20
7.321029
11
28.054795
21
6.729811
0
LINE
8
graphic border
10
28.054795
20
6.729811
11
30.437405
21
6.366239
0
LINE
8
graphic border
10
30.437405
20
6.366239
11
32.890866
21
6.242369
0
LINE
8
graphic border
10
32.890866
20
6.242369
11
35.344327
21
6.366239
0
LINE
8
graphic border
10
35.344327
20
6.366239
11
37.726938
21
6.729811
0
LINE
8
graphic border
10
37.726938
20
6.729811
11
40.026639
21
7.321029
0
LINE
8
graphic border
10
40.026639
20
7.321029
11
42.231371
21
8.127834
0
LINE
8
graphic border
10
42.231371
20
8.127834
11
44.329075
21
9.138172
0
LINE
8
graphic border
10
44.329075
20
9.138172
11
46.307690
21
10.339984
0
LINE
8
graphic border
10
46.307690
20
10.339984
11
48.155156
21
11.721214
0
LINE
8
graphic border
10
48.155156
20
11.721214
11
49.859415
21
13.269805
0
LINE
8
graphic border
10
49.859415
20
13.269805
11
51.408406
21
14.973700
0
LINE
8
graphic border
10
51.408406
20
14.973700
11
52.790070
21
16.820843
0
LINE
8
graphic border
10
52.790070
20
16.820843
11
53.992347
21
18.799175
0
LINE
8
graphic border
10
53.992347
20
18.799175
11
55.003177
21
20.896641
0
LINE
8
graphic border
10
55.003177
20
20.896641
11
55.810500
21
23.101184
0
LINE
8
graphic border
10
55.810500
20
23.101184
11
56.402257
21
25.400747
0
LINE
8
graphic border
10
56.402257
20
25.400747
11
56.766389
21
27.783272
0
LINE
8
graphic border
10
56.766389
20
27.783272
11
56.890835
21
30.236704
0
LINE
8
graphic border
10
56.890835
20
30.236704
11
56.890835
21
30.236704
0
LINE
8
graphic border
10
24.890882
20
14.236629
11
15.032837
21
14.202233
0
LINE
8
graphic border
10
40.890850
20
14.236629
11
50.814776
21
14.244566
0
LINE
8
graphic border
10
40.890856
20
14.236708
11
40.614527
21
16.324622
0
LINE
8
graphic border
10
40.614527
20
16.324622
11
39.819963
21
18.237914
0
LINE
8
graphic border
10
39.819963
20
18.237914
11
38.561028
21
19.883241
0
LINE
8
graphic border
10
38.561028
20
19.883241
11
36.891586
21
21.167259
0
LINE
8
graphic border
10
36.891586
20
21.167259
11
34.945040
21
21.971437
0
LINE
8
graphic border
10
34.945040
20
21.971437
11
32.890734
21
22.239473
0
LINE
8
graphic border
10
32.890734
20
22.239473
11
30.836436
21
21.971369
0
LINE
8
graphic border
10
30.836436
20
21.971369
11
28.889918
21
21.167126
0
LINE
8
graphic border
10
28.889918
20
21.167126
11
27.220518
21
19.883053
0
LINE
8
graphic border
10
27.220518
20
19.883053
11
25.961637
21
18.237685
0
LINE
8
graphic border
10
25.961637
20
18.237685
11
25.167137
21
16.324366
0
LINE
8
graphic border
10
25.167137
20
16.324366
11
24.890877
21
14.236444
0
LINE
8
graphic border
10
17.504624
20
37.631066
11
16.405626
21
39.300584
0
LINE
8
graphic border
10
20.324497
20
39.258251
11
19.426899
21
41.046832
0
LINE
8
graphic border
10
23.314312
20
40.546770
11
22.630285
21
42.427956
0
LINE
8
graphic border
10
26.433639
20
41.480748
11
25.972392
21
43.428079
0
LINE
8
graphic border
10
29.640278
20
42.046956
11
29.408080
21
44.033974
0
LINE
8
graphic border
10
32.890866
20
42.237456
11
32.890866
21
44.237703
0
LINE
8
graphic border
10
36.141453
20
42.046956
11
36.373651
21
44.033974
0
LINE
8
graphic border
10
39.348093
20
41.480748
11
39.809341
21
43.428079
0
LINE
8
graphic border
10
42.467421
20
40.546770
11
43.151447
21
42.427956
0
LINE
8
graphic border
10
45.457235
20
39.258251
11
46.354833
21
41.046832
0
LINE
8
graphic border
10
48.277108
20
37.631066
11
49.376106
21
39.300584
0
LINE
8
graphic border
10
12.519092
20
37.980482
11
12.570850
21
38.388681
0
LINE
8
graphic border
10
12.570850
20
38.388681
11
12.726122
21
38.627938
0
LINE
8
graphic border
10
12.726122
20
38.627938
11
12.985885
21
38.711922
0
LINE
8
graphic border
10
12.985885
20
38.711922
11
13.188032
21
38.665046
0
LINE
8
graphic border
10
13.188032
20
38.665046
11
13.331585
21
38.531259
0
LINE
8
graphic border
10
13.331585
20
38.531259
11
13.420452
21
38.318370
0
LINE
8
graphic border
10
13.420452
20
38.318370
11
13.452678
21
37.980482
0
LINE
8
graphic border
10
13.452678
20
37.980482
11
13.400921
21
37.573260
0
LINE
8
graphic border
10
13.400921
20
37.573260
11
13.245649
21
37.334003
0
LINE
8
graphic border
10
13.245649
20
37.334003
11
12.985885
21
37.250019
0
LINE
8
graphic border
10
12.985885
20
37.250019
11
12.660693
21
37.398455
0
LINE
8
graphic border
10
12.660693
20
37.398455
11
12.519092
21
37.980482
0
LINE
8
graphic border
10
12.519092
20
37.980482
11
12.519092
21
37.980482
0
LINE
8
graphic border
10
12.699755
20
37.980482
11
12.781785
21
37.510760
0
LINE
8
graphic border
10
12.781785
20
37.510760
11
12.985885
21
37.394550
0
LINE
8
graphic border
10
12.985885
20
37.394550
11
13.189009
21
37.511736
0
LINE
8
graphic border
10
13.189009
20
37.511736
11
13.272016
21
37.980482
0
LINE
8
graphic border
10
13.272016
20
37.980482
11
13.189009
21
38.450204
0
LINE
8
graphic border
10
13.189009
20
38.450204
11
12.983932
21
38.566414
0
LINE
8
graphic border
10
12.983932
20
38.566414
11
12.790575
21
38.463875
0
LINE
8
graphic border
10
12.790575
20
38.463875
11
12.699755
21
37.980482
0
LINE
8
graphic border
10
12.699755
20
37.980482
11
12.699755
21
37.980482
0
LINE
8
graphic border
10
16.077219
20
39.596478
11
15.901439
21
39.596478
0
LINE
8
graphic border
10
15.901439
20
39.596478
11
15.901439
21
40.716585
0
LINE
8
graphic border
10
15.901439
20
40.716585
11
15.734448
21
40.595493
0
LINE
8
graphic border
10
15.734448
20
40.595493
11
15.549879
21
40.504673
0
LINE
8
graphic border
10
15.549879
20
40.504673
11
15.549879
21
40.674593
0
LINE
8
graphic border
10
15.549879
20
40.674593
11
15.807689
21
40.842561
0
LINE
8
graphic border
10
15.807689
20
40.842561
11
15.963938
21
41.033966
0
LINE
8
graphic border
10
15.963938
20
41.033966
11
16.077219
21
41.033966
0
LINE
8
graphic border
10
16.077219
20
41.033966
11
16.077219
21
39.596478
0
LINE
8
graphic border
10
19.300181
20
41.552601
11
19.300181
21
41.383657
0
LINE
8
graphic border
10
19.300181
20
41.383657
11
18.353900
21
41.383657
0
LINE
8
graphic border
10
18.353900
20
41.383657
11
18.374407
21
41.505728
0
LINE
8
graphic border
10
18.374407
20
41.505728
11
18.489641
21
41.696153
0
LINE
8
graphic border
10
18.489641
20
41.696153
11
18.720108
21
41.912950
0
LINE
8
graphic border
10
18.720108
20
41.912950
11
19.035535
21
42.215681
0
LINE
8
graphic border
10
19.035535
20
42.215681
11
19.117565
21
42.427593
0
LINE
8
graphic border
10
19.117565
20
42.427593
11
19.042371
21
42.603374
0
LINE
8
graphic border
10
19.042371
20
42.603374
11
18.848036
21
42.675637
0
LINE
8
graphic border
10
18.848036
20
42.675637
11
18.644913
21
42.599466
0
LINE
8
graphic border
10
18.644913
20
42.599466
11
18.567765
21
42.388533
0
LINE
8
graphic border
10
18.567765
20
42.388533
11
18.387103
21
42.407080
0
LINE
8
graphic border
10
18.387103
20
42.407080
11
18.526750
21
42.714695
0
LINE
8
graphic border
10
18.526750
20
42.714695
11
18.851943
21
42.821139
0
LINE
8
graphic border
10
18.851943
20
42.821139
11
19.178112
21
42.706882
0
LINE
8
graphic border
10
19.178112
20
42.706882
11
19.298228
21
42.423683
0
LINE
8
graphic border
10
19.298228
20
42.423683
11
19.263072
21
42.254738
0
LINE
8
graphic border
10
19.263072
20
42.254738
11
19.145885
21
42.079936
0
LINE
8
graphic border
10
19.145885
20
42.079936
11
18.875380
21
41.827984
0
LINE
8
graphic border
10
18.875380
20
41.827984
11
18.672257
21
41.647322
0
LINE
8
graphic border
10
18.672257
20
41.647322
11
18.598038
21
41.552596
0
LINE
8
graphic border
10
18.598038
20
41.552596
11
19.300181
21
41.552601
0
LINE
8
graphic border
10
21.886980
20
43.103409
11
22.062760
21
43.126852
0
LINE
8
graphic border
10
22.062760
20
43.126852
11
22.165298
21
42.911034
0
LINE
8
graphic border
10
22.165298
20
42.911034
11
22.343031
21
42.845605
0
LINE
8
graphic border
10
22.343031
20
42.845605
11
22.552013
21
42.931542
0
LINE
8
graphic border
10
22.552013
20
42.931542
11
22.637950
21
43.144430
0
LINE
8
graphic border
10
22.637950
20
43.144430
11
22.558849
21
43.343646
0
LINE
8
graphic border
10
22.558849
20
43.343646
11
22.357679
21
43.422748
0
LINE
8
graphic border
10
22.357679
20
43.422748
11
22.233656
21
43.403222
0
LINE
8
graphic border
10
22.233656
20
43.403222
11
22.253188
21
43.557516
0
LINE
8
graphic border
10
22.253188
20
43.557516
11
22.281508
21
43.555664
0
LINE
8
graphic border
10
22.281508
20
43.555664
11
22.483655
21
43.614258
0
LINE
8
graphic border
10
22.483655
20
43.614258
11
22.573498
21
43.794921
0
LINE
8
graphic border
10
22.573498
20
43.794921
11
22.508068
21
43.955076
0
LINE
8
graphic border
10
22.508068
20
43.955076
11
22.339124
21
44.018552
0
LINE
8
graphic border
10
22.339124
20
44.018552
11
22.168228
21
43.954099
0
LINE
8
graphic border
10
22.168228
20
43.954099
11
22.080338
21
43.760742
0
LINE
8
graphic border
10
22.080338
20
43.760742
11
21.904558
21
43.791992
0
LINE
8
graphic border
10
21.904558
20
43.791992
11
22.051041
21
44.065425
0
LINE
8
graphic border
10
22.051041
20
44.065425
11
22.335218
21
44.163080
0
LINE
8
graphic border
10
22.335218
20
44.163080
11
22.551037
21
44.112301
0
LINE
8
graphic border
10
22.551037
20
44.112301
11
22.701426
21
43.975584
0
LINE
8
graphic border
10
22.701426
20
43.975584
11
22.754160
21
43.791013
0
LINE
8
graphic border
10
22.754160
20
43.791013
11
22.704356
21
43.622072
0
LINE
8
graphic border
10
22.704356
20
43.622072
11
22.556896
21
43.500977
0
LINE
8
graphic border
10
22.556896
20
43.500977
11
22.754160
21
43.378909
0
LINE
8
graphic border
10
22.754160
20
43.378909
11
22.824472
21
43.148442
0
LINE
8
graphic border
10
22.824472
20
43.148442
11
22.687754
21
42.830085
0
LINE
8
graphic border
10
22.687754
20
42.830085
11
22.342054
21
42.700204
0
LINE
8
graphic border
10
22.342054
20
42.700204
11
22.028581
21
42.812506
0
LINE
8
graphic border
10
22.028581
20
42.812506
11
21.886980
21
43.103521
0
LINE
8
graphic border
10
21.886980
20
43.103521
11
21.886980
21
43.103409
0
LINE
8
graphic border
10
25.782245
20
43.783007
11
25.782245
21
44.125777
0
LINE
8
graphic border
10
25.782245
20
44.125777
11
25.161157
21
44.125777
0
LINE
8
graphic border
10
25.161157
20
44.125777
11
25.161157
21
44.286908
0
LINE
8
graphic border
10
25.161157
20
44.286908
11
25.814472
21
45.214636
0
LINE
8
graphic border
10
25.814472
20
45.214636
11
25.958025
21
45.214636
0
LINE
8
graphic border
10
25.958025
20
45.214636
11
25.958025
21
44.286908
0
LINE
8
graphic border
10
25.958025
20
44.286908
11
26.151383
21
44.286908
0
LINE
8
graphic border
10
26.151383
20
44.286908
11
26.151383
21
44.125777
0
LINE
8
graphic border
10
26.151383
20
44.125777
11
25.958025
21
44.125777
0
LINE
8
graphic border
10
25.958025
20
44.125777
11
25.958025
21
43.783007
0
LINE
8
graphic border
10
25.958025
20
43.783007
11
25.782245
21
43.783007
0
LINE
8
graphic border
10
25.782245
20
44.286908
11
25.782245
21
44.932411
0
LINE
8
graphic border
10
25.782245
20
44.932411
11
25.334007
21
44.286908
0
LINE
8
graphic border
10
25.334007
20
44.286908
11
25.782245
21
44.286908
0
LINE
8
graphic border
10
28.872003
20
44.798921
11
29.056571
21
44.814531
0
LINE
8
graphic border
10
29.056571
20
44.814531
11
29.151297
21
44.611408
0
LINE
8
graphic border
10
29.151297
20
44.611408
11
29.331960
21
44.544027
0
LINE
8
graphic border
10
29.331960
20
44.544027
11
29.546801
21
44.639729
0
LINE
8
graphic border
10
29.546801
20
44.639729
11
29.634690
21
44.893634
0
LINE
8
graphic border
10
29.634690
20
44.893634
11
29.549730
21
45.130935
0
LINE
8
graphic border
10
29.549730
20
45.130935
11
29.329028
21
45.217848
0
LINE
8
graphic border
10
29.329028
20
45.217848
11
29.175710
21
45.178785
0
LINE
8
graphic border
10
29.175710
20
45.178785
11
29.068290
21
45.079178
0
LINE
8
graphic border
10
29.068290
20
45.079178
11
28.903251
21
45.100662
0
LINE
8
graphic border
10
28.903251
20
45.100662
11
29.041921
21
45.836007
0
LINE
8
graphic border
10
29.041921
20
45.836007
11
29.753829
21
45.836007
0
LINE
8
graphic border
10
29.753829
20
45.836007
11
29.753829
21
45.668039
0
LINE
8
graphic border
10
29.753829
20
45.668039
11
29.182547
21
45.668039
0
LINE
8
graphic border
10
29.182547
20
45.668039
11
29.105397
21
45.283277
0
LINE
8
graphic border
10
29.105397
20
45.283277
11
29.375904
21
45.373122
0
LINE
8
graphic border
10
29.375904
20
45.373122
11
29.692309
21
45.243238
0
LINE
8
graphic border
10
29.692309
20
45.243238
11
29.821213
21
44.909257
0
LINE
8
graphic border
10
29.821213
20
44.909257
11
29.707932
21
44.573321
0
LINE
8
graphic border
10
29.707932
20
44.573321
11
29.331960
21
44.399496
0
LINE
8
graphic border
10
29.331960
20
44.399496
11
29.012627
21
44.508869
0
LINE
8
graphic border
10
29.012627
20
44.508869
11
28.872003
21
44.798908
0
LINE
8
graphic border
10
28.872003
20
44.798908
11
28.872003
21
44.798921
0
LINE
8
graphic border
10
36.382456
20
45.571919
11
36.382456
21
45.740863
0
LINE
8
graphic border
10
36.382456
20
45.740863
11
37.309206
21
45.740863
0
LINE
8
graphic border
10
37.309206
20
45.740863
11
37.309206
21
45.604145
0
LINE
8
graphic border
10
37.309206
20
45.604145
11
37.037725
21
45.217430
0
LINE
8
graphic border
10
37.037725
20
45.217430
11
36.830694
21
44.721340
0
LINE
8
graphic border
10
36.830694
20
44.721340
11
36.763313
21
44.327788
0
LINE
8
graphic border
10
36.763313
20
44.327788
11
36.582651
21
44.327788
0
LINE
8
graphic border
10
36.582651
20
44.327788
11
36.649056
21
44.735990
0
LINE
8
graphic border
10
36.649056
20
44.735990
11
36.830694
21
45.196922
0
LINE
8
graphic border
10
36.830694
20
45.196922
11
37.083623
21
45.571919
0
LINE
8
graphic border
10
37.083623
20
45.571919
11
36.382456
21
45.571919
0
LINE
8
graphic border
10
40.134243
20
44.623463
11
39.972133
21
44.737720
0
LINE
8
graphic border
10
39.972133
20
44.737720
11
39.919399
21
44.915451
0
LINE
8
graphic border
10
39.919399
20
44.915451
11
40.031704
21
45.178145
0
LINE
8
graphic border
10
40.031704
20
45.178145
11
40.330530
21
45.284589
0
LINE
8
graphic border
10
40.330530
20
45.284589
11
40.632284
21
45.175216
0
LINE
8
graphic border
10
40.632284
20
45.175216
11
40.746541
21
44.910570
0
LINE
8
graphic border
10
40.746541
20
44.910570
11
40.693807
21
44.736744
0
LINE
8
graphic border
10
40.693807
20
44.736744
11
40.535605
21
44.623463
0
LINE
8
graphic border
10
40.535605
20
44.623463
11
40.735799
21
44.484792
0
LINE
8
graphic border
10
40.735799
20
44.484792
11
40.805136
21
44.256277
0
LINE
8
graphic border
10
40.805136
20
44.256277
11
40.675255
21
43.947686
0
LINE
8
graphic border
10
40.675255
20
43.947686
11
40.333458
21
43.822689
0
LINE
8
graphic border
10
40.333458
20
43.822689
11
39.991665
21
43.947686
0
LINE
8
graphic border
10
39.991665
20
43.947686
11
39.861784
21
44.261161
0
LINE
8
graphic border
10
39.861784
20
44.261161
11
39.932097
21
44.494558
0
LINE
8
graphic border
10
39.932097
20
44.494558
11
40.134243
21
44.623463
0
LINE
8
graphic border
10
40.134243
20
44.623463
11
40.134243
21
44.623463
0
LINE
8
graphic border
10
40.099086
20
44.921312
11
40.164517
21
44.755296
0
LINE
8
graphic border
10
40.164517
20
44.755296
11
40.334435
21
44.690844
0
LINE
8
graphic border
10
40.334435
20
44.690844
11
40.500450
21
44.754320
0
LINE
8
graphic border
10
40.500450
20
44.754320
11
40.565879
21
44.911546
0
LINE
8
graphic border
10
40.565879
20
44.911546
11
40.498497
21
45.073653
0
LINE
8
graphic border
10
40.498497
20
45.073653
11
40.332482
21
45.140058
0
LINE
8
graphic border
10
40.332482
20
45.140058
11
40.165493
21
45.075606
0
LINE
8
graphic border
10
40.165493
20
45.075606
11
40.099086
21
44.921312
0
LINE
8
graphic border
10
40.099086
20
44.921312
11
40.099086
21
44.921312
0
LINE
8
graphic border
10
40.042446
20
44.260185
11
40.077601
21
44.114677
0
LINE
8
graphic border
10
40.077601
20
44.114677
11
40.184046
21
44.005304
0
LINE
8
graphic border
10
40.184046
20
44.005304
11
40.335414
21
43.967217
0
LINE
8
graphic border
10
40.335414
20
43.967217
11
40.543418
21
44.048272
0
LINE
8
graphic border
10
40.543418
20
44.048272
11
40.625450
21
44.254324
0
LINE
8
graphic border
10
40.625450
20
44.254324
11
40.540489
21
44.464284
0
LINE
8
graphic border
10
40.540489
20
44.464284
11
40.329553
21
44.547292
0
LINE
8
graphic border
10
40.329553
20
44.547292
11
40.123501
21
44.465261
0
LINE
8
graphic border
10
40.123501
20
44.465261
11
40.042446
21
44.260185
0
LINE
8
graphic border
10
40.042446
20
44.260185
11
40.042446
21
44.260185
0
LINE
8
graphic border
10
43.319008
20
43.184724
11
43.487952
21
43.200361
0
LINE
8
graphic border
10
43.487952
20
43.200361
11
43.569983
21
43.027509
0
LINE
8
graphic border
10
43.569983
20
43.027509
11
43.725254
21
42.973798
0
LINE
8
graphic border
10
43.725254
20
42.973798
11
43.866856
21
43.010909
0
LINE
8
graphic border
10
43.866856
20
43.010909
11
43.967440
21
43.109540
0
LINE
8
graphic border
10
43.967440
20
43.109540
11
44.032869
21
43.277508
0
LINE
8
graphic border
10
44.032869
20
43.277508
11
44.059248
21
43.492349
0
LINE
8
graphic border
10
44.059248
20
43.492349
11
44.058189
21
43.527504
0
LINE
8
graphic border
10
44.058189
20
43.527504
11
43.913658
21
43.390786
0
LINE
8
graphic border
10
43.913658
20
43.390786
11
43.716396
21
43.339031
0
LINE
8
graphic border
10
43.716396
20
43.339031
11
43.415615
21
43.467936
0
LINE
8
graphic border
10
43.415615
20
43.467936
11
43.292571
21
43.807777
0
LINE
8
graphic border
10
43.292571
20
43.807777
11
43.420499
21
44.158360
0
LINE
8
graphic border
10
43.420499
20
44.158360
11
43.742761
21
44.291170
0
LINE
8
graphic border
10
43.742761
20
44.291170
11
43.997642
21
44.215976
0
LINE
8
graphic border
10
43.997642
20
44.215976
11
44.173423
21
44.001134
0
LINE
8
graphic border
10
44.173423
20
44.001134
11
44.233968
21
43.598794
0
LINE
8
graphic border
10
44.233968
20
43.598794
11
44.174399
21
43.161298
0
LINE
8
graphic border
10
44.174399
20
43.161298
11
43.996666
21
42.914230
0
LINE
8
graphic border
10
43.996666
20
42.914230
11
43.721277
21
42.829270
0
LINE
8
graphic border
10
43.721277
20
42.829270
11
43.446865
21
42.922040
0
LINE
8
graphic border
10
43.446865
20
42.922040
11
43.318936
21
43.184734
0
LINE
8
graphic border
10
43.318936
20
43.184734
11
43.319008
21
43.184724
0
LINE
8
graphic border
10
44.038729
20
43.816553
11
43.957674
21
44.056787
0
LINE
8
graphic border
10
43.957674
20
44.056787
11
43.764317
21
44.145652
0
LINE
8
graphic border
10
43.764317
20
44.145652
11
43.560218
21
44.049950
0
LINE
8
graphic border
10
43.560218
20
44.049950
11
43.473305
21
43.801906
0
LINE
8
graphic border
10
43.473305
20
43.801906
11
43.555336
21
43.579251
0
LINE
8
graphic border
10
43.555336
20
43.579251
11
43.759435
21
43.494291
0
LINE
8
graphic border
10
43.759435
20
43.494291
11
43.959629
21
43.579251
0
LINE
8
graphic border
10
43.959629
20
43.579251
11
44.038729
21
43.816553
0
LINE
8
graphic border
10
44.038729
20
43.816553
11
44.038729
21
43.816553
0
LINE
8
graphic border
10
46.646599
20
41.539785
11
46.470821
21
41.539785
0
LINE
8
graphic border
10
46.470821
20
41.539785
11
46.470821
21
42.659892
0
LINE
8
graphic border
10
46.470821
20
42.659892
11
46.303829
21
42.538800
0
LINE
8
graphic border
10
46.303829
20
42.538800
11
46.119259
21
42.447979
0
LINE
8
graphic border
10
46.119259
20
42.447979
11
46.119259
21
42.617900
0
LINE
8
graphic border
10
46.119259
20
42.617900
11
46.377071
21
42.785868
0
LINE
8
graphic border
10
46.377071
20
42.785868
11
46.533318
21
42.977272
0
LINE
8
graphic border
10
46.533318
20
42.977272
11
46.646599
21
42.977272
0
LINE
8
graphic border
10
46.646599
20
42.977272
11
46.646599
21
41.539785
0
LINE
8
graphic border
10
47.096790
20
42.245832
11
47.148548
21
42.654034
0
LINE
8
graphic border
10
47.148548
20
42.654034
11
47.303821
21
42.893288
0
LINE
8
graphic border
10
47.303821
20
42.893288
11
47.563583
21
42.977272
0
LINE
8
graphic border
10
47.563583
20
42.977272
11
47.765730
21
42.930399
0
LINE
8
graphic border
10
47.765730
20
42.930399
11
47.909285
21
42.796610
0
LINE
8
graphic border
10
47.909285
20
42.796610
11
47.998150
21
42.583721
0
LINE
8
graphic border
10
47.998150
20
42.583721
11
48.030376
21
42.245832
0
LINE
8
graphic border
10
48.030376
20
42.245832
11
47.978619
21
41.838610
0
LINE
8
graphic border
10
47.978619
20
41.838610
11
47.823348
21
41.599353
0
LINE
8
graphic border
10
47.823348
20
41.599353
11
47.563583
21
41.515372
0
LINE
8
graphic border
10
47.563583
20
41.515372
11
47.238392
21
41.663805
0
LINE
8
graphic border
10
47.238392
20
41.663805
11
47.096790
21
42.245832
0
LINE
8
graphic border
10
47.096790
20
42.245832
11
47.096790
21
42.245832
0
LINE
8
graphic border
10
47.277453
20
42.245832
11
47.359484
21
41.776110
0
LINE
8
graphic border
10
47.359484
20
41.776110
11
47.563583
21
41.659900
0
LINE
8
graphic border
10
47.563583
20
41.659900
11
47.766706
21
41.777087
0
LINE
8
graphic border
10
47.766706
20
41.777087
11
47.849714
21
42.245832
0
LINE
8
graphic border
10
47.849714
20
42.245832
11
47.766706
21
42.715555
0
LINE
8
graphic border
10
47.766706
20
42.715555
11
47.561631
21
42.831765
0
LINE
8
graphic border
10
47.561631
20
42.831765
11
47.368273
21
42.729228
0
LINE
8
graphic border
10
47.368273
20
42.729228
11
47.277453
21
42.245832
0
LINE
8
graphic border
10
47.277453
20
42.245832
11
47.277453
21
42.245832
0
LINE
8
graphic border
10
50.011418
20
39.649091
11
49.835637
21
39.649091
0
LINE
8
graphic border
10
49.835637
20
39.649091
11
49.835637
21
40.769200
0
LINE
8
graphic border
10
49.835637
20
40.769200
11
49.668648
21
40.648106
0
LINE
8
graphic border
10
49.668648
20
40.648106
11
49.484077
21
40.557288
0
LINE
8
graphic border
10
49.484077
20
40.557288
11
49.484077
21
40.727208
0
LINE
8
graphic border
10
49.484077
20
40.727208
11
49.741890
21
40.895173
0
LINE
8
graphic border
10
49.741890
20
40.895173
11
49.898137
21
41.086578
0
LINE
8
graphic border
10
49.898137
20
41.086578
11
50.011418
21
41.086578
0
LINE
8
graphic border
10
50.011418
20
41.086578
11
50.011418
21
39.649091
0
LINE
8
graphic border
10
50.975275
20
39.649091
11
50.799497
21
39.649091
0
LINE
8
graphic border
10
50.799497
20
39.649091
11
50.799497
21
40.769200
0
LINE
8
graphic border
10
50.799497
20
40.769200
11
50.632505
21
40.648106
0
LINE
8
graphic border
10
50.632505
20
40.648106
11
50.447937
21
40.557288
0
LINE
8
graphic border
10
50.447937
20
40.557288
11
50.447937
21
40.727208
0
LINE
8
graphic border
10
50.447937
20
40.727208
11
50.705747
21
40.895173
0
LINE
8
graphic border
10
50.705747
20
40.895173
11
50.861997
21
41.086578
0
LINE
8
graphic border
10
50.861997
20
41.086578
11
50.975275
21
41.086578
0
LINE
8
graphic border
10
50.975275
20
41.086578
11
50.975275
21
39.649091
0
LINE
8
graphic border
10
53.023727
20
37.469964
11
52.847946
21
37.469964
0
LINE
8
graphic border
10
52.847946
20
37.469964
11
52.847946
21
38.590071
0
LINE
8
graphic border
10
52.847946
20
38.590071
11
52.680954
21
38.468979
0
LINE
8
graphic border
10
52.680954
20
38.468979
11
52.496387
21
38.378158
0
LINE
8
graphic border
10
52.496387
20
38.378158
11
52.496387
21
38.548079
0
LINE
8
graphic border
10
52.496387
20
38.548079
11
52.754196
21
38.716047
0
LINE
8
graphic border
10
52.754196
20
38.716047
11
52.910446
21
38.907451
0
LINE
8
graphic border
10
52.910446
20
38.907451
11
53.023727
21
38.907451
0
LINE
8
graphic border
10
53.023727
20
38.907451
11
53.023727
21
37.469964
0
LINE
8
graphic border
10
54.397738
20
37.638908
11
54.397738
21
37.469964
0
LINE
8
graphic border
10
54.397738
20
37.469964
11
53.451457
21
37.469964
0
LINE
8
graphic border
10
53.451457
20
37.469964
11
53.471962
21
37.592032
0
LINE
8
graphic border
10
53.471962
20
37.592032
11
53.587194
21
37.782460
0
LINE
8
graphic border
10
53.587194
20
37.782460
11
53.817661
21
37.999257
0
LINE
8
graphic border
10
53.817661
20
37.999257
11
54.133089
21
38.301987
0
LINE
8
graphic border
10
54.133089
20
38.301987
11
54.215120
21
38.513900
0
LINE
8
graphic border
10
54.215120
20
38.513900
11
54.139923
21
38.689681
0
LINE
8
graphic border
10
54.139923
20
38.689681
11
53.945590
21
38.761944
0
LINE
8
graphic border
10
53.945590
20
38.761944
11
53.742467
21
38.685773
0
LINE
8
graphic border
10
53.742467
20
38.685773
11
53.665320
21
38.474837
0
LINE
8
graphic border
10
53.665320
20
38.474837
11
53.484657
21
38.493384
0
LINE
8
graphic border
10
53.484657
20
38.493384
11
53.624304
21
38.800999
0
LINE
8
graphic border
10
53.624304
20
38.800999
11
53.949498
21
38.907443
0
LINE
8
graphic border
10
53.949498
20
38.907443
11
54.275665
21
38.793186
0
LINE
8
graphic border
10
54.275665
20
38.793186
11
54.395780
21
38.509987
0
LINE
8
graphic border
10
54.395780
20
38.509987
11
54.360625
21
38.341042
0
LINE
8
graphic border
10
54.360625
20
38.341042
11
54.243439
21
38.166238
0
LINE
8
graphic border
10
54.243439
20
38.166238
11
53.972934
21
37.914289
0
LINE
8
graphic border
10
53.972934
20
37.914289
11
53.769811
21
37.733626
0
LINE
8
graphic border
10
53.769811
20
37.733626
11
53.695593
21
37.638900
0
LINE
8
graphic border
10
53.695593
20
37.638900
11
54.397738
21
37.638908
0
LINE
8
graphic border
10
33.493543
20
45.731150
11
33.318741
21
45.717471
0
LINE
8
graphic border
10
33.318741
20
45.717471
11
33.252336
21
45.867860
0
LINE
8
graphic border
10
33.252336
20
45.867860
11
33.076555
21
45.943054
0
LINE
8
graphic border
10
33.076555
20
45.943054
11
32.929095
21
45.896178
0
LINE
8
graphic border
10
32.929095
20
45.896178
11
32.798238
21
45.719424
0
LINE
8
graphic border
10
32.798238
20
45.719424
11
32.748433
21
45.388372
0
LINE
8
graphic border
10
32.748433
20
45.388372
11
32.903706
21
45.531924
0
LINE
8
graphic border
10
32.903706
20
45.531924
11
33.096087
21
45.578800
0
LINE
8
graphic border
10
33.096087
20
45.578800
11
33.394912
21
45.448917
0
LINE
8
graphic border
10
33.394912
20
45.448917
11
33.518935
21
45.114936
0
LINE
8
graphic border
10
33.518935
20
45.114936
11
33.460341
21
44.863961
0
LINE
8
graphic border
10
33.460341
20
44.863961
11
33.301163
21
44.687206
0
LINE
8
graphic border
10
33.301163
20
44.687206
11
33.070697
21
44.625682
0
LINE
8
graphic border
10
33.070697
20
44.625682
11
32.712301
21
44.786814
0
LINE
8
graphic border
10
32.712301
20
44.786814
11
32.573631
21
45.320012
0
LINE
8
graphic border
10
32.573631
20
45.320012
11
32.726949
21
45.923523
0
LINE
8
graphic border
10
32.726949
20
45.923523
11
33.087297
21
46.087583
0
LINE
8
graphic border
10
33.087297
20
46.087583
11
33.363662
21
45.992857
0
LINE
8
graphic border
10
33.363662
20
45.992857
11
33.493543
21
45.731142
0
LINE
8
graphic border
10
33.493543
20
45.731142
11
33.493543
21
45.731150
0
LINE
8
graphic border
10
32.775777
20
45.113968
11
32.813861
21
44.940142
0
LINE
8
graphic border
10
32.813861
20
44.940142
11
32.922261
21
44.813190
0
LINE
8
graphic border
10
32.922261
20
44.813190
11
33.067766
21
44.770222
0
LINE
8
graphic border
10
33.067766
20
44.770222
11
33.259171
21
44.860063
0
LINE
8
graphic border
10
33.259171
20
44.860063
11
33.339249
21
45.104202
0
LINE
8
graphic border
10
33.339249
20
45.104202
11
33.260147
21
45.337599
0
LINE
8
graphic border
10
33.260147
20
45.337599
11
33.060932
21
45.423535
0
LINE
8
graphic border
10
33.060932
20
45.423535
11
32.858785
21
45.337599
0
LINE
8
graphic border
10
32.858785
20
45.337599
11
32.775777
21
45.113968
0
LINE
8
graphic border
10
32.775777
20
45.113968
11
32.775777
21
45.113968
0
LINE
8
graphic border
10
50.888886
20
35.686381
11
52.174468
21
37.218316
0
LINE
8
graphic border
10
14.892846
20
35.686381
11
13.607264
21
37.218316
0
LINE
8
graphic border
10
14.892846
20
35.686381
11
16.178402
21
34.154445
0
LINE
8
graphic border
10
50.888886
20
35.686381
11
49.603330
21
34.154445
0
LINE
8
graphic border
10
20.324497
20
39.258251
11
21.222095
21
37.472316
0
LINE
8
graphic border
10
17.504624
20
37.631066
11
18.603649
21
35.958901
0
LINE
8
graphic border
10
23.314312
20
40.546770
11
23.998364
21
38.668231
0
LINE
8
graphic border
10
26.433639
20
41.480748
11
26.894859
21
39.536063
0
LINE
8
graphic border
10
29.640278
20
42.046956
11
29.872450
21
40.059938
0
LINE
8
graphic border
10
36.141453
20
42.046956
11
35.909281
21
40.059938
0
LINE
8
graphic border
10
39.348093
20
41.480748
11
38.886872
21
39.536063
0
LINE
8
graphic border
10
42.467421
20
40.546770
11
41.783368
21
38.668231
0
LINE
8
graphic border
10
45.457235
20
39.258251
11
44.559637
21
37.472316
0
LINE
8
graphic border
10
48.277108
20
37.631066
11
47.178083
21
35.958901
0
LINE
8
graphic border
10
32.890866
20
42.237456
11
32.890866
21
40.237208
0
LINE
8
graphic border
10
50.888897
20
35.685939
11
48.883624
21
37.221270
0
LINE
8
graphic border
10
48.883624
20
37.221270
11
46.780559
21
38.551891
0
LINE
8
graphic border
10
46.780559
20
38.551891
11
44.593672
21
39.677800
0
LINE
8
graphic border
10
44.593672
20
39.677800
11
42.336933
21
40.598999
0
LINE
8
graphic border
10
42.336933
20
40.598999
11
40.024313
21
41.315487
0
LINE
8
graphic border
10
40.024313
20
41.315487
11
37.669781
21
41.827264
0
LINE
8
graphic border
10
37.669781
20
41.827264
11
35.287309
21
42.134330
0
LINE
8
graphic border
10
35.287309
20
42.134330
11
32.890866
21
42.236685
0
LINE
8
graphic border
10
32.890866
20
42.236685
11
30.494423
21
42.134329
0
LINE
8
graphic border
10
30.494423
20
42.134329
11
28.111951
21
41.827263
0
LINE
8
graphic border
10
28.111951
20
41.827263
11
25.757419
21
41.315485
0
LINE
8
graphic border
10
25.757419
20
41.315485
11
23.444799
21
40.598997
0
LINE
8
graphic border
10
23.444799
20
40.598997
11
21.188060
21
39.677798
0
LINE
8
graphic border
10
21.188060
20
39.677798
11
19.001173
21
38.551888
0
LINE
8
graphic border
10
19.001173
20
38.551888
11
16.898108
21
37.221268
0
LINE
8
graphic border
10
16.898108
20
37.221268
11
14.892836
21
35.685936
0
LINE
8
graphic border
10
16.178402
20
34.154445
11
21.320705
21
28.026695
0
LINE
8
graphic border
10
20.456286
20
37.070150
11
24.282315
21
30.045463
0
LINE
8
graphic border
10
25.227247
20
39.080981
11
27.585289
21
31.437170
0
LINE
8
graphic border
10
35.479625
20
40.107563
11
34.683082
21
32.146252
0
LINE
8
graphic border
10
31.098644
20
32.146252
11
30.302104
21
40.107563
0
LINE
8
graphic border
10
40.554486
20
39.080981
11
38.196443
21
31.437170
0
LINE
8
graphic border
10
45.325447
20
37.070150
11
41.499418
21
30.045463
0
LINE
8
graphic border
10
49.603330
20
34.154445
11
44.461027
21
28.026695
0
LINE
8
graphic border
10
44.606680
20
31.327886
11
44.642564
21
31.410101
0
LINE
8
graphic border
10
44.642564
20
31.410101
11
44.734204
21
31.393563
0
LINE
8
graphic border
10
44.734204
20
31.393563
11
44.817661
21
31.430410
0
LINE
8
graphic border
10
44.817661
20
31.430410
11
44.888659
21
31.516859
0
LINE
8
graphic border
10
44.888659
20
31.516859
11
44.920284
21
31.608625
0
LINE
8
graphic border
10
44.920284
20
31.608625
11
44.911112
21
31.683684
0
LINE
8
graphic border
10
44.911112
20
31.683684
11
44.866883
21
31.731118
0
LINE
8
graphic border
10
44.866883
20
31.731118
11
44.806078
21
31.741997
0
LINE
8
graphic border
10
44.806078
20
31.741997
11
44.737939
21
31.705704
0
LINE
8
graphic border
10
44.737939
20
31.705704
11
44.646531
21
31.610351
0
LINE
8
graphic border
10
44.646531
20
31.610351
11
44.540981
21
31.510467
0
LINE
8
graphic border
10
44.540981
20
31.510467
11
44.445985
21
31.474896
0
LINE
8
graphic border
10
44.445985
20
31.474896
11
44.355595
21
31.495770
0
LINE
8
graphic border
10
44.355595
20
31.495770
11
44.281532
21
31.571135
0
LINE
8
graphic border
10
44.281532
20
31.571135
11
44.261461
21
31.684380
0
LINE
8
graphic border
10
44.261461
20
31.684380
11
44.302839
21
31.811425
0
LINE
8
graphic border
10
44.302839
20
31.811425
11
44.392593
21
31.922137
0
LINE
8
graphic border
10
44.392593
20
31.922137
11
44.503481
21
31.968512
0
LINE
8
graphic border
10
44.503481
20
31.968512
11
44.619369
21
31.945443
0
LINE
8
graphic border
10
44.619369
20
31.945443
11
44.581922
21
31.862405
0
LINE
8
graphic border
10
44.581922
20
31.862405
11
44.468036
21
31.867707
0
LINE
8
graphic border
10
44.468036
20
31.867707
11
44.378032
21
31.774927
0
LINE
8
graphic border
10
44.378032
20
31.774927
11
44.345885
21
31.649525
0
LINE
8
graphic border
10
44.345885
20
31.649525
11
44.393676
21
31.579016
0
LINE
8
graphic border
10
44.393676
20
31.579016
11
44.462741
21
31.573099
0
LINE
8
graphic border
10
44.462741
20
31.573099
11
44.575971
21
31.673808
0
LINE
8
graphic border
10
44.575971
20
31.673808
11
44.691760
21
31.791471
0
LINE
8
graphic border
10
44.691760
20
31.791471
11
44.800233
21
31.837495
0
LINE
8
graphic border
10
44.800233
20
31.837495
11
44.903684
21
31.815079
0
LINE
8
graphic border
10
44.903684
20
31.815079
11
44.982816
21
31.734728
0
LINE
8
graphic border
10
44.982816
20
31.734728
11
45.006790
21
31.614353
0
LINE
8
graphic border
10
45.006790
20
31.614353
11
44.965375
21
31.480098
0
LINE
8
graphic border
10
44.965375
20
31.480098
11
44.862495
21
31.350401
0
LINE
8
graphic border
10
44.862495
20
31.350401
11
44.738590
21
31.300549
0
LINE
8
graphic border
10
44.738590
20
31.300549
11
44.606685
21
31.327895
0
LINE
8
graphic border
10
44.606685
20
31.327895
11
44.606680
21
31.327886
0
LINE
8
graphic border
10
45.300306
20
32.120661
11
45.233402
21
32.157095
0
LINE
8
graphic border
10
45.233402
20
32.157095
11
45.231890
21
31.970525
0
LINE
8
graphic border
10
45.231890
20
31.970525
11
45.175356
21
31.903446
0
LINE
8
graphic border
10
45.175356
20
31.903446
11
45.108496
21
31.872573
0
LINE
8
graphic border
10
45.108496
20
31.872573
11
45.038184
21
31.880281
0
LINE
8
graphic border
10
45.038184
20
31.880281
11
44.963564
21
31.914801
0
LINE
8
graphic border
10
44.963564
20
31.914801
11
44.681366
21
32.068478
0
LINE
8
graphic border
10
44.681366
20
32.068478
11
44.723406
21
32.145676
0
LINE
8
graphic border
10
44.723406
20
32.145676
11
44.976012
21
32.008114
0
LINE
8
graphic border
10
44.976012
20
32.008114
11
45.060066
21
31.968456
0
LINE
8
graphic border
10
45.060066
20
31.968456
11
45.124916
21
31.973177
0
LINE
8
graphic border
10
45.124916
20
31.973177
11
45.173827
21
32.022166
0
LINE
8
graphic border
10
45.173827
20
32.022166
11
45.191738
21
32.096935
0
LINE
8
graphic border
10
45.191738
20
32.096935
11
45.166631
21
32.166213
0
LINE
8
graphic border
10
45.166631
20
32.166213
11
45.084435
21
32.227665
0
LINE
8
graphic border
10
45.084435
20
32.227665
11
44.840407
21
32.360555
0
LINE
8
graphic border
10
44.840407
20
32.360555
11
44.882446
21
32.437751
0
LINE
8
graphic border
10
44.882446
20
32.437751
11
45.337910
21
32.189719
0
LINE
8
graphic border
10
45.337910
20
32.189719
11
45.300306
21
32.120661
0
LINE
8
graphic border
10
45.403769
20
32.310651
11
44.948305
21
32.558683
0
LINE
8
graphic border
10
44.948305
20
32.558683
11
44.986141
21
32.628162
0
LINE
8
graphic border
10
44.986141
20
32.628162
11
45.050901
21
32.592896
0
LINE
8
graphic border
10
45.050901
20
32.592896
11
45.054787
21
32.778725
0
LINE
8
graphic border
10
45.054787
20
32.778725
11
45.110903
21
32.846033
0
LINE
8
graphic border
10
45.110903
20
32.846033
11
45.177761
21
32.876908
0
LINE
8
graphic border
10
45.177761
20
32.876908
11
45.247880
21
32.869862
0
LINE
8
graphic border
10
45.247880
20
32.869862
11
45.325262
21
32.833266
0
LINE
8
graphic border
10
45.325262
20
32.833266
11
45.605317
21
32.680756
0
LINE
8
graphic border
10
45.605317
20
32.680756
11
45.563279
21
32.603560
0
LINE
8
graphic border
10
45.563279
20
32.603560
11
45.286226
21
32.754435
0
LINE
8
graphic border
10
45.286226
20
32.754435
11
45.210982
21
32.783722
0
LINE
8
graphic border
10
45.210982
20
32.783722
11
45.156152
21
32.771875
0
LINE
8
graphic border
10
45.156152
20
32.771875
11
45.112808
21
32.725973
0
LINE
8
graphic border
10
45.112808
20
32.725973
11
45.097639
21
32.623576
0
LINE
8
graphic border
10
45.097639
20
32.623576
11
45.197053
21
32.523287
0
LINE
8
graphic border
10
45.197053
20
32.523287
11
45.445800
21
32.387826
0
LINE
8
graphic border
10
45.445800
20
32.387826
11
45.403769
21
32.310651
0
LINE
8
graphic border
10
45.830702
20
33.094632
11
45.773231
21
33.125928
0
LINE
8
graphic border
10
45.773231
20
33.125928
11
45.771628
21
32.961651
0
LINE
8
graphic border
10
45.771628
20
32.961651
11
45.686956
21
32.877644
0
LINE
8
graphic border
10
45.686956
20
32.877644
11
45.564790
21
32.852423
0
LINE
8
graphic border
10
45.564790
20
32.852423
11
45.427299
21
32.895045
0
LINE
8
graphic border
10
45.427299
20
32.895045
11
45.316160
21
32.985032
0
LINE
8
graphic border
10
45.316160
20
32.985032
11
45.267951
21
33.099700
0
LINE
8
graphic border
10
45.267951
20
33.099700
11
45.293708
21
33.217459
0
LINE
8
graphic border
10
45.293708
20
33.217459
11
45.351235
21
33.281216
0
LINE
8
graphic border
10
45.351235
20
33.281216
11
45.424758
21
33.309017
0
LINE
8
graphic border
10
45.424758
20
33.309017
11
45.199171
21
33.431866
0
LINE
8
graphic border
10
45.199171
20
33.431866
11
45.240977
21
33.508634
0
LINE
8
graphic border
10
45.240977
20
33.508634
11
45.869707
21
33.166246
0
LINE
8
graphic border
10
45.869707
20
33.166246
11
45.830702
21
33.094632
0
LINE
8
graphic border
10
45.470506
20
32.974385
11
45.621398
21
32.940035
0
LINE
8
graphic border
10
45.621398
20
32.940035
11
45.712126
21
33.003507
0
LINE
8
graphic border
10
45.712126
20
33.003507
11
45.717664
21
33.111703
0
LINE
8
graphic border
10
45.717664
20
33.111703
11
45.610531
21
33.216196
0
LINE
8
graphic border
10
45.610531
20
33.216196
11
45.453673
21
33.254910
0
LINE
8
graphic border
10
45.453673
20
33.254910
11
45.361584
21
33.189956
0
LINE
8
graphic border
10
45.361584
20
33.189956
11
45.356669
21
33.080863
0
LINE
8
graphic border
10
45.356669
20
33.080863
11
45.470506
21
32.974385
0
LINE
8
graphic border
10
45.470506
20
32.974385
11
45.470506
21
32.974385
0
LINE
8
graphic border
10
46.041468
20
33.615430
11
46.047857
21
33.504632
0
LINE
8
graphic border
10
46.047857
20
33.504632
11
46.016624
21
33.411540
0
LINE
8
graphic border
10
46.016624
20
33.411540
11
45.917345
21
33.316023
0
LINE
8
graphic border
10
45.917345
20
33.316023
11
45.801468
21
33.326859
0
LINE
8
graphic border
10
45.801468
20
33.326859
11
45.748743
21
33.375034
0
LINE
8
graphic border
10
45.748743
20
33.375034
11
45.725861
21
33.439208
0
LINE
8
graphic border
10
45.725861
20
33.439208
11
45.730918
21
33.508741
0
LINE
8
graphic border
10
45.730918
20
33.508741
11
45.756714
21
33.583662
0
LINE
8
graphic border
10
45.756714
20
33.583662
11
45.805093
21
33.735811
0
LINE
8
graphic border
10
45.805093
20
33.735811
11
45.785177
21
33.747259
0
LINE
8
graphic border
10
45.785177
20
33.747259
11
45.706795
21
33.761594
0
LINE
8
graphic border
10
45.706795
20
33.761594
11
45.632755
21
33.687921
0
LINE
8
graphic border
10
45.632755
20
33.687921
11
45.608156
21
33.596776
0
LINE
8
graphic border
10
45.608156
20
33.596776
11
45.654702
21
33.521941
0
LINE
8
graphic border
10
45.654702
20
33.521941
11
45.603303
21
33.452064
0
LINE
8
graphic border
10
45.603303
20
33.452064
11
45.543698
21
33.528451
0
LINE
8
graphic border
10
45.543698
20
33.528451
11
45.534944
21
33.621633
0
LINE
8
graphic border
10
45.534944
20
33.621633
11
45.574940
21
33.733860
0
LINE
8
graphic border
10
45.574940
20
33.733860
11
45.640289
21
33.821165
0
LINE
8
graphic border
10
45.640289
20
33.821165
11
45.704223
21
33.855855
0
LINE
8
graphic border
10
45.704223
20
33.855855
11
45.769624
21
33.851379
0
LINE
8
graphic border
10
45.769624
20
33.851379
11
45.842918
21
33.816467
0
LINE
8
graphic border
10
45.842918
20
33.816467
11
45.945848
21
33.760414
0
LINE
8
graphic border
10
45.945848
20
33.760414
11
46.084797
21
33.690862
0
LINE
8
graphic border
10
46.084797
20
33.690862
11
46.150008
21
33.680928
0
LINE
8
graphic border
10
46.150008
20
33.680928
11
46.106101
21
33.600300
0
LINE
8
graphic border
10
46.106101
20
33.600300
11
46.041516
21
33.615467
0
LINE
8
graphic border
10
46.041516
20
33.615467
11
46.041468
21
33.615430
0
LINE
8
graphic border
10
45.865557
20
33.702881
11
45.826054
21
33.560911
0
LINE
8
graphic border
10
45.826054
20
33.560911
11
45.804839
21
33.485164
0
LINE
8
graphic border
10
45.804839
20
33.485164
11
45.813561
21
33.440933
0
LINE
8
graphic border
10
45.813561
20
33.440933
11
45.844180
21
33.410370
0
LINE
8
graphic border
10
45.844180
20
33.410370
11
45.908260
21
33.405511
0
LINE
8
graphic border
10
45.908260
20
33.405511
11
45.966215
21
33.462918
0
LINE
8
graphic border
10
45.966215
20
33.462918
11
45.990114
21
33.552776
0
LINE
8
graphic border
10
45.990114
20
33.552776
11
45.964298
21
33.633006
0
LINE
8
graphic border
10
45.964298
20
33.633006
11
45.893870
21
33.687477
0
LINE
8
graphic border
10
45.893870
20
33.687477
11
45.865557
21
33.702881
0
LINE
8
graphic border
10
46.375353
20
33.677154
11
46.298203
21
33.708051
0
LINE
8
graphic border
10
46.298203
20
33.708051
11
46.329114
21
33.748492
0
LINE
8
graphic border
10
46.329114
20
33.748492
11
46.342960
21
33.794332
0
LINE
8
graphic border
10
46.342960
20
33.794332
11
46.332723
21
33.832715
0
LINE
8
graphic border
10
46.332723
20
33.832715
11
46.288101
21
33.887600
0
LINE
8
graphic border
10
46.288101
20
33.887600
11
46.272966
21
33.904730
0
LINE
8
graphic border
10
46.272966
20
33.904730
11
45.722523
21
33.980392
0
LINE
8
graphic border
10
45.722523
20
33.980392
11
45.767831
21
34.063592
0
LINE
8
graphic border
10
45.767831
20
34.063592
11
46.083203
21
34.014739
0
LINE
8
graphic border
10
46.083203
20
34.014739
11
46.206689
21
33.990309
0
LINE
8
graphic border
10
46.206689
20
33.990309
11
46.120186
21
34.078567
0
LINE
8
graphic border
10
46.120186
20
34.078567
11
45.907729
21
34.320488
0
LINE
8
graphic border
10
45.907729
20
34.320488
11
45.949769
21
34.397686
0
LINE
8
graphic border
10
45.949769
20
34.397686
11
46.318596
21
33.972184
0
LINE
8
graphic border
10
46.318596
20
33.972184
11
46.398366
21
33.872584
0
LINE
8
graphic border
10
46.398366
20
33.872584
11
46.428428
21
33.795046
0
LINE
8
graphic border
10
46.428428
20
33.795046
11
46.411871
21
33.721767
0
LINE
8
graphic border
10
46.411871
20
33.721767
11
46.375344
21
33.677153
0
LINE
8
graphic border
10
46.375344
20
33.677153
11
46.375353
21
33.677154
0
LINE
8
graphic border
10
25.241258
20
33.121602
11
24.686724
21
32.819625
0
LINE
8
graphic border
10
24.686724
20
32.819625
11
24.799527
21
32.612479
0
LINE
8
graphic border
10
24.799527
20
32.612479
11
24.725330
21
32.572075
0
LINE
8
graphic border
10
24.725330
20
32.572075
11
24.453949
21
33.070426
0
LINE
8
graphic border
10
24.453949
20
33.070426
11
24.528145
21
33.110831
0
LINE
8
graphic border
10
24.528145
20
33.110831
11
24.641415
21
32.902828
0
LINE
8
graphic border
10
24.641415
20
32.902828
11
25.195949
21
33.204805
0
LINE
8
graphic border
10
25.195949
20
33.204805
11
25.241258
21
33.121602
0
LINE
8
graphic border
10
24.896775
20
33.754192
11
24.829870
21
33.717758
0
LINE
8
graphic border
10
24.829870
20
33.717758
11
24.985774
21
33.615267
0
LINE
8
graphic border
10
24.985774
20
33.615267
11
25.011449
21
33.531384
0
LINE
8
graphic border
10
25.011449
20
33.531384
11
25.001108
21
33.458470
0
LINE
8
graphic border
10
25.001108
20
33.458470
11
24.956486
21
33.403586
0
LINE
8
graphic border
10
24.956486
20
33.403586
11
24.887003
21
33.359632
0
LINE
8
graphic border
10
24.887003
20
33.359632
11
24.604804
21
33.205958
0
LINE
8
graphic border
10
24.604804
20
33.205958
11
24.562765
21
33.283156
0
LINE
8
graphic border
10
24.562765
20
33.283156
11
24.815372
21
33.420716
0
LINE
8
graphic border
10
24.815372
20
33.420716
11
24.894289
21
33.469807
0
LINE
8
graphic border
10
24.894289
20
33.469807
11
24.925508
21
33.526843
0
LINE
8
graphic border
10
24.925508
20
33.526843
11
24.910893
21
33.594510
0
LINE
8
graphic border
10
24.910893
20
33.594510
11
24.857805
21
33.650118
0
LINE
8
graphic border
10
24.857805
20
33.650118
11
24.785988
21
33.666615
0
LINE
8
graphic border
10
24.785988
20
33.666615
11
24.689772
21
33.630910
0
LINE
8
graphic border
10
24.689772
20
33.630910
11
24.445743
21
33.498022
0
LINE
8
graphic border
10
24.445743
20
33.498022
11
24.403704
21
33.575220
0
LINE
8
graphic border
10
24.403704
20
33.575220
11
24.859167
21
33.823247
0
LINE
8
graphic border
10
24.859167
20
33.823247
11
24.896775
21
33.754192
0
LINE
8
graphic border
10
24.476848
20
34.176104
11
24.443284
21
34.261252
0
LINE
8
graphic border
10
24.443284
20
34.261252
11
24.589859
21
34.250434
0
LINE
8
graphic border
10
24.589859
20
34.250434
11
24.699456
21
34.141074
0
LINE
8
graphic border
10
24.699456
20
34.141074
11
24.724541
21
33.948993
0
LINE
8
graphic border
10
24.724541
20
33.948993
11
24.583466
21
33.796548
0
LINE
8
graphic border
10
24.583466
20
33.796548
11
24.372824
21
33.758574
0
LINE
8
graphic border
10
24.372824
20
33.758574
11
24.225740
21
33.877548
0
LINE
8
graphic border
10
24.225740
20
33.877548
11
24.206653
21
34.060661
0
LINE
8
graphic border
10
24.206653
20
34.060661
11
24.350104
21
34.213846
0
LINE
8
graphic border
10
24.350104
20
34.213846
11
24.370944
21
34.224592
0
LINE
8
graphic border
10
24.370944
20
34.224592
11
24.555913
21
33.884925
0
LINE
8
graphic border
10
24.555913
20
33.884925
11
24.647731
21
33.989973
0
LINE
8
graphic border
10
24.647731
20
33.989973
11
24.635769
21
34.106904
0
LINE
8
graphic border
10
24.635769
20
34.106904
11
24.573993
21
34.167236
0
LINE
8
graphic border
10
24.573993
20
34.167236
11
24.476874
21
34.176073
0
LINE
8
graphic border
10
24.476874
20
34.176073
11
24.476848
21
34.176104
0
LINE
8
graphic border
10
24.490072
20
33.854677
11
24.351578
21
34.108999
0
LINE
8
graphic border
10
24.351578
20
34.108999
11
24.281257
21
34.032893
0
LINE
8
graphic border
10
24.281257
20
34.032893
11
24.288734
21
33.912964
0
LINE
8
graphic border
10
24.288734
20
33.912964
11
24.373143
21
33.842715
0
LINE
8
graphic border
10
24.373143
20
33.842715
11
24.490072
21
33.854677
0
LINE
8
graphic border
10
24.490072
20
33.854677
11
24.490072
21
33.854677
0
LINE
8
graphic border
10
24.408166
20
34.327759
11
24.354581
21
34.397558
0
LINE
8
graphic border
10
24.354581
20
34.397558
11
24.405531
21
34.471455
0
LINE
8
graphic border
10
24.405531
20
34.471455
11
24.385136
21
34.567113
0
LINE
8
graphic border
10
24.385136
20
34.567113
11
24.320716
21
34.634347
0
LINE
8
graphic border
10
24.320716
20
34.634347
11
24.255667
21
34.632287
0
LINE
8
graphic border
10
24.255667
20
34.632287
11
24.226872
21
34.587142
0
LINE
8
graphic border
10
24.226872
20
34.587142
11
24.243683
21
34.493982
0
LINE
8
graphic border
10
24.243683
20
34.493982
11
24.271026
21
34.355956
0
LINE
8
graphic border
10
24.271026
20
34.355956
11
24.254800
21
34.282618
0
LINE
8
graphic border
10
24.254800
20
34.282618
11
24.202583
21
34.232491
0
LINE
8
graphic border
10
24.202583
20
34.232491
11
24.138921
21
34.215629
0
LINE
8
graphic border
10
24.138921
20
34.215629
11
24.074818
21
34.230210
0
LINE
8
graphic border
10
24.074818
20
34.230210
11
24.025887
21
34.266954
0
LINE
8
graphic border
10
24.025887
20
34.266954
11
23.980019
21
34.328722
0
LINE
8
graphic border
10
23.980019
20
34.328722
11
23.944325
21
34.431058
0
LINE
8
graphic border
10
23.944325
20
34.431058
11
23.953656
21
34.513987
0
LINE
8
graphic border
10
23.953656
20
34.513987
11
24.009512
21
34.578881
0
LINE
8
graphic border
10
24.009512
20
34.578881
11
24.060911
21
34.509004
0
LINE
8
graphic border
10
24.060911
20
34.509004
11
24.022363
21
34.449088
0
LINE
8
graphic border
10
24.022363
20
34.449088
11
24.040470
21
34.368868
0
LINE
8
graphic border
10
24.040470
20
34.368868
11
24.099398
21
34.302536
0
LINE
8
graphic border
10
24.099398
20
34.302536
11
24.152946
21
34.302232
0
LINE
8
graphic border
10
24.152946
20
34.302232
11
24.174828
21
34.326379
0
LINE
8
graphic border
10
24.174828
20
34.326379
11
24.179300
21
34.367184
0
LINE
8
graphic border
10
24.179300
20
34.367184
11
24.161894
21
34.446117
0
LINE
8
graphic border
10
24.161894
20
34.446117
11
24.135796
21
34.579816
0
LINE
8
graphic border
10
24.135796
20
34.579816
11
24.148318
21
34.652807
0
LINE
8
graphic border
10
24.148318
20
34.652807
11
24.204316
21
34.707222
0
LINE
8
graphic border
10
24.204316
20
34.707222
11
24.289600
21
34.724200
0
LINE
8
graphic border
10
24.289600
20
34.724200
11
24.377619
21
34.688167
0
LINE
8
graphic border
10
24.377619
20
34.688167
11
24.448384
21
34.602146
0
LINE
8
graphic border
10
24.448384
20
34.602146
11
24.485302
21
34.446537
0
LINE
8
graphic border
10
24.485302
20
34.446537
11
24.408170
21
34.327797
0
LINE
8
graphic border
10
24.408170
20
34.327797
11
24.408166
21
34.327759
0
LINE
8
graphic border
10
24.127234
20
35.167337
11
24.069765
21
35.136042
0
LINE
8
graphic border
10
24.069765
20
35.136042
11
24.206892
21
35.045565
0
LINE
8
graphic border
10
24.206892
20
35.045565
11
24.231520
21
34.928861
0
LINE
8
graphic border
10
24.231520
20
34.928861
11
24.186425
21
34.812555
0
LINE
8
graphic border
10
24.186425
20
34.812555
11
24.076027
21
34.720183
0
LINE
8
graphic border
10
24.076027
20
34.720183
11
23.940136
21
34.675647
0
LINE
8
graphic border
10
23.940136
20
34.675647
11
23.817656
21
34.697359
0
LINE
8
graphic border
10
23.817656
20
34.697359
11
23.732712
21
34.782890
0
LINE
8
graphic border
10
23.732712
20
34.782890
11
23.710366
21
34.865806
0
LINE
8
graphic border
10
23.710366
20
34.865806
11
23.726905
21
34.942652
0
LINE
8
graphic border
10
23.726905
20
34.942652
11
23.501317
21
34.819806
0
LINE
8
graphic border
10
23.501317
20
34.819806
11
23.459512
21
34.896574
0
LINE
8
graphic border
10
23.459512
20
34.896574
11
24.088242
21
35.238955
0
LINE
8
graphic border
10
24.088242
20
35.238955
11
24.127234
21
35.167337
0
LINE
8
graphic border
10
24.032820
20
34.799526
11
24.143542
21
34.907641
0
LINE
8
graphic border
10
24.143542
20
34.907641
11
24.139449
21
35.018292
0
LINE
8
graphic border
10
24.139449
20
35.018292
11
24.051567
21
35.081646
0
LINE
8
graphic border
10
24.051567
20
35.081646
11
23.905665
21
35.048346
0
LINE
8
graphic border
10
23.905665
20
35.048346
11
23.788042
21
34.937584
0
LINE
8
graphic border
10
23.788042
20
34.937584
11
23.792641
21
34.824985
0
LINE
8
graphic border
10
23.792641
20
34.824985
11
23.881614
21
34.761671
0
LINE
8
graphic border
10
23.881614
20
34.761671
11
24.032820
21
34.799526
0
LINE
8
graphic border
10
24.032820
20
34.799526
11
24.032820
21
34.799526
0
LINE
8
graphic border
10
23.804109
20
35.626945
11
23.900647
21
35.572198
0
LINE
8
graphic border
10
23.900647
20
35.572198
11
23.961900
21
35.495454
0
LINE
8
graphic border
10
23.961900
20
35.495454
11
23.988271
21
35.360237
0
LINE
8
graphic border
10
23.988271
20
35.360237
11
23.916301
21
35.268775
0
LINE
8
graphic border
10
23.916301
20
35.268775
11
23.847227
21
35.250622
0
LINE
8
graphic border
10
23.847227
20
35.250622
11
23.780902
21
35.266217
0
LINE
8
graphic border
10
23.780902
20
35.266217
11
23.725239
21
35.308192
0
LINE
8
graphic border
10
23.725239
20
35.308192
11
23.676299
21
35.370512
0
LINE
8
graphic border
10
23.676299
20
35.370512
11
23.574741
21
35.493701
0
LINE
8
graphic border
10
23.574741
20
35.493701
11
23.554318
21
35.483183
0
LINE
8
graphic border
10
23.554318
20
35.483183
11
23.499751
21
35.425118
0
LINE
8
graphic border
10
23.499751
20
35.425118
11
23.521466
21
35.322952
0
LINE
8
graphic border
10
23.521466
20
35.322952
11
23.584682
21
35.252839
0
LINE
8
graphic border
10
23.584682
20
35.252839
11
23.672801
21
35.251335
0
LINE
8
graphic border
10
23.672801
20
35.251335
11
23.703611
21
35.170248
0
LINE
8
graphic border
10
23.703611
20
35.170248
11
23.607105
21
35.161623
0
LINE
8
graphic border
10
23.607105
20
35.161623
11
23.524081
21
35.204825
0
LINE
8
graphic border
10
23.524081
20
35.204825
11
23.451508
21
35.299313
0
LINE
8
graphic border
10
23.451508
20
35.299313
11
23.413626
21
35.401573
0
LINE
8
graphic border
10
23.413626
20
35.401573
11
23.419170
21
35.474101
0
LINE
8
graphic border
10
23.419170
20
35.474101
11
23.458416
21
35.526609
0
LINE
8
graphic border
10
23.458416
20
35.526609
11
23.527510
21
35.569236
0
LINE
8
graphic border
10
23.527510
20
35.569236
11
23.630440
21
35.625287
0
LINE
8
graphic border
10
23.630440
20
35.625287
11
23.764253
21
35.704272
0
LINE
8
graphic border
10
23.764253
20
35.704272
11
23.807976
21
35.753660
0
LINE
8
graphic border
10
23.807976
20
35.753660
11
23.851883
21
35.673032
0
LINE
8
graphic border
10
23.851883
20
35.673032
11
23.804117
21
35.626986
0
LINE
8
graphic border
10
23.804117
20
35.626986
11
23.804109
21
35.626945
0
LINE
8
graphic border
10
23.635204
20
35.526621
11
23.733032
21
35.416413
0
LINE
8
graphic border
10
23.733032
20
35.416413
11
23.785127
21
35.357483
0
LINE
8
graphic border
10
23.785127
20
35.357483
11
23.827012
21
35.340810
0
LINE
8
graphic border
10
23.827012
20
35.340810
11
23.869301
21
35.349950
0
LINE
8
graphic border
10
23.869301
20
35.349950
11
23.908149
21
35.401142
0
LINE
8
graphic border
10
23.908149
20
35.401142
11
23.891369
21
35.480973
0
LINE
8
graphic border
10
23.891369
20
35.480973
11
23.828854
21
35.549798
0
LINE
8
graphic border
10
23.828854
20
35.549798
11
23.747453
21
35.571642
0
LINE
8
graphic border
10
23.747453
20
35.571642
11
23.663485
21
35.542034
0
LINE
8
graphic border
10
23.663485
20
35.542034
11
23.635204
21
35.526621
0
LINE
8
graphic border
10
23.933409
20
35.940904
11
23.865597
21
35.892859
0
LINE
8
graphic border
10
23.865597
20
35.892859
11
23.848398
21
35.940765
0
LINE
8
graphic border
10
23.848398
20
35.940765
11
23.817402
21
35.977268
0
LINE
8
graphic border
10
23.817402
20
35.977268
11
23.779605
21
35.989494
0
LINE
8
graphic border
10
23.779605
20
35.989494
11
23.709293
21
35.981786
0
LINE
8
graphic border
10
23.709293
20
35.981786
11
23.686692
21
35.978366
0
LINE
8
graphic border
10
23.686692
20
35.978366
11
23.324487
21
35.557036
0
LINE
8
graphic border
10
23.324487
20
35.557036
11
23.279180
21
35.640237
0
LINE
8
graphic border
10
23.279180
20
35.640237
11
23.491322
21
35.878649
0
LINE
8
graphic border
10
23.491322
20
35.878649
11
23.578844
21
35.969126
0
LINE
8
graphic border
10
23.578844
20
35.969126
11
23.457774
21
35.944344
0
LINE
8
graphic border
10
23.457774
20
35.944344
11
23.139284
21
35.897134
0
LINE
8
graphic border
10
23.139284
20
35.897134
11
23.097246
21
35.974329
0
LINE
8
graphic border
10
23.097246
20
35.974329
11
23.654784
21
36.053297
0
LINE
8
graphic border
10
23.654784
20
36.053297
11
23.781731
21
36.066264
0
LINE
8
graphic border
10
23.781731
20
36.066264
11
23.863174
21
36.049450
0
LINE
8
graphic border
10
23.863174
20
36.049450
11
23.915748
21
35.995782
0
LINE
8
graphic border
10
23.915748
20
35.995782
11
23.933405
21
35.940896
0
LINE
8
graphic border
10
23.933405
20
35.940896
11
23.933409
21
35.940904
0
LINE
8
graphic border
10
21.716357
20
31.198778
11
21.167937
21
30.738599
0
LINE
8
graphic border
10
21.167937
20
30.738599
11
21.076277
21
30.847835
0
LINE
8
graphic border
10
21.076277
20
30.847835
11
21.355660
21
31.303473
0
LINE
8
graphic border
10
21.355660
20
31.303473
11
21.414865
21
31.397776
0
LINE
8
graphic border
10
21.414865
20
31.397776
11
21.302470
21
31.353188
0
LINE
8
graphic border
10
21.302470
20
31.353188
11
20.810718
21
31.164317
0
LINE
8
graphic border
10
20.810718
20
31.164317
11
20.728790
21
31.261955
0
LINE
8
graphic border
10
20.728790
20
31.261955
11
21.277210
21
31.722133
0
LINE
8
graphic border
10
21.277210
20
31.722133
11
21.335910
21
31.652177
0
LINE
8
graphic border
10
21.335910
20
31.652177
11
20.876897
21
31.267021
0
LINE
8
graphic border
10
20.876897
20
31.267021
11
21.469631
21
31.492814
0
LINE
8
graphic border
10
21.469631
20
31.492814
11
21.524563
21
31.427349
0
LINE
8
graphic border
10
21.524563
20
31.427349
11
21.190789
21
30.876985
0
LINE
8
graphic border
10
21.190789
20
30.876985
11
21.657657
21
31.268734
0
LINE
8
graphic border
10
21.657657
20
31.268734
11
21.716357
21
31.198778
0
LINE
8
graphic border
10
21.008566
20
31.638874
11
20.793608
21
31.563052
0
LINE
8
graphic border
10
20.793608
20
31.563052
11
20.644622
21
31.650957
0
LINE
8
graphic border
10
20.644622
20
31.650957
11
20.586115
21
31.830083
0
LINE
8
graphic border
10
20.586115
20
31.830083
11
20.690622
21
32.006388
0
LINE
8
graphic border
10
20.690622
20
32.006388
11
20.830917
21
32.084583
0
LINE
8
graphic border
10
20.830917
20
32.084583
11
20.955190
21
32.074751
0
LINE
8
graphic border
10
20.955190
20
32.074751
11
21.059864
21
31.999386
0
LINE
8
graphic border
10
21.059864
20
31.999386
11
21.119689
21
31.819452
0
LINE
8
graphic border
10
21.119689
20
31.819452
11
21.008566
21
31.638874
0
LINE
8
graphic border
10
21.008566
20
31.638874
11
21.008566
21
31.638874
0
LINE
8
graphic border
10
20.950494
20
31.708082
11
21.037028
21
31.837430
0
LINE
8
graphic border
10
21.037028
20
31.837430
11
21.004500
21
31.952930
0
LINE
8
graphic border
10
21.004500
20
31.952930
11
20.896343
21
32.004334
0
LINE
8
graphic border
10
20.896343
20
32.004334
11
20.752061
21
31.940005
0
LINE
8
graphic border
10
20.752061
20
31.940005
11
20.668832
21
31.812795
0
LINE
8
graphic border
10
20.668832
20
31.812795
11
20.700362
21
31.697728
0
LINE
8
graphic border
10
20.700362
20
31.697728
11
20.808458
21
31.645637
0
LINE
8
graphic border
10
20.808458
20
31.645637
11
20.950494
21
31.708082
0
LINE
8
graphic border
10
20.950494
20
31.708082
11
20.950494
21
31.708082
0
LINE
8
graphic border
10
20.828646
20
32.256712
11
20.431359
21
31.923349
0
LINE
8
graphic border
10
20.431359
20
31.923349
11
20.380507
21
31.983951
0
LINE
8
graphic border
10
20.380507
20
31.983951
11
20.436995
21
32.031350
0
LINE
8
graphic border
10
20.436995
20
32.031350
11
20.265430
21
32.102861
0
LINE
8
graphic border
10
20.265430
20
32.102861
11
20.223275
21
32.179689
0
LINE
8
graphic border
10
20.223275
20
32.179689
11
20.218963
21
32.253206
0
LINE
8
graphic border
10
20.218963
20
32.253206
11
20.251137
21
32.315903
0
LINE
8
graphic border
10
20.251137
20
32.315903
11
20.313458
21
32.374585
0
LINE
8
graphic border
10
20.313458
20
32.374585
11
20.557741
21
32.579564
0
LINE
8
graphic border
10
20.557741
20
32.579564
11
20.614242
21
32.512228
0
LINE
8
graphic border
10
20.614242
20
32.512228
11
20.372577
21
32.309447
0
LINE
8
graphic border
10
20.372577
20
32.309447
11
20.317826
21
32.250105
0
LINE
8
graphic border
10
20.317826
20
32.250105
11
20.308822
21
32.194737
0
LINE
8
graphic border
10
20.308822
20
32.194737
11
20.335716
21
32.137619
0
LINE
8
graphic border
10
20.335716
20
32.137619
11
20.425492
21
32.086089
0
LINE
8
graphic border
10
20.425492
20
32.086089
11
20.555169
21
32.141990
0
LINE
8
graphic border
10
20.555169
20
32.141990
11
20.772143
21
32.324053
0
LINE
8
graphic border
10
20.772143
20
32.324053
11
20.828646
21
32.256712
0
LINE
8
graphic border
10
20.254835
20
32.940554
11
20.204705
21
32.898490
0
LINE
8
graphic border
10
20.204705
20
32.898490
11
20.357041
21
32.836980
0
LINE
8
graphic border
10
20.357041
20
32.836980
11
20.404306
21
32.727470
0
LINE
8
graphic border
10
20.404306
20
32.727470
11
20.383152
21
32.604535
0
LINE
8
graphic border
10
20.383152
20
32.604535
11
20.293245
21
32.492120
0
LINE
8
graphic border
10
20.293245
20
32.492120
11
20.168874
21
32.421539
0
LINE
8
graphic border
10
20.168874
20
32.421539
11
20.044521
21
32.418553
0
LINE
8
graphic border
10
20.044521
20
32.418553
11
19.944312
21
32.485555
0
LINE
8
graphic border
10
19.944312
20
32.485555
11
19.905979
21
32.562398
0
LINE
8
graphic border
10
19.905979
20
32.562398
11
19.906960
21
32.640996
0
LINE
8
graphic border
10
19.906960
20
32.640996
11
19.710189
21
32.475886
0
LINE
8
graphic border
10
19.710189
20
32.475886
11
19.654001
21
32.542848
0
LINE
8
graphic border
10
19.654001
20
32.542848
11
20.202421
21
33.003026
0
LINE
8
graphic border
10
20.202421
20
33.003026
11
20.254835
21
32.940554
0
LINE
8
graphic border
10
20.235174
20
32.561326
11
20.322277
21
32.689238
0
LINE
8
graphic border
10
20.322277
20
32.689238
11
20.296339
21
32.796883
0
LINE
8
graphic border
10
20.296339
20
32.796883
11
20.197646
21
32.841567
0
LINE
8
graphic border
10
20.197646
20
32.841567
11
20.061236
21
32.780016
0
LINE
8
graphic border
10
20.061236
20
32.780016
11
19.967893
21
32.648143
0
LINE
8
graphic border
10
19.967893
20
32.648143
11
19.994713
21
32.538688
0
LINE
8
graphic border
10
19.994713
20
32.538688
11
20.094467
21
32.494259
0
LINE
8
graphic border
10
20.094467
20
32.494259
11
20.235174
21
32.561326
0
LINE
8
graphic border
10
20.235174
20
32.561326
11
20.235174
21
32.561326
0
LINE
8
graphic border
10
19.847041
20
33.327019
11
19.952514
21
33.292486
0
LINE
8
graphic border
10
19.952514
20
33.292486
11
20.027760
21
33.229402
0
LINE
8
graphic border
10
20.027760
20
33.229402
11
20.080401
21
33.102092
0
LINE
8
graphic border
10
20.080401
20
33.102092
11
20.027982
21
32.998182
0
LINE
8
graphic border
10
20.027982
20
32.998182
11
19.963874
21
32.966701
0
LINE
8
graphic border
10
19.963874
20
32.966701
11
19.895777
21
32.968847
0
LINE
8
graphic border
10
19.895777
20
32.968847
11
19.832896
21
32.998960
0
LINE
8
graphic border
10
19.832896
20
32.998960
11
19.772579
21
33.050344
0
LINE
8
graphic border
10
19.772579
20
33.050344
11
19.648622
21
33.150965
0
LINE
8
graphic border
10
19.648622
20
33.150965
11
19.630689
21
33.136608
0
LINE
8
graphic border
10
19.630689
20
33.136608
11
19.588709
21
33.068882
0
LINE
8
graphic border
10
19.588709
20
33.068882
11
19.630238
21
32.973044
0
LINE
8
graphic border
10
19.630238
20
32.973044
11
19.706094
21
32.916848
0
LINE
8
graphic border
10
19.706094
20
32.916848
11
19.792763
21
32.932835
0
LINE
8
graphic border
10
19.792763
20
32.932835
11
19.839030
21
32.859461
0
LINE
8
graphic border
10
19.839030
20
32.859461
11
19.746147
21
32.831884
0
LINE
8
graphic border
10
19.746147
20
32.831884
11
19.656208
21
32.857778
0
LINE
8
graphic border
10
19.656208
20
32.857778
11
19.566351
21
32.936012
0
LINE
8
graphic border
10
19.566351
20
32.936012
11
19.508958
21
33.028737
0
LINE
8
graphic border
10
19.508958
20
33.028737
11
19.500022
21
33.100928
0
LINE
8
graphic border
10
19.500022
20
33.100928
11
19.528082
21
33.160172
0
LINE
8
graphic border
10
19.528082
20
33.160172
11
19.587358
21
33.215645
0
LINE
8
graphic border
10
19.587358
20
33.215645
11
19.677141
21
33.290981
0
LINE
8
graphic border
10
19.677141
20
33.290981
11
19.792649
21
33.394915
0
LINE
8
graphic border
10
19.792649
20
33.394915
11
19.825721
21
33.451989
0
LINE
8
graphic border
10
19.825721
20
33.451989
11
19.884734
21
33.381660
0
LINE
8
graphic border
10
19.884734
20
33.381660
11
19.847037
21
33.327060
0
LINE
8
graphic border
10
19.847037
20
33.327060
11
19.847041
21
33.327019
0
LINE
8
graphic border
10
19.701367
20
33.195217
11
19.819091
21
33.106577
0
LINE
8
graphic border
10
19.819091
20
33.106577
11
19.881851
21
33.059155
0
LINE
8
graphic border
10
19.881851
20
33.059155
11
19.926211
21
33.051114
0
LINE
8
graphic border
10
19.926211
20
33.051114
11
19.965848
21
33.068451
0
LINE
8
graphic border
10
19.965848
20
33.068451
11
19.993782
21
33.126326
0
LINE
8
graphic border
10
19.993782
20
33.126326
11
19.961516
21
33.201249
0
LINE
8
graphic border
10
19.961516
20
33.201249
11
19.886603
21
33.256322
0
LINE
8
graphic border
10
19.886603
20
33.256322
11
19.802487
21
33.261602
0
LINE
8
graphic border
10
19.802487
20
33.261602
11
19.726051
21
33.215943
0
LINE
8
graphic border
10
19.726051
20
33.215943
11
19.701367
21
33.195217
0
LINE
8
graphic border
10
19.911566
20
33.660374
11
19.854618
21
33.599845
0
LINE
8
graphic border
10
19.854618
20
33.599845
11
19.828265
21
33.643394
0
LINE
8
graphic border
10
19.828265
20
33.643394
11
19.790653
21
33.673030
0
LINE
8
graphic border
10
19.790653
20
33.673030
11
19.751183
21
33.677523
0
LINE
8
graphic border
10
19.751183
20
33.677523
11
19.683792
21
33.656036
0
LINE
8
graphic border
10
19.683792
20
33.656036
11
19.662317
21
33.648205
0
LINE
8
graphic border
10
19.662317
20
33.648205
11
19.390782
21
33.163457
0
LINE
8
graphic border
10
19.390782
20
33.163457
11
19.329887
21
33.236030
0
LINE
8
graphic border
10
19.329887
20
33.236030
11
19.490582
21
33.511753
0
LINE
8
graphic border
10
19.490582
20
33.511753
11
19.558438
21
33.617778
0
LINE
8
graphic border
10
19.558438
20
33.617778
11
19.444679
21
33.569496
0
LINE
8
graphic border
10
19.444679
20
33.569496
11
19.141859
21
33.460112
0
LINE
8
graphic border
10
19.141859
20
33.460112
11
19.085357
21
33.527449
0
LINE
8
graphic border
10
19.085357
20
33.527449
11
19.616194
21
33.715327
0
LINE
8
graphic border
10
19.616194
20
33.715327
11
19.738052
21
33.753195
0
LINE
8
graphic border
10
19.738052
20
33.753195
11
19.821213
21
33.752851
0
LINE
8
graphic border
10
19.821213
20
33.752851
11
19.883380
21
33.710664
0
LINE
8
graphic border
10
19.883380
20
33.710664
11
19.911563
21
33.660365
0
LINE
8
graphic border
10
19.911563
20
33.660365
11
19.911566
21
33.660374
0
LINE
8
graphic border
10
49.603320
20
34.153852
11
47.741281
21
35.579517
0
LINE
8
graphic border
10
47.741281
20
35.579517
11
45.788435
21
36.815093
0
LINE
8
graphic border
10
45.788435
20
36.815093
11
43.757755
21
37.860580
0
LINE
8
graphic border
10
43.757755
20
37.860580
11
41.662211
21
38.715978
0
LINE
8
graphic border
10
41.662211
20
38.715978
11
39.514778
21
39.381288
0
LINE
8
graphic border
10
39.514778
20
39.381288
11
37.328428
21
39.856509
0
LINE
8
graphic border
10
37.328428
20
39.856509
11
35.116132
21
40.141642
0
LINE
8
graphic border
10
35.116132
20
40.141642
11
32.890864
21
40.236686
0
LINE
8
graphic border
10
32.890864
20
40.236686
11
30.665596
21
40.141642
0
LINE
8
graphic border
10
30.665596
20
40.141642
11
28.453301
21
39.856509
0
LINE
8
graphic border
10
28.453301
20
39.856509
11
26.266950
21
39.381287
0
LINE
8
graphic border
10
26.266950
20
39.381287
11
24.119517
21
38.715977
0
LINE
8
graphic border
10
24.119517
20
38.715977
11
22.023974
21
37.860578
0
LINE
8
graphic border
10
22.023974
20
37.860578
11
19.993294
21
36.815091
0
LINE
8
graphic border
10
19.993294
20
36.815091
11
18.040448
21
35.579514
0
LINE
8
graphic border
10
18.040448
20
35.579514
11
16.178410
21
34.153850
0
LINE
8
graphic border
10
49.530977
20
35.331437
11
49.480018
21
35.260087
0
LINE
8
graphic border
10
49.480018
20
35.260087
11
49.401064
21
35.282987
0
LINE
8
graphic border
10
49.401064
20
35.282987
11
49.315756
21
35.239821
0
LINE
8
graphic border
10
49.315756
20
35.239821
11
49.286315
21
35.168265
0
LINE
8
graphic border
10
49.286315
20
35.168265
11
49.311963
21
35.061321
0
LINE
8
graphic border
10
49.311963
20
35.061321
11
49.422778
21
34.935835
0
LINE
8
graphic border
10
49.422778
20
34.935835
11
49.417695
21
35.041458
0
LINE
8
graphic border
10
49.417695
20
35.041458
11
49.461577
21
35.130224
0
LINE
8
graphic border
10
49.461577
20
35.130224
11
49.607384
21
35.202947
0
LINE
8
graphic border
10
49.607384
20
35.202947
11
49.775190
21
35.143104
0
LINE
8
graphic border
10
49.775190
20
35.143104
11
49.852498
21
35.039983
0
LINE
8
graphic border
10
49.852498
20
35.039983
11
49.869042
21
34.922191
0
LINE
8
graphic border
10
49.869042
20
34.922191
11
49.818530
21
34.814130
0
LINE
8
graphic border
10
49.818530
20
34.814130
11
49.641604
21
34.728632
0
LINE
8
graphic border
10
49.641604
20
34.728632
11
49.392777
21
34.846900
0
LINE
8
graphic border
10
49.392777
20
34.846900
11
49.210868
21
35.099623
0
LINE
8
graphic border
10
49.210868
20
35.099623
11
49.263850
21
35.290400
0
LINE
8
graphic border
10
49.263850
20
35.290400
11
49.388972
21
35.365818
0
LINE
8
graphic border
10
49.388972
20
35.365818
11
49.530976
21
35.331448
0
LINE
8
graphic border
10
49.530976
20
35.331448
11
49.530977
21
35.331437
0
LINE
8
graphic border
10
49.536688
20
34.858093
11
49.615520
21
34.816813
0
LINE
8
graphic border
10
49.615520
20
34.816813
11
49.698997
21
34.817528
0
LINE
8
graphic border
10
49.698997
20
34.817528
11
49.762226
21
34.859458
0
LINE
8
graphic border
10
49.762226
20
34.859458
11
49.789333
21
34.961661
0
LINE
8
graphic border
10
49.789333
20
34.961661
11
49.721551
21
35.070811
0
LINE
8
graphic border
10
49.721551
20
35.070811
11
49.606716
21
35.115533
0
LINE
8
graphic border
10
49.606716
20
35.115533
11
49.509759
21
35.066840
0
LINE
8
graphic border
10
49.509759
20
35.066840
11
49.477702
21
34.961780
0
LINE
8
graphic border
10
49.477702
20
34.961780
11
49.536689
21
34.858099
0
LINE
8
graphic border
10
49.536689
20
34.858099
11
49.536688
21
34.858093
0
LINE
8
graphic border
10
49.738978
20
35.287589
11
49.599241
21
35.438621
0
LINE
8
graphic border
10
49.599241
20
35.438621
11
49.557499
21
35.575008
0
LINE
8
graphic border
10
49.557499
20
35.575008
11
49.608823
21
35.701511
0
LINE
8
graphic border
10
49.608823
20
35.701511
11
49.691758
21
35.763880
0
LINE
8
graphic border
10
49.691758
20
35.763880
11
49.789152
21
35.775867
0
LINE
8
graphic border
10
49.789152
20
35.775867
11
49.899269
21
35.741480
0
LINE
8
graphic border
10
49.899269
20
35.741480
11
50.039062
21
35.645215
0
LINE
8
graphic border
10
50.039062
20
35.645215
11
50.178426
21
35.494495
0
LINE
8
graphic border
10
50.178426
20
35.494495
11
50.220168
21
35.358108
0
LINE
8
graphic border
10
50.220168
20
35.358108
11
50.168842
21
35.231603
0
LINE
8
graphic border
10
50.168842
20
35.231603
11
50.007450
21
35.154744
0
LINE
8
graphic border
10
50.007450
20
35.154744
11
49.738976
21
35.287586
0
LINE
8
graphic border
10
49.738976
20
35.287586
11
49.738978
21
35.287589
0
LINE
8
graphic border
10
49.797049
20
35.356795
11
50.003357
21
35.237231
0
LINE
8
graphic border
10
50.003357
20
35.237231
11
50.113479
21
35.278062
0
LINE
8
graphic border
10
50.113479
20
35.278062
11
50.133878
21
35.393543
0
LINE
8
graphic border
10
50.133878
20
35.393543
11
49.980994
21
35.576013
0
LINE
8
graphic border
10
49.980994
20
35.576013
11
49.774376
21
35.695201
0
LINE
8
graphic border
10
49.774376
20
35.695201
11
49.663939
21
35.653996
0
LINE
8
graphic border
10
49.663939
20
35.653996
11
49.641066
21
35.546965
0
LINE
8
graphic border
10
49.641066
20
35.546965
11
49.797049
21
35.356795
0
LINE
8
graphic border
10
49.797049
20
35.356795
11
49.797049
21
35.356795
0
LINE
8
graphic border
10
46.953555
20
36.551125
11
46.997750
21
36.632525
0
LINE
8
graphic border
10
46.997750
20
36.632525
11
47.108645
21
36.616287
0
LINE
8
graphic border
10
47.108645
20
36.616287
11
47.186442
21
36.673250
0
LINE
8
graphic border
10
47.186442
20
36.673250
11
47.205495
21
36.789310
0
LINE
8
graphic border
10
47.205495
20
36.789310
11
47.123565
21
36.895800
0
LINE
8
graphic border
10
47.123565
20
36.895800
11
47.001073
21
36.925512
0
LINE
8
graphic border
10
47.001073
20
36.925512
11
46.904114
21
36.857189
0
LINE
8
graphic border
10
46.904114
20
36.857189
11
46.878297
21
36.782401
0
LINE
8
graphic border
10
46.878297
20
36.782401
11
46.890394
21
36.710149
0
LINE
8
graphic border
10
46.890394
20
36.710149
11
46.836069
21
36.647100
0
LINE
8
graphic border
10
46.836069
20
36.647100
11
46.566946
21
36.907104
0
LINE
8
graphic border
10
46.566946
20
36.907104
11
46.762573
21
37.204539
0
LINE
8
graphic border
10
46.762573
20
37.204539
11
46.832749
21
37.158383
0
LINE
8
graphic border
10
46.832749
20
37.158383
11
46.675765
21
36.919700
0
LINE
8
graphic border
10
46.675765
20
36.919700
11
46.815319
21
36.781739
0
LINE
8
graphic border
10
46.815319
20
36.781739
11
46.852117
21
36.919443
0
LINE
8
graphic border
10
46.852117
20
36.919443
11
46.993325
21
37.015948
0
LINE
8
graphic border
10
46.993325
20
37.015948
11
47.168283
21
36.978028
0
LINE
8
graphic border
10
47.168283
20
36.978028
11
47.277510
21
36.838387
0
LINE
8
graphic border
10
47.277510
20
36.838387
11
47.246819
21
36.633539
0
LINE
8
graphic border
10
47.246819
20
36.633539
11
47.113373
21
36.530178
0
LINE
8
graphic border
10
47.113373
20
36.530178
11
46.953555
21
36.551125
0
LINE
8
graphic border
10
46.953555
20
36.551125
11
46.953555
21
36.551125
0
LINE
8
graphic border
10
47.259203
20
37.015840
11
47.303400
21
37.097242
0
LINE
8
graphic border
10
47.303400
20
37.097242
11
47.414293
21
37.081002
0
LINE
8
graphic border
10
47.414293
20
37.081002
11
47.492092
21
37.137967
0
LINE
8
graphic border
10
47.492092
20
37.137967
11
47.511143
21
37.254025
0
LINE
8
graphic border
10
47.511143
20
37.254025
11
47.429215
21
37.360517
0
LINE
8
graphic border
10
47.429215
20
37.360517
11
47.306722
21
37.390230
0
LINE
8
graphic border
10
47.306722
20
37.390230
11
47.209763
21
37.321904
0
LINE
8
graphic border
10
47.209763
20
37.321904
11
47.183947
21
37.247119
0
LINE
8
graphic border
10
47.183947
20
37.247119
11
47.196044
21
37.174866
0
LINE
8
graphic border
10
47.196044
20
37.174866
11
47.141717
21
37.111815
0
LINE
8
graphic border
10
47.141717
20
37.111815
11
46.872595
21
37.371819
0
LINE
8
graphic border
10
46.872595
20
37.371819
11
47.068221
21
37.669254
0
LINE
8
graphic border
10
47.068221
20
37.669254
11
47.138398
21
37.623098
0
LINE
8
graphic border
10
47.138398
20
37.623098
11
46.981414
21
37.384418
0
LINE
8
graphic border
10
46.981414
20
37.384418
11
47.120969
21
37.246456
0
LINE
8
graphic border
10
47.120969
20
37.246456
11
47.157766
21
37.384160
0
LINE
8
graphic border
10
47.157766
20
37.384160
11
47.298973
21
37.480663
0
LINE
8
graphic border
10
47.298973
20
37.480663
11
47.473933
21
37.442745
0
LINE
8
graphic border
10
47.473933
20
37.442745
11
47.583159
21
37.303102
0
LINE
8
graphic border
10
47.583159
20
37.303102
11
47.552469
21
37.098257
0
LINE
8
graphic border
10
47.552469
20
37.098257
11
47.419021
21
36.994893
0
LINE
8
graphic border
10
47.419021
20
36.994893
11
47.259203
21
37.015840
0
LINE
8
graphic border
10
47.259203
20
37.015840
11
47.259203
21
37.015840
0
LINE
8
graphic border
10
44.282355
20
37.939472
11
44.316803
21
38.025455
0
LINE
8
graphic border
10
44.316803
20
38.025455
11
44.428833
21
38.022197
0
LINE
8
graphic border
10
44.428833
20
38.022197
11
44.499491
21
38.087810
0
LINE
8
graphic border
10
44.499491
20
38.087810
11
44.504940
21
38.205295
0
LINE
8
graphic border
10
44.504940
20
38.205295
11
44.411202
21
38.301553
0
LINE
8
graphic border
10
44.411202
20
38.301553
11
44.286089
21
38.316846
0
LINE
8
graphic border
10
44.286089
20
38.316846
11
44.197719
21
38.237725
0
LINE
8
graphic border
10
44.197719
20
38.237725
11
44.180759
21
38.160446
0
LINE
8
graphic border
10
44.180759
20
38.160446
11
44.201166
21
38.090088
0
LINE
8
graphic border
10
44.201166
20
38.090088
11
44.154526
21
38.021156
0
LINE
8
graphic border
10
44.154526
20
38.021156
11
43.857041
21
38.248158
0
LINE
8
graphic border
10
43.857041
20
38.248158
11
44.016815
21
38.566293
0
LINE
8
graphic border
10
44.016815
20
38.566293
11
44.091875
21
38.528596
0
LINE
8
graphic border
10
44.091875
20
38.528596
11
43.963661
21
38.273302
0
LINE
8
graphic border
10
43.963661
20
38.273302
11
44.118286
21
38.152476
0
LINE
8
graphic border
10
44.118286
20
38.152476
11
44.138849
21
38.293521
0
LINE
8
graphic border
10
44.138849
20
38.293521
11
44.267900
21
38.405765
0
LINE
8
graphic border
10
44.267900
20
38.405765
11
44.446078
21
38.388413
0
LINE
8
graphic border
10
44.446078
20
38.388413
11
44.570776
21
38.262398
0
LINE
8
graphic border
10
44.570776
20
38.262398
11
44.564074
21
38.055375
0
LINE
8
graphic border
10
44.564074
20
38.055375
11
44.443531
21
37.937217
0
LINE
8
graphic border
10
44.443531
20
37.937217
11
44.282359
21
37.939470
0
LINE
8
graphic border
10
44.282359
20
37.939470
11
44.282355
21
37.939472
0
LINE
8
graphic border
10
44.384049
20
38.510828
11
44.213249
21
38.625564
0
LINE
8
graphic border
10
44.213249
20
38.625564
11
44.141178
21
38.748646
0
LINE
8
graphic border
10
44.141178
20
38.748646
11
44.161947
21
38.883577
0
LINE
8
graphic border
10
44.161947
20
38.883577
11
44.228263
21
38.963390
0
LINE
8
graphic border
10
44.228263
20
38.963390
11
44.320267
21
38.997515
0
LINE
8
graphic border
10
44.320267
20
38.997515
11
44.435348
21
38.989448
0
LINE
8
graphic border
10
44.435348
20
38.989448
11
44.593573
21
38.928016
0
LINE
8
graphic border
10
44.593573
20
38.928016
11
44.763938
21
38.813499
0
LINE
8
graphic border
10
44.763938
20
38.813499
11
44.836005
21
38.690415
0
LINE
8
graphic border
10
44.836005
20
38.690415
11
44.815236
21
38.555484
0
LINE
8
graphic border
10
44.815236
20
38.555484
11
44.675923
21
38.443476
0
LINE
8
graphic border
10
44.675923
20
38.443476
11
44.384051
21
38.510824
0
LINE
8
graphic border
10
44.384051
20
38.510824
11
44.384049
21
38.510828
0
LINE
8
graphic border
10
44.424595
20
38.591560
11
44.652912
21
38.522799
0
LINE
8
graphic border
10
44.652912
20
38.522799
11
44.750649
21
38.587924
0
LINE
8
graphic border
10
44.750649
20
38.587924
11
44.743870
21
38.704996
0
LINE
8
graphic border
10
44.743870
20
38.704996
11
44.553027
21
38.847289
0
LINE
8
graphic border
10
44.553027
20
38.847289
11
44.324492
21
38.915616
0
LINE
8
graphic border
10
44.324492
20
38.915616
11
44.226534
21
38.850053
0
LINE
8
graphic border
10
44.226534
20
38.850053
11
44.228961
21
38.740633
0
LINE
8
graphic border
10
44.228961
20
38.740633
11
44.424595
21
38.591560
0
LINE
8
graphic border
10
44.424595
20
38.591560
11
44.424595
21
38.591560
0
LINE
8
graphic border
10
41.645923
20
39.390212
11
41.484853
21
39.448837
0
LINE
8
graphic border
10
41.484853
20
39.448837
11
41.378626
21
39.156981
0
LINE
8
graphic border
10
41.378626
20
39.156981
11
41.302909
21
39.184540
0
LINE
8
graphic border
10
41.302909
20
39.184540
11
40.978700
21
39.650211
0
LINE
8
graphic border
10
40.978700
20
39.650211
11
41.003253
21
39.717669
0
LINE
8
graphic border
10
41.003253
20
39.717669
11
41.439200
21
39.558997
0
LINE
8
graphic border
10
41.439200
20
39.558997
11
41.472271
21
39.649858
0
LINE
8
graphic border
10
41.472271
20
39.649858
11
41.547988
21
39.622299
0
LINE
8
graphic border
10
41.547988
20
39.622299
11
41.514917
21
39.531438
0
LINE
8
graphic border
10
41.514917
20
39.531438
11
41.675987
21
39.472814
0
LINE
8
graphic border
10
41.675987
20
39.472814
11
41.645923
21
39.390212
0
LINE
8
graphic border
10
41.409136
20
39.476396
11
41.105808
21
39.586798
0
LINE
8
graphic border
10
41.105808
20
39.586798
11
41.332472
21
39.265764
0
LINE
8
graphic border
10
41.332472
20
39.265764
11
41.409136
21
39.476396
0
LINE
8
graphic border
10
41.563576
20
39.712247
11
41.587808
21
39.801645
0
LINE
8
graphic border
10
41.587808
20
39.801645
11
41.699458
21
39.811419
0
LINE
8
graphic border
10
41.699458
20
39.811419
11
41.762022
21
39.884788
0
LINE
8
graphic border
10
41.762022
20
39.884788
11
41.753796
21
40.002114
0
LINE
8
graphic border
10
41.753796
20
40.002114
11
41.649514
21
40.086840
0
LINE
8
graphic border
10
41.649514
20
40.086840
11
41.523473
21
40.087501
0
LINE
8
graphic border
10
41.523473
20
40.087501
11
41.444885
21
39.998659
0
LINE
8
graphic border
10
41.444885
20
39.998659
11
41.437010
21
39.919934
0
LINE
8
graphic border
10
41.437010
20
39.919934
11
41.465444
21
39.852419
0
LINE
8
graphic border
10
41.465444
20
39.852419
11
41.427123
21
39.778541
0
LINE
8
graphic border
10
41.427123
20
39.778541
11
41.105294
21
39.969472
0
LINE
8
graphic border
10
41.105294
20
39.969472
11
41.227054
21
40.304005
0
LINE
8
graphic border
10
41.227054
20
40.304005
11
41.305983
21
40.275277
0
LINE
8
graphic border
10
41.305983
20
40.275277
11
41.208274
21
40.006825
0
LINE
8
graphic border
10
41.208274
20
40.006825
11
41.375884
21
39.904765
0
LINE
8
graphic border
10
41.375884
20
39.904765
11
41.379930
21
40.047245
0
LINE
8
graphic border
10
41.379930
20
40.047245
11
41.495078
21
40.173712
0
LINE
8
graphic border
10
41.495078
20
40.173712
11
41.674066
21
40.177163
0
LINE
8
graphic border
10
41.674066
20
40.177163
11
41.812552
21
40.066476
0
LINE
8
graphic border
10
41.812552
20
40.066476
11
41.829929
21
39.860072
0
LINE
8
graphic border
10
41.829929
20
39.860072
11
41.723917
21
39.728722
0
LINE
8
graphic border
10
41.723917
20
39.728722
11
41.563576
21
39.712247
0
LINE
8
graphic border
10
41.563576
20
39.712247
11
41.563576
21
39.712247
0
LINE
8
graphic border
10
38.684622
20
40.158925
11
38.517835
21
40.198454
0
LINE
8
graphic border
10
38.517835
20
40.198454
11
38.446209
21
39.896243
0
LINE
8
graphic border
10
38.446209
20
39.896243
11
38.367805
21
39.914825
0
LINE
8
graphic border
10
38.367805
20
39.914825
11
37.991727
21
40.339706
0
LINE
8
graphic border
10
37.991727
20
40.339706
11
38.008282
21
40.409558
0
LINE
8
graphic border
10
38.008282
20
40.409558
11
38.459702
21
40.302569
0
LINE
8
graphic border
10
38.459702
20
40.302569
11
38.482001
21
40.396655
0
LINE
8
graphic border
10
38.482001
20
40.396655
11
38.560405
21
40.378073
0
LINE
8
graphic border
10
38.560405
20
40.378073
11
38.538106
21
40.283987
0
LINE
8
graphic border
10
38.538106
20
40.283987
11
38.704893
21
40.244458
0
LINE
8
graphic border
10
38.704893
20
40.244458
11
38.684622
21
40.158925
0
LINE
8
graphic border
10
38.439431
20
40.217036
11
38.125338
21
40.291478
0
LINE
8
graphic border
10
38.125338
20
40.291478
11
38.387739
21
39.998932
0
LINE
8
graphic border
10
38.387739
20
39.998932
11
38.439431
21
40.217036
0
LINE
8
graphic border
10
38.404359
20
40.507400
11
38.211703
21
40.579654
0
LINE
8
graphic border
10
38.211703
20
40.579654
11
38.113190
21
40.682800
0
LINE
8
graphic border
10
38.113190
20
40.682800
11
38.102281
21
40.818881
0
LINE
8
graphic border
10
38.102281
20
40.818881
11
38.148403
21
40.911836
0
LINE
8
graphic border
10
38.148403
20
40.911836
11
38.230057
21
40.966259
0
LINE
8
graphic border
10
38.230057
20
40.966259
11
38.343894
21
40.984950
0
LINE
8
graphic border
10
38.343894
20
40.984950
11
38.512021
21
40.961662
0
LINE
8
graphic border
10
38.512021
20
40.961662
11
38.704203
21
40.889521
0
LINE
8
graphic border
10
38.704203
20
40.889521
11
38.802716
21
40.786375
0
LINE
8
graphic border
10
38.802716
20
40.786375
11
38.813624
21
40.650292
0
LINE
8
graphic border
10
38.813624
20
40.650292
11
38.703894
21
40.509178
0
LINE
8
graphic border
10
38.703894
20
40.509178
11
38.404358
21
40.507398
0
LINE
8
graphic border
10
38.404358
20
40.507398
11
38.404359
21
40.507400
0
LINE
8
graphic border
10
38.425193
20
40.595307
11
38.663215
21
40.581052
0
LINE
8
graphic border
10
38.663215
20
40.581052
11
38.743299
21
40.666962
0
LINE
8
graphic border
10
38.743299
20
40.666962
11
38.709701
21
40.779315
0
LINE
8
graphic border
10
38.709701
20
40.779315
11
38.491188
21
40.873764
0
LINE
8
graphic border
10
38.491188
20
40.873764
11
38.253055
21
40.887542
0
LINE
8
graphic border
10
38.253055
20
40.887542
11
38.172859
21
40.801156
0
LINE
8
graphic border
10
38.172859
20
40.801156
11
38.200454
21
40.695245
0
LINE
8
graphic border
10
38.200454
20
40.695245
11
38.425193
21
40.595307
0
LINE
8
graphic border
10
38.425193
20
40.595307
11
38.425193
21
40.595307
0
LINE
8
graphic border
10
35.476085
20
40.414510
11
35.474648
21
40.503179
0
LINE
8
graphic border
10
35.474648
20
40.503179
11
35.587795
21
40.541579
0
LINE
8
graphic border
10
35.587795
20
40.541579
11
35.630613
21
40.626058
0
LINE
8
graphic border
10
35.630613
20
40.626058
11
35.600060
21
40.734846
0
LINE
8
graphic border
10
35.600060
20
40.734846
11
35.499311
21
40.789888
0
LINE
8
graphic border
10
35.499311
20
40.789888
11
35.395771
21
40.762165
0
LINE
8
graphic border
10
35.395771
20
40.762165
11
35.344805
21
40.666838
0
LINE
8
graphic border
10
35.344805
20
40.666838
11
35.347302
21
40.604106
0
LINE
8
graphic border
10
35.347302
20
40.604106
11
35.271799
21
40.622760
0
LINE
8
graphic border
10
35.271799
20
40.622760
11
35.274494
21
40.636697
0
LINE
8
graphic border
10
35.274494
20
40.636697
11
35.257128
21
40.740501
0
LINE
8
graphic border
10
35.257128
20
40.740501
11
35.172610
21
40.795612
0
LINE
8
graphic border
10
35.172610
20
40.795612
11
35.089266
21
40.772413
0
LINE
8
graphic border
10
35.089266
20
40.772413
11
35.047931
21
40.692185
0
LINE
8
graphic border
10
35.047931
20
40.692185
11
35.070020
21
40.603564
0
LINE
8
graphic border
10
35.070020
20
40.603564
11
35.160956
21
40.548683
0
LINE
8
graphic border
10
35.160956
20
40.548683
11
35.135220
21
40.463193
0
LINE
8
graphic border
10
35.135220
20
40.463193
11
35.007912
21
40.551822
0
LINE
8
graphic border
10
35.007912
20
40.551822
11
34.975906
21
40.698638
0
LINE
8
graphic border
10
34.975906
20
40.698638
11
35.013663
21
40.802883
0
LINE
8
graphic border
10
35.013663
20
40.802883
11
35.090300
21
40.869642
0
LINE
8
graphic border
10
35.090300
20
40.869642
11
35.185036
21
40.885127
0
LINE
8
graphic border
10
35.185036
20
40.885127
11
35.266055
21
40.850591
0
LINE
8
graphic border
10
35.266055
20
40.850591
11
35.317640
21
40.770320
0
LINE
8
graphic border
10
35.317640
20
40.770320
11
35.389722
21
40.861211
0
LINE
8
graphic border
10
35.389722
20
40.861211
11
35.508274
21
40.882754
0
LINE
8
graphic border
10
35.508274
20
40.882754
11
35.658460
21
40.796366
0
LINE
8
graphic border
10
35.658460
20
40.796366
11
35.702901
21
40.617121
0
LINE
8
graphic border
10
35.702901
20
40.617121
11
35.628922
21
40.467944
0
LINE
8
graphic border
10
35.628922
20
40.467944
11
35.476159
21
40.414507
0
LINE
8
graphic border
10
35.476159
20
40.414507
11
35.476085
21
40.414510
0
LINE
8
graphic border
10
35.542179
20
40.966301
11
35.545142
21
41.058880
0
LINE
8
graphic border
10
35.545142
20
41.058880
11
35.651527
21
41.094136
0
LINE
8
graphic border
10
35.651527
20
41.094136
11
35.695485
21
41.179958
0
LINE
8
graphic border
10
35.695485
20
41.179958
11
35.660424
21
41.292221
0
LINE
8
graphic border
10
35.660424
20
41.292221
11
35.539414
21
41.350617
0
LINE
8
graphic border
10
35.539414
20
41.350617
11
35.416618
21
41.322194
0
LINE
8
graphic border
10
35.416618
20
41.322194
11
35.360636
21
41.217620
0
LINE
8
graphic border
10
35.360636
20
41.217620
11
35.371130
21
41.139204
0
LINE
8
graphic border
10
35.371130
20
41.139204
11
35.414367
21
41.080066
0
LINE
8
graphic border
10
35.414367
20
41.080066
11
35.394117
21
40.999342
0
LINE
8
graphic border
10
35.394117
20
40.999342
11
35.036931
21
41.110908
0
LINE
8
graphic border
10
35.036931
20
41.110908
11
35.078260
21
41.464500
0
LINE
8
graphic border
10
35.078260
20
41.464500
11
35.161687
21
41.454749
0
LINE
8
graphic border
10
35.161687
20
41.454749
11
35.128521
21
41.171002
0
LINE
8
graphic border
10
35.128521
20
41.171002
11
35.315149
21
41.110347
0
LINE
8
graphic border
10
35.315149
20
41.110347
11
35.286228
21
41.249919
0
LINE
8
graphic border
10
35.286228
20
41.249919
11
35.369107
21
41.399530
0
LINE
8
graphic border
10
35.369107
20
41.399530
11
35.542474
21
41.444168
0
LINE
8
graphic border
10
35.542474
20
41.444168
11
35.702753
21
41.368398
0
LINE
8
graphic border
10
35.702753
20
41.368398
11
35.767262
21
41.171568
0
LINE
8
graphic border
10
35.767262
20
41.171568
11
35.694399
21
41.019308
0
LINE
8
graphic border
10
35.694399
20
41.019308
11
35.542179
21
40.966301
0
LINE
8
graphic border
10
35.542179
20
40.966301
11
35.542179
21
40.966301
0
LINE
8
graphic border
10
32.494745
20
40.511935
11
32.483024
21
40.599838
0
LINE
8
graphic border
10
32.483024
20
40.599838
11
32.590948
21
40.651114
0
LINE
8
graphic border
10
32.590948
20
40.651114
11
32.623669
21
40.739990
0
LINE
8
graphic border
10
32.623669
20
40.739990
11
32.580692
21
40.844495
0
LINE
8
graphic border
10
32.580692
20
40.844495
11
32.474235
21
40.887471
0
LINE
8
graphic border
10
32.474235
20
40.887471
11
32.374614
21
40.847913
0
LINE
8
graphic border
10
32.374614
20
40.847913
11
32.335059
21
40.747316
0
LINE
8
graphic border
10
32.335059
20
40.747316
11
32.344822
21
40.685298
0
LINE
8
graphic border
10
32.344822
20
40.685298
11
32.267664
21
40.695061
0
LINE
8
graphic border
10
32.267664
20
40.695061
11
32.268723
21
40.709216
0
LINE
8
graphic border
10
32.268723
20
40.709216
11
32.239423
21
40.810306
0
LINE
8
graphic border
10
32.239423
20
40.810306
11
32.149078
21
40.855232
0
LINE
8
graphic border
10
32.149078
20
40.855232
11
32.068992
21
40.822514
0
LINE
8
graphic border
10
32.068992
20
40.822514
11
32.037250
21
40.738030
0
LINE
8
graphic border
10
32.037250
20
40.738030
11
32.069478
21
40.652569
0
LINE
8
graphic border
10
32.069478
20
40.652569
11
32.166170
21
40.608619
0
LINE
8
graphic border
10
32.166170
20
40.608619
11
32.150533
21
40.520717
0
LINE
8
graphic border
10
32.150533
20
40.520717
11
32.013797
21
40.593969
0
LINE
8
graphic border
10
32.013797
20
40.593969
11
31.964963
21
40.736077
0
LINE
8
graphic border
10
31.964963
20
40.736077
11
31.990363
21
40.844000
0
LINE
8
graphic border
10
31.990363
20
40.844000
11
32.058731
21
40.919205
0
LINE
8
graphic border
10
32.058731
20
40.919205
11
32.151028
21
40.945584
0
LINE
8
graphic border
10
32.151028
20
40.945584
11
32.235509
21
40.920687
0
LINE
8
graphic border
10
32.235509
20
40.920687
11
32.296065
21
40.846948
0
LINE
8
graphic border
10
32.296065
20
40.846948
11
32.357107
21
40.945595
0
LINE
8
graphic border
10
32.357107
20
40.945595
11
32.472356
21
40.980755
0
LINE
8
graphic border
10
32.472356
20
40.980755
11
32.631556
21
40.912387
0
LINE
8
graphic border
10
32.631556
20
40.912387
11
32.696506
21
40.739514
0
LINE
8
graphic border
10
32.696506
20
40.739514
11
32.640345
21
40.582756
0
LINE
8
graphic border
10
32.640345
20
40.582756
11
32.494819
21
40.511946
0
LINE
8
graphic border
10
32.494819
20
40.511946
11
32.494745
21
40.511935
0
LINE
8
graphic border
10
32.330661
20
41.067668
11
32.126536
21
41.093544
0
LINE
8
graphic border
10
32.126536
20
41.093544
11
32.006891
21
41.171192
0
LINE
8
graphic border
10
32.006891
20
41.171192
11
31.964894
21
41.301091
0
LINE
8
graphic border
10
31.964894
20
41.301091
11
31.988336
21
41.402178
0
LINE
8
graphic border
10
31.988336
20
41.402178
11
32.055239
21
41.473964
0
LINE
8
graphic border
10
32.055239
20
41.473964
11
32.161696
21
41.518401
0
LINE
8
graphic border
10
32.161696
20
41.518401
11
32.330661
21
41.534514
0
LINE
8
graphic border
10
32.330661
20
41.534514
11
32.534300
21
41.508638
0
LINE
8
graphic border
10
32.534300
20
41.508638
11
32.653945
21
41.430991
0
LINE
8
graphic border
10
32.653945
20
41.430991
11
32.695942
21
41.301094
0
LINE
8
graphic border
10
32.695942
20
41.301094
11
32.621713
21
41.138476
0
LINE
8
graphic border
10
32.621713
20
41.138476
11
32.330661
21
41.067666
0
LINE
8
graphic border
10
32.330661
20
41.067666
11
32.330661
21
41.067668
0
LINE
8
graphic border
10
32.330661
20
41.158013
11
32.565556
21
41.199034
0
LINE
8
graphic border
10
32.565556
20
41.199034
11
32.623669
21
41.301097
0
LINE
8
graphic border
10
32.623669
20
41.301097
11
32.565066
21
41.402670
0
LINE
8
graphic border
10
32.565066
20
41.402670
11
32.330661
21
41.444180
0
LINE
8
graphic border
10
32.330661
20
41.444180
11
32.095770
21
41.402670
0
LINE
8
graphic border
10
32.095770
20
41.402670
11
32.037657
21
41.300120
0
LINE
8
graphic border
10
32.037657
20
41.300120
11
32.088933
21
41.203428
0
LINE
8
graphic border
10
32.088933
20
41.203428
11
32.330661
21
41.158013
0
LINE
8
graphic border
10
32.330661
20
41.158013
11
32.330661
21
41.158013
0
LINE
8
graphic border
10
29.483319
20
40.841168
11
29.567231
21
40.850976
0
LINE
8
graphic border
10
29.567231
20
40.850976
11
29.622167
21
40.380972
0
LINE
8
graphic border
10
29.622167
20
40.380972
11
29.560346
21
40.384081
0
LINE
8
graphic border
10
29.560346
20
40.384081
11
29.459073
21
40.430260
0
LINE
8
graphic border
10
29.459073
20
40.430260
11
29.338014
21
40.532145
0
LINE
8
graphic border
10
29.338014
20
40.532145
11
29.169340
21
40.671237
0
LINE
8
graphic border
10
29.169340
20
40.671237
11
29.059324
21
40.699678
0
LINE
8
graphic border
10
29.059324
20
40.699678
11
28.976383
21
40.652125
0
LINE
8
graphic border
10
28.976383
20
40.652125
11
28.951772
21
40.551408
0
LINE
8
graphic border
10
28.951772
20
40.551408
11
29.001397
21
40.454941
0
LINE
8
graphic border
10
29.001397
20
40.454941
11
29.110644
21
40.428869
0
LINE
8
graphic border
10
29.110644
20
40.428869
11
29.111917
21
40.338058
0
LINE
8
graphic border
10
29.111917
20
40.338058
11
28.951022
21
40.389561
0
LINE
8
graphic border
10
28.951022
20
40.389561
11
28.879274
21
40.544900
0
LINE
8
graphic border
10
28.879274
20
40.544900
11
28.917088
21
40.713535
0
LINE
8
graphic border
10
28.917088
20
40.713535
11
29.050776
21
40.789638
0
LINE
8
graphic border
10
29.050776
20
40.789638
11
29.136728
21
40.781997
0
LINE
8
graphic border
10
29.136728
20
40.781997
11
29.230353
21
40.733941
0
LINE
8
graphic border
10
29.230353
20
40.733941
11
29.371197
21
40.614212
0
LINE
8
graphic border
10
29.371197
20
40.614212
11
29.472722
21
40.523811
0
LINE
8
graphic border
10
29.472722
20
40.523811
11
29.524079
21
40.492448
0
LINE
8
graphic border
10
29.524079
20
40.492448
11
29.483319
21
40.841168
0
LINE
8
graphic border
10
29.370034
20
40.922818
11
29.351559
21
41.013584
0
LINE
8
graphic border
10
29.351559
20
41.013584
11
29.446948
21
41.072425
0
LINE
8
graphic border
10
29.446948
20
41.072425
11
29.469927
21
41.166067
0
LINE
8
graphic border
10
29.469927
20
41.166067
11
29.409921
21
41.267222
0
LINE
8
graphic border
10
29.409921
20
41.267222
11
29.278708
21
41.296134
0
LINE
8
graphic border
10
29.278708
20
41.296134
11
29.165776
21
41.240161
0
LINE
8
graphic border
10
29.165776
20
41.240161
11
29.135420
21
41.125496
0
LINE
8
graphic border
10
29.135420
20
41.125496
11
29.163722
21
41.051611
0
LINE
8
graphic border
10
29.163722
20
41.051611
11
29.219433
21
41.004039
0
LINE
8
graphic border
10
29.219433
20
41.004039
11
29.218343
21
40.920821
0
LINE
8
graphic border
10
29.218343
20
40.920821
11
28.845058
21
40.947006
0
LINE
8
graphic border
10
28.845058
20
40.947006
11
28.803728
21
41.300601
0
LINE
8
graphic border
10
28.803728
20
41.300601
11
28.887155
21
41.310352
0
LINE
8
graphic border
10
28.887155
20
41.310352
11
28.920321
21
41.026603
0
LINE
8
graphic border
10
28.920321
20
41.026603
11
29.115905
21
41.010622
0
LINE
8
graphic border
10
29.115905
20
41.010622
11
29.055577
21
41.139762
0
LINE
8
graphic border
10
29.055577
20
41.139762
11
29.101719
21
41.304456
0
LINE
8
graphic border
10
29.101719
20
41.304456
11
29.260119
21
41.387870
0
LINE
8
graphic border
10
29.260119
20
41.387870
11
29.433549
21
41.351108
0
LINE
8
graphic border
10
29.433549
20
41.351108
11
29.541713
21
41.174458
0
LINE
8
graphic border
10
29.541713
20
41.174458
11
29.505927
21
41.009502
0
LINE
8
graphic border
10
29.505927
20
41.009502
11
29.370034
21
40.922818
0
LINE
8
graphic border
10
29.370034
20
40.922818
11
29.370034
21
40.922818
0
LINE
8
graphic border
10
26.324800
20
40.297813
11
26.407007
21
40.317296
0
LINE
8
graphic border
10
26.407007
20
40.317296
11
26.516132
21
39.856848
0
LINE
8
graphic border
10
26.516132
20
39.856848
11
26.454368
21
39.852760
0
LINE
8
graphic border
10
26.454368
20
39.852760
11
26.348417
21
39.886870
0
LINE
8
graphic border
10
26.348417
20
39.886870
11
26.216351
21
39.974013
0
LINE
8
graphic border
10
26.216351
20
39.974013
11
26.032670
21
40.092584
0
LINE
8
graphic border
10
26.032670
20
40.092584
11
25.920095
21
40.108061
0
LINE
8
graphic border
10
25.920095
20
40.108061
11
25.843233
21
40.051201
0
LINE
8
graphic border
10
25.843233
20
40.051201
11
25.830482
21
39.948305
0
LINE
8
graphic border
10
25.830482
20
39.948305
11
25.890971
21
39.858254
0
LINE
8
graphic border
10
25.890971
20
39.858254
11
26.002506
21
39.845040
0
LINE
8
graphic border
10
26.002506
20
39.845040
11
26.014304
21
39.754989
0
LINE
8
graphic border
10
26.014304
20
39.754989
11
25.848517
21
39.787466
0
LINE
8
graphic border
10
25.848517
20
39.787466
11
25.759221
21
39.933426
0
LINE
8
graphic border
10
25.759221
20
39.933426
11
25.777204
21
40.105312
0
LINE
8
graphic border
10
25.777204
20
40.105312
11
25.901154
21
40.196417
0
LINE
8
graphic border
10
25.901154
20
40.196417
11
25.987412
21
40.198805
0
LINE
8
graphic border
10
25.987412
20
40.198805
11
26.085983
21
40.161940
0
LINE
8
graphic border
10
26.085983
20
40.161940
11
26.239774
21
40.059370
0
LINE
8
graphic border
10
26.239774
20
40.059370
11
26.351108
21
39.981369
0
LINE
8
graphic border
10
26.351108
20
39.981369
11
26.405759
21
39.956177
0
LINE
8
graphic border
10
26.405759
20
39.956177
11
26.324800
21
40.297813
0
LINE
8
graphic border
10
26.041715
20
40.327583
11
25.837123
21
40.305688
0
LINE
8
graphic border
10
25.837123
20
40.305688
11
25.702798
21
40.353649
0
LINE
8
graphic border
10
25.702798
20
40.353649
11
25.631976
21
40.470362
0
LINE
8
graphic border
10
25.631976
20
40.470362
11
25.631475
21
40.574130
0
LINE
8
graphic border
10
25.631475
20
40.574130
11
25.680020
21
40.659411
0
LINE
8
graphic border
10
25.680020
20
40.659411
11
25.773360
21
40.727203
0
LINE
8
graphic border
10
25.773360
20
40.727203
11
25.934055
21
40.781847
0
LINE
8
graphic border
10
25.934055
20
40.781847
11
26.138173
21
40.803629
0
LINE
8
graphic border
10
26.138173
20
40.803629
11
26.272499
21
40.755668
0
LINE
8
graphic border
10
26.272499
20
40.755668
11
26.343320
21
40.638955
0
LINE
8
graphic border
10
26.343320
20
40.638955
11
26.308594
21
40.463602
0
LINE
8
graphic border
10
26.308594
20
40.463602
11
26.041716
21
40.327580
0
LINE
8
graphic border
10
26.041716
20
40.327580
11
26.041715
21
40.327583
0
LINE
8
graphic border
10
26.020881
20
40.415492
11
26.239984
21
40.509577
0
LINE
8
graphic border
10
26.239984
20
40.509577
11
26.272994
21
40.622290
0
LINE
8
graphic border
10
26.272994
20
40.622290
11
26.192547
21
40.707614
0
LINE
8
graphic border
10
26.192547
20
40.707614
11
25.954887
21
40.693947
0
LINE
8
graphic border
10
25.954887
20
40.693947
11
25.735899
21
40.599390
0
LINE
8
graphic border
10
25.735899
20
40.599390
11
25.703002
21
40.486200
0
LINE
8
graphic border
10
25.703002
20
40.486200
11
25.775194
21
40.403939
0
LINE
8
graphic border
10
25.775194
20
40.403939
11
26.020881
21
40.415492
0
LINE
8
graphic border
10
26.020881
20
40.415492
11
26.020881
21
40.415492
0
LINE
8
graphic border
10
23.466460
20
39.376943
11
23.496525
21
39.294342
0
LINE
8
graphic border
10
23.496525
20
39.294342
11
22.970176
21
39.102767
0
LINE
8
graphic border
10
22.970176
20
39.102767
11
23.055638
21
39.045008
0
LINE
8
graphic border
10
23.055638
20
39.045008
11
23.129882
21
38.973810
0
LINE
8
graphic border
10
23.129882
20
38.973810
11
23.050035
21
38.944748
0
LINE
8
graphic border
10
23.050035
20
38.944748
11
22.927013
21
39.037166
0
LINE
8
graphic border
10
22.927013
20
39.037166
11
22.810345
21
39.077854
0
LINE
8
graphic border
10
22.810345
20
39.077854
11
22.790971
21
39.131085
0
LINE
8
graphic border
10
22.790971
20
39.131085
11
23.466460
21
39.376943
0
LINE
8
graphic border
10
23.213248
20
39.524356
11
23.174346
21
39.608417
0
LINE
8
graphic border
10
23.174346
20
39.608417
11
23.253593
21
39.687669
0
LINE
8
graphic border
10
23.253593
20
39.687669
11
23.254360
21
39.784088
0
LINE
8
graphic border
10
23.254360
20
39.784088
11
23.172643
21
39.868677
0
LINE
8
graphic border
10
23.172643
20
39.868677
11
23.038297
21
39.866550
0
LINE
8
graphic border
10
23.038297
20
39.866550
11
22.941318
21
39.786042
0
LINE
8
graphic border
10
22.941318
20
39.786042
11
22.938224
21
39.667467
0
LINE
8
graphic border
10
22.938224
20
39.667467
11
22.982795
21
39.602098
0
LINE
8
graphic border
10
22.982795
20
39.602098
11
23.047975
21
39.568655
0
LINE
8
graphic border
10
23.047975
20
39.568655
11
23.066107
21
39.487430
0
LINE
8
graphic border
10
23.066107
20
39.487430
11
22.696843
21
39.426824
0
LINE
8
graphic border
10
22.696843
20
39.426824
11
22.575083
21
39.761356
0
LINE
8
graphic border
10
22.575083
20
39.761356
11
22.654012
21
39.790084
0
LINE
8
graphic border
10
22.654012
20
39.790084
11
22.751721
21
39.521632
0
LINE
8
graphic border
10
22.751721
20
39.521632
11
22.945720
21
39.551187
0
LINE
8
graphic border
10
22.945720
20
39.551187
11
22.857235
21
39.662933
0
LINE
8
graphic border
10
22.857235
20
39.662933
11
22.864152
21
39.833829
0
LINE
8
graphic border
10
22.864152
20
39.833829
11
22.999046
21
39.951523
0
LINE
8
graphic border
10
22.999046
20
39.951523
11
23.176282
21
39.955749
0
LINE
8
graphic border
10
23.176282
20
39.955749
11
23.322267
21
39.808804
0
LINE
8
graphic border
10
23.322267
20
39.808804
11
23.325487
21
39.640041
0
LINE
8
graphic border
10
23.325487
20
39.640041
11
23.213248
21
39.524356
0
LINE
8
graphic border
10
23.213248
20
39.524356
11
23.213248
21
39.524356
0
LINE
8
graphic border
10
20.711556
20
38.018057
11
20.751007
21
37.939505
0
LINE
8
graphic border
10
20.751007
20
37.939505
11
20.250459
21
37.688117
0
LINE
8
graphic border
10
20.250459
20
37.688117
11
20.342051
21
37.640669
0
LINE
8
graphic border
10
20.342051
20
37.640669
11
20.424058
21
37.578575
0
LINE
8
graphic border
10
20.424058
20
37.578575
11
20.348126
21
37.540439
0
LINE
8
graphic border
10
20.348126
20
37.540439
11
20.215205
21
37.617950
0
LINE
8
graphic border
10
20.215205
20
37.617950
11
20.094603
21
37.644818
0
LINE
8
graphic border
10
20.094603
20
37.644818
11
20.069179
21
37.695440
0
LINE
8
graphic border
10
20.069179
20
37.695440
11
20.711556
21
38.018057
0
LINE
8
graphic border
10
20.295003
20
38.060777
11
20.100977
21
37.992289
0
LINE
8
graphic border
10
20.100977
20
37.992289
11
19.959211
21
38.007977
0
LINE
8
graphic border
10
19.959211
20
38.007977
11
19.863382
21
38.105212
0
LINE
8
graphic border
10
19.863382
20
38.105212
11
19.838962
21
38.206067
0
LINE
8
graphic border
10
19.838962
20
38.206067
11
19.866532
21
38.300245
0
LINE
8
graphic border
10
19.866532
20
38.300245
11
19.941722
21
38.387736
0
LINE
8
graphic border
10
19.941722
20
38.387736
11
20.085483
21
38.477968
0
LINE
8
graphic border
10
20.085483
20
38.477968
11
20.279075
21
38.546238
0
LINE
8
graphic border
10
20.279075
20
38.546238
11
20.420841
21
38.530547
0
LINE
8
graphic border
10
20.420841
20
38.530547
11
20.516671
21
38.433313
0
LINE
8
graphic border
10
20.516671
20
38.433313
11
20.523322
21
38.254678
0
LINE
8
graphic border
10
20.523322
20
38.254678
11
20.295007
21
38.060776
0
LINE
8
graphic border
10
20.295007
20
38.060776
11
20.295003
21
38.060777
0
LINE
8
graphic border
10
20.254458
20
38.141510
11
20.445954
21
38.283588
0
LINE
8
graphic border
10
20.445954
20
38.283588
11
20.452079
21
38.400876
0
LINE
8
graphic border
10
20.452079
20
38.400876
11
20.354125
21
38.465348
0
LINE
8
graphic border
10
20.354125
20
38.465348
11
20.126024
21
38.397239
0
LINE
8
graphic border
10
20.126024
20
38.397239
11
19.934746
21
38.254726
0
LINE
8
graphic border
10
19.934746
20
38.254726
11
19.928841
21
38.137000
0
LINE
8
graphic border
10
19.928841
20
38.137000
11
20.018058
21
38.073606
0
LINE
8
graphic border
10
20.018058
20
38.073606
11
20.254458
21
38.141510
0
LINE
8
graphic border
10
20.254458
20
38.141510
11
20.254458
21
38.141510
0
LINE
8
graphic border
10
17.714818
20
36.456050
11
17.657579
21
36.528875
0
LINE
8
graphic border
10
17.657579
20
36.528875
11
17.716415
21
36.624267
0
LINE
8
graphic border
10
17.716415
20
36.624267
11
17.694924
21
36.718263
0
LINE
8
graphic border
10
17.694924
20
36.718263
11
17.595902
21
36.781727
0
LINE
8
graphic border
10
17.595902
20
36.781727
11
17.465670
21
36.748677
0
LINE
8
graphic border
10
17.465670
20
36.748677
11
17.389869
21
36.647973
0
LINE
8
graphic border
10
17.389869
20
36.647973
11
17.414203
21
36.531880
0
LINE
8
graphic border
10
17.414203
20
36.531880
11
17.472648
21
36.478552
0
LINE
8
graphic border
10
17.472648
20
36.478552
11
17.543783
21
36.461042
0
LINE
8
graphic border
10
17.543783
20
36.461042
11
17.580158
21
36.386187
0
LINE
8
graphic border
10
17.580158
20
36.386187
11
17.234823
21
36.242058
0
LINE
8
graphic border
10
17.234823
20
36.242058
11
17.039198
21
36.539495
0
LINE
8
graphic border
10
17.039198
20
36.539495
11
17.109375
21
36.585650
0
LINE
8
graphic border
10
17.109375
20
36.585650
11
17.266358
21
36.346966
0
LINE
8
graphic border
10
17.266358
20
36.346966
11
17.448312
21
36.420463
0
LINE
8
graphic border
10
17.448312
20
36.420463
11
17.336445
21
36.508793
0
LINE
8
graphic border
10
17.336445
20
36.508793
11
17.303765
21
36.676678
0
LINE
8
graphic border
10
17.303765
20
36.676678
11
17.407881
21
36.822308
0
LINE
8
graphic border
10
17.407881
20
36.822308
11
17.579363
21
36.867291
0
LINE
8
graphic border
10
17.579363
20
36.867291
11
17.755301
21
36.757973
0
LINE
8
graphic border
10
17.755301
20
36.757973
11
17.797353
21
36.594501
0
LINE
8
graphic border
10
17.797353
20
36.594501
11
17.714818
21
36.456050
0
LINE
8
graphic border
10
17.714818
20
36.456050
11
17.714818
21
36.456050
0
LINE
8
graphic border
10
15.111007
20
34.299088
11
14.938002
21
34.187699
0
LINE
8
graphic border
10
14.938002
20
34.187699
11
14.796441
21
34.170274
0
LINE
8
graphic border
10
14.796441
20
34.170274
11
14.680772
21
34.242788
0
LINE
8
graphic border
10
14.680772
20
34.242788
11
14.633752
21
34.335293
0
LINE
8
graphic border
10
14.633752
20
34.335293
11
14.638859
21
34.433289
0
LINE
8
graphic border
10
14.638859
20
34.433289
11
14.691845
21
34.535762
0
LINE
8
graphic border
10
14.691845
20
34.535762
11
14.810925
21
34.656716
0
LINE
8
graphic border
10
14.810925
20
34.656716
11
14.983555
21
34.767790
0
LINE
8
graphic border
10
14.983555
20
34.767790
11
15.125117
21
34.785213
0
LINE
8
graphic border
10
15.125117
20
34.785213
11
15.240787
21
34.712699
0
LINE
8
graphic border
10
15.240787
20
34.712699
11
15.288455
21
34.540415
0
LINE
8
graphic border
10
15.288455
20
34.540415
11
15.111010
21
34.299088
0
LINE
8
graphic border
10
15.111010
20
34.299088
11
15.111007
21
34.299088
0
LINE
8
graphic border
10
15.052936
20
34.368294
11
15.206506
21
34.550704
0
LINE
8
graphic border
10
15.206506
20
34.550704
11
15.185418
21
34.666243
0
LINE
8
graphic border
10
15.185418
20
34.666243
11
15.075236
21
34.706388
0
LINE
8
graphic border
10
15.075236
20
34.706388
11
14.868991
21
34.587512
0
LINE
8
graphic border
10
14.868991
20
34.587512
11
14.715731
21
34.404728
0
LINE
8
graphic border
10
14.715731
20
34.404728
11
14.737136
21
34.288815
0
LINE
8
graphic border
10
14.737136
20
34.288815
11
14.838566
21
34.247703
0
LINE
8
graphic border
10
14.838566
20
34.247703
11
15.052936
21
34.368294
0
LINE
8
graphic border
10
15.052936
20
34.368294
11
15.052936
21
34.368294
0
LINE
8
graphic border
10
44.461027
20
28.025504
11
41.819954
21
29.867902
0
LINE
8
graphic border
10
41.819954
20
29.867902
11
38.963337
21
31.183900
0
LINE
8
graphic border
10
38.963337
20
31.183900
11
35.963025
21
31.973499
0
LINE
8
graphic border
10
35.963025
20
31.973499
11
32.890866
21
32.236698
0
LINE
8
graphic border
10
32.890866
20
32.236698
11
29.818706
21
31.973499
0
LINE
8
graphic border
10
29.818706
20
31.973499
11
26.818395
21
31.183900
0
LINE
8
graphic border
10
26.818395
20
31.183900
11
23.961778
21
29.867902
0
LINE
8
graphic border
10
23.961778
20
29.867902
11
21.320704
21
28.025504
0
LINE
8
graphic border
10
33.169953
20
34.359796
11
32.538528
21
34.359796
0
LINE
8
graphic border
10
32.538528
20
34.359796
11
32.538528
21
34.123928
0
LINE
8
graphic border
10
32.538528
20
34.123928
11
32.454044
21
34.123928
0
LINE
8
graphic border
10
32.454044
20
34.123928
11
32.454044
21
34.691379
0
LINE
8
graphic border
10
32.454044
20
34.691379
11
32.538528
21
34.691379
0
LINE
8
graphic border
10
32.538528
20
34.691379
11
32.538528
21
34.454535
0
LINE
8
graphic border
10
32.538528
20
34.454535
11
33.169953
21
34.454535
0
LINE
8
graphic border
10
33.169953
20
34.454535
11
33.169953
21
34.359796
0
LINE
8
graphic border
10
33.169953
20
34.777329
11
32.454044
21
34.777329
0
LINE
8
graphic border
10
32.454044
20
34.777329
11
32.454044
21
34.865229
0
LINE
8
graphic border
10
32.454044
20
34.865229
11
32.710912
21
34.865229
0
LINE
8
graphic border
10
32.710912
20
34.865229
11
32.639615
21
35.020523
0
LINE
8
graphic border
10
32.639615
20
35.020523
11
32.662554
21
35.120633
0
LINE
8
graphic border
10
32.662554
20
35.120633
11
32.725062
21
35.181186
0
LINE
8
graphic border
10
32.725062
20
35.181186
11
32.841286
21
35.199733
0
LINE
8
graphic border
10
32.841286
20
35.199733
11
33.169940
21
35.199733
0
LINE
8
graphic border
10
33.169940
20
35.199733
11
33.169940
21
35.111831
0
LINE
8
graphic border
10
33.169940
20
35.111831
11
32.841286
21
35.111831
0
LINE
8
graphic border
10
32.841286
20
35.111831
11
32.745573
21
35.083020
0
LINE
8
graphic border
10
32.745573
20
35.083020
11
32.715294
21
35.002444
0
LINE
8
graphic border
10
32.715294
20
35.002444
11
32.735799
21
34.928705
0
LINE
8
graphic border
10
32.735799
20
34.928705
11
32.790494
21
34.879871
0
LINE
8
graphic border
10
32.790494
20
34.879871
11
32.886209
21
34.865213
0
LINE
8
graphic border
10
32.886209
20
34.865213
11
33.169935
21
34.865213
0
LINE
8
graphic border
10
33.169935
20
34.865213
11
33.169953
21
34.777329
0
LINE
8
graphic border
10
33.169953
20
35.673435
11
33.093772
21
35.673435
0
LINE
8
graphic border
10
33.093772
20
35.673435
11
33.181674
21
35.508864
0
LINE
8
graphic border
10
33.181674
20
35.508864
11
33.164079
21
35.422917
0
LINE
8
graphic border
10
33.164079
20
35.422917
11
33.120130
21
35.363828
0
LINE
8
graphic border
10
33.120130
20
35.363828
11
33.054693
21
35.336967
0
LINE
8
graphic border
10
33.054693
20
35.336967
11
32.972651
21
35.331596
0
LINE
8
graphic border
10
32.972651
20
35.331596
11
32.651323
21
35.331596
0
LINE
8
graphic border
10
32.651323
20
35.331596
11
32.651323
21
35.419498
0
LINE
8
graphic border
10
32.651323
20
35.419498
11
32.938956
21
35.419498
0
LINE
8
graphic border
10
32.938956
20
35.419498
11
33.031740
21
35.424870
0
LINE
8
graphic border
10
33.031740
20
35.424870
11
33.086435
21
35.460030
0
LINE
8
graphic border
10
33.086435
20
35.460030
11
33.105961
21
35.526446
0
LINE
8
graphic border
10
33.105961
20
35.526446
11
33.085932
21
35.600672
0
LINE
8
graphic border
10
33.085932
20
35.600672
11
33.030751
21
35.649506
0
LINE
8
graphic border
10
33.030751
20
35.649506
11
32.929175
21
35.664164
0
LINE
8
graphic border
10
32.929175
20
35.664164
11
32.651310
21
35.664164
0
LINE
8
graphic border
10
32.651310
20
35.664164
11
32.651310
21
35.752066
0
LINE
8
graphic border
10
32.651310
20
35.752066
11
33.169927
21
35.752066
0
LINE
8
graphic border
10
33.169927
20
35.752066
11
33.169953
21
35.673435
0
LINE
8
graphic border
10
33.169953
20
35.888795
11
32.651336
21
35.888795
0
LINE
8
graphic border
10
32.651336
20
35.888795
11
32.651336
21
35.967905
0
LINE
8
graphic border
10
32.651336
20
35.967905
11
32.729957
21
35.967905
0
LINE
8
graphic border
10
32.729957
20
35.967905
11
32.657194
21
36.023576
0
LINE
8
graphic border
10
32.657194
20
36.023576
11
32.639626
21
36.080223
0
LINE
8
graphic border
10
32.639626
20
36.080223
11
32.667949
21
36.170568
0
LINE
8
graphic border
10
32.667949
20
36.170568
11
32.749502
21
36.140289
0
LINE
8
graphic border
10
32.749502
20
36.140289
11
32.730452
21
36.075828
0
LINE
8
graphic border
10
32.730452
20
36.075828
11
32.748020
21
36.024065
0
LINE
8
graphic border
10
32.748020
20
36.024065
11
32.795875
21
35.991347
0
LINE
8
graphic border
10
32.795875
20
35.991347
11
32.898427
21
35.976689
0
LINE
8
graphic border
10
32.898427
20
35.976689
11
33.169945
21
35.976689
0
LINE
8
graphic border
10
33.169945
20
35.976689
11
33.169953
21
35.888795
0
LINE
8
graphic border
10
33.015148
20
36.187660
11
33.001469
21
36.274583
0
LINE
8
graphic border
10
33.001469
20
36.274583
11
33.081556
21
36.315117
0
LINE
8
graphic border
10
33.081556
20
36.315117
11
33.109393
21
36.408877
0
LINE
8
graphic border
10
33.109393
20
36.408877
11
33.084972
21
36.498733
0
LINE
8
graphic border
10
33.084972
20
36.498733
11
33.026859
21
36.528032
0
LINE
8
graphic border
10
33.026859
20
36.528032
11
32.979977
21
36.502156
0
LINE
8
graphic border
10
32.979977
20
36.502156
11
32.950191
21
36.412301
0
LINE
8
graphic border
10
32.950191
20
36.412301
11
32.908193
21
36.278007
0
LINE
8
graphic border
10
32.908193
20
36.278007
11
32.858870
21
36.221360
0
LINE
8
graphic border
10
32.858870
20
36.221360
11
32.789036
21
36.202310
0
LINE
8
graphic border
10
32.789036
20
36.202310
11
32.725065
21
36.217946
0
LINE
8
graphic border
10
32.725065
20
36.217946
11
32.675741
21
36.261410
0
LINE
8
graphic border
10
32.675741
20
36.261410
11
32.650341
21
36.317080
0
LINE
8
graphic border
10
32.650341
20
36.317080
11
32.639599
21
36.393262
0
LINE
8
graphic border
10
32.639599
20
36.393262
11
32.657167
21
36.500209
0
LINE
8
graphic border
10
32.657167
20
36.500209
11
32.705025
21
36.568577
0
LINE
8
graphic border
10
32.705025
20
36.568577
11
32.785115
21
36.598853
0
LINE
8
graphic border
10
32.785115
20
36.598853
11
32.796836
21
36.512906
0
LINE
8
graphic border
10
32.796836
20
36.512906
11
32.734328
21
36.478722
0
LINE
8
graphic border
10
32.734328
20
36.478722
11
32.711865
21
36.399609
0
LINE
8
graphic border
10
32.711865
20
36.399609
11
32.731894
21
36.313173
0
LINE
8
graphic border
10
32.731894
20
36.313173
11
32.778772
21
36.287296
0
LINE
8
graphic border
10
32.778772
20
36.287296
11
32.809538
21
36.298038
0
LINE
8
graphic border
10
32.809538
20
36.298038
11
32.832980
21
36.331733
0
LINE
8
graphic border
10
32.832980
20
36.331733
11
32.855443
21
36.409380
0
LINE
8
graphic border
10
32.855443
20
36.409380
11
32.896464
21
36.539277
0
LINE
8
graphic border
10
32.896464
20
36.539277
11
32.942369
21
36.597390
0
LINE
8
graphic border
10
32.942369
20
36.597390
11
33.017572
21
36.618398
0
LINE
8
graphic border
10
33.017572
20
36.618398
11
33.100590
21
36.592522
0
LINE
8
graphic border
10
33.100590
20
36.592522
11
33.160656
21
36.518780
0
LINE
8
graphic border
10
33.160656
20
36.518780
11
33.181664
21
36.409393
0
LINE
8
graphic border
10
33.181664
20
36.409393
11
33.139666
21
36.255078
0
LINE
8
graphic border
10
33.139666
20
36.255078
11
33.015138
21
36.187686
0
LINE
8
graphic border
10
33.015138
20
36.187686
11
33.015148
21
36.187660
0
LINE
8
graphic border
10
33.169953
20
37.059350
11
33.104516
21
37.059350
0
LINE
8
graphic border
10
33.104516
20
37.059350
11
33.181674
21
36.914310
0
LINE
8
graphic border
10
33.181674
20
36.914310
11
33.147490
21
36.800040
0
LINE
8
graphic border
10
33.147490
20
36.800040
11
33.052264
21
36.719464
0
LINE
8
graphic border
10
33.052264
20
36.719464
11
32.911133
21
36.691140
0
LINE
8
graphic border
10
32.911133
20
36.691140
11
32.770491
21
36.717016
0
LINE
8
graphic border
10
32.770491
20
36.717016
11
32.673310
21
36.794663
0
LINE
8
graphic border
10
32.673310
20
36.794663
11
32.639615
21
36.910400
0
LINE
8
graphic border
10
32.639615
20
36.910400
11
32.659644
21
36.993905
0
LINE
8
graphic border
10
32.659644
20
36.993905
11
32.710920
21
37.053484
0
LINE
8
graphic border
10
32.710920
20
37.053484
11
32.454052
21
37.053484
0
LINE
8
graphic border
10
32.454052
20
37.053484
11
32.454052
21
37.140897
0
LINE
8
graphic border
10
32.454052
20
37.140897
11
33.169961
21
37.140897
0
LINE
8
graphic border
10
33.169961
20
37.140897
11
33.169953
21
37.059350
0
LINE
8
graphic border
10
32.911133
20
36.781482
11
33.060077
21
36.823479
0
LINE
8
graphic border
10
33.060077
20
36.823479
11
33.109401
21
36.922613
0
LINE
8
graphic border
10
33.109401
20
36.922613
11
33.062519
21
37.020281
0
LINE
8
graphic border
10
33.062519
20
37.020281
11
32.918459
21
37.060813
0
LINE
8
graphic border
10
32.918459
20
37.060813
11
32.762188
21
37.019794
0
LINE
8
graphic border
10
32.762188
20
37.019794
11
32.712378
21
36.918708
0
LINE
8
graphic border
10
32.712378
20
36.918708
11
32.760236
21
36.820550
0
LINE
8
graphic border
10
32.760236
20
36.820550
11
32.911133
21
36.781482
0
LINE
8
graphic border
10
32.911133
20
36.781482
11
32.911133
21
36.781482
0
LINE
8
graphic border
10
33.105982
20
37.617524
11
33.164582
21
37.523275
0
LINE
8
graphic border
10
33.164582
20
37.523275
11
33.181674
21
37.426583
0
LINE
8
graphic border
10
33.181674
20
37.426583
11
33.140164
21
37.295217
0
LINE
8
graphic border
10
33.140164
20
37.295217
11
33.033219
21
37.249315
0
LINE
8
graphic border
10
33.033219
20
37.249315
11
32.963875
21
37.266407
0
LINE
8
graphic border
10
32.963875
20
37.266407
11
32.913085
21
37.311823
0
LINE
8
graphic border
10
32.913085
20
37.311823
11
32.884275
21
37.375307
0
LINE
8
graphic border
10
32.884275
20
37.375307
11
32.871099
21
37.453441
0
LINE
8
graphic border
10
32.871099
20
37.453441
11
32.840822
21
37.610198
0
LINE
8
graphic border
10
32.840822
20
37.610198
11
32.817857
21
37.610727
0
LINE
8
graphic border
10
32.817857
20
37.610727
11
32.742165
21
37.585830
0
LINE
8
graphic border
10
32.742165
20
37.585830
11
32.712375
21
37.485720
0
LINE
8
graphic border
10
32.712375
20
37.485720
11
32.734362
21
37.393909
0
LINE
8
graphic border
10
32.734362
20
37.393909
11
32.811030
21
37.350449
0
LINE
8
graphic border
10
32.811030
20
37.350449
11
32.799309
21
37.264499
0
LINE
8
graphic border
10
32.799309
20
37.264499
11
32.710433
21
37.303078
0
LINE
8
graphic border
10
32.710433
20
37.303078
11
32.658181
21
37.380725
0
LINE
8
graphic border
10
32.658181
20
37.380725
11
32.639634
21
37.498414
0
LINE
8
graphic border
10
32.639634
20
37.498414
11
32.655270
21
37.606340
0
LINE
8
graphic border
10
32.655270
20
37.606340
11
32.694826
21
37.667382
0
LINE
8
graphic border
10
32.694826
20
37.667382
11
32.754404
21
37.694730
0
LINE
8
graphic border
10
32.754404
20
37.694730
11
32.835470
21
37.699122
0
LINE
8
graphic border
10
32.835470
20
37.699122
11
32.952670
21
37.699122
0
LINE
8
graphic border
10
32.952670
20
37.699122
11
33.107964
21
37.704493
0
LINE
8
graphic border
10
33.107964
20
37.704493
11
33.169982
21
37.726956
0
LINE
8
graphic border
10
33.169982
20
37.726956
11
33.169982
21
37.635148
0
LINE
8
graphic border
10
33.169982
20
37.635148
11
33.106011
21
37.617580
0
LINE
8
graphic border
10
33.106011
20
37.617580
11
33.105982
21
37.617524
0
LINE
8
graphic border
10
32.909667
20
37.610195
11
32.942875
21
37.466622
0
LINE
8
graphic border
10
32.942875
20
37.466622
11
32.960443
21
37.389954
0
LINE
8
graphic border
10
32.960443
20
37.389954
11
32.989254
21
37.355280
0
LINE
8
graphic border
10
32.989254
20
37.355280
11
33.030764
21
37.343083
0
LINE
8
graphic border
10
33.030764
20
37.343083
11
33.089364
21
37.369462
0
LINE
8
graphic border
10
33.089364
20
37.369462
11
33.112806
21
37.447596
0
LINE
8
graphic border
10
33.112806
20
37.447596
11
33.090819
21
37.537940
0
LINE
8
graphic border
10
33.090819
20
37.537940
11
33.029777
21
37.596053
0
LINE
8
graphic border
10
33.029777
20
37.596053
11
32.941875
21
37.610209
0
LINE
8
graphic border
10
32.941875
20
37.610209
11
32.909667
21
37.610195
0
LINE
8
graphic border
10
33.369687
20
37.831413
11
33.287155
21
37.821650
0
LINE
8
graphic border
10
33.287155
20
37.821650
11
33.294961
21
37.871950
0
LINE
8
graphic border
10
33.294961
20
37.871950
11
33.285198
21
37.918832
0
LINE
8
graphic border
10
33.285198
20
37.918832
11
33.257850
21
37.947642
0
LINE
8
graphic border
10
33.257850
20
37.947642
11
33.192414
21
37.974502
0
LINE
8
graphic border
10
33.192414
20
37.974502
11
33.170929
21
37.982308
0
LINE
8
graphic border
10
33.170929
20
37.982308
11
32.651336
21
37.785505
0
LINE
8
graphic border
10
32.651336
20
37.785505
11
32.651336
21
37.880242
0
LINE
8
graphic border
10
32.651336
20
37.880242
11
32.951664
21
37.988165
0
LINE
8
graphic border
10
32.951664
20
37.988165
11
33.071798
21
38.025768
0
LINE
8
graphic border
10
33.071798
20
38.025768
11
32.953620
21
38.061907
0
LINE
8
graphic border
10
32.953620
20
38.061907
11
32.651336
21
38.172760
0
LINE
8
graphic border
10
32.651336
20
38.172760
11
32.651336
21
38.260662
0
LINE
8
graphic border
10
32.651336
20
38.260662
11
33.178745
21
38.063371
0
LINE
8
graphic border
10
33.178745
20
38.063371
11
33.296434
21
38.014050
0
LINE
8
graphic border
10
33.296434
20
38.014050
11
33.359918
21
37.960331
0
LINE
8
graphic border
10
33.359918
20
37.960331
11
33.380424
21
37.888058
0
LINE
8
graphic border
10
33.380424
20
37.888058
11
33.369682
21
37.831408
0
LINE
8
graphic border
10
33.369682
20
37.831408
11
33.369687
21
37.831413
0
LINE
8
graphic border
10
37.348498
20
34.368349
11
36.636145
21
34.439630
0
LINE
8
graphic border
10
36.636145
20
34.439630
11
36.684233
21
34.920202
0
LINE
8
graphic border
10
36.684233
20
34.920202
11
36.768298
21
34.911790
0
LINE
8
graphic border
10
36.768298
20
34.911790
11
36.729642
21
34.525487
0
LINE
8
graphic border
10
36.729642
20
34.525487
11
36.950249
21
34.503412
0
LINE
8
graphic border
10
36.950249
20
34.503412
11
36.983701
21
34.837722
0
LINE
8
graphic border
10
36.983701
20
34.837722
11
37.067763
21
34.829310
0
LINE
8
graphic border
10
37.067763
20
34.829310
11
37.034310
21
34.495001
0
LINE
8
graphic border
10
37.034310
20
34.495001
11
37.357931
21
34.462617
0
LINE
8
graphic border
10
37.357931
20
34.462617
11
37.348498
21
34.368349
0
LINE
8
graphic border
10
37.407624
20
34.959224
11
36.891583
21
35.010862
0
LINE
8
graphic border
10
36.891583
20
35.010862
11
36.899460
21
35.089580
0
LINE
8
graphic border
10
36.899460
20
35.089580
11
36.977690
21
35.081751
0
LINE
8
graphic border
10
36.977690
20
35.081751
11
36.910832
21
35.144391
0
LINE
8
graphic border
10
36.910832
20
35.144391
11
36.898991
21
35.202506
0
LINE
8
graphic border
10
36.898991
20
35.202506
11
36.936169
21
35.289582
0
LINE
8
graphic border
10
36.936169
20
35.289582
11
37.014302
21
35.251333
0
LINE
8
graphic border
10
37.014302
20
35.251333
11
36.988928
21
35.189090
0
LINE
8
graphic border
10
36.988928
20
35.189090
11
37.001282
21
35.135832
0
LINE
8
graphic border
10
37.001282
20
35.135832
11
37.045641
21
35.098508
0
LINE
8
graphic border
10
37.045641
20
35.098508
11
37.146225
21
35.073712
0
LINE
8
graphic border
10
37.146225
20
35.073712
11
37.416394
21
35.046678
0
LINE
8
graphic border
10
37.416394
20
35.046678
11
37.407624
21
34.959224
0
LINE
8
graphic border
10
36.829163
20
35.353292
11
36.728578
21
35.363357
0
LINE
8
graphic border
10
36.728578
20
35.363357
11
36.737330
21
35.450823
0
LINE
8
graphic border
10
36.737330
20
35.450823
11
36.837915
21
35.440758
0
LINE
8
graphic border
10
36.837915
20
35.440758
11
36.829163
21
35.353292
0
LINE
8
graphic border
10
37.440931
20
35.292075
11
36.924890
21
35.343713
0
LINE
8
graphic border
10
36.924890
20
35.343713
11
36.933642
21
35.431179
0
LINE
8
graphic border
10
36.933642
20
35.431179
11
37.449684
21
35.379541
0
LINE
8
graphic border
10
37.449684
20
35.379541
11
37.440931
21
35.292075
0
LINE
8
graphic border
10
37.496508
20
35.847478
11
37.431396
21
35.853993
0
LINE
8
graphic border
10
37.431396
20
35.853993
11
37.493730
21
35.701995
0
LINE
8
graphic border
10
37.493730
20
35.701995
11
37.448337
21
35.591693
0
LINE
8
graphic border
10
37.448337
20
35.591693
11
37.345561
21
35.520998
0
LINE
8
graphic border
10
37.345561
20
35.520998
11
37.202311
21
35.506867
0
LINE
8
graphic border
10
37.202311
20
35.506867
11
37.064944
21
35.546619
0
LINE
8
graphic border
10
37.064944
20
35.546619
11
36.975976
21
35.633556
0
LINE
8
graphic border
10
36.975976
20
35.633556
11
36.953973
21
35.752073
0
LINE
8
graphic border
10
36.953973
20
35.752073
11
36.982217
21
35.833172
0
LINE
8
graphic border
10
36.982217
20
35.833172
11
37.039170
21
35.887347
0
LINE
8
graphic border
10
37.039170
20
35.887347
11
36.783578
21
35.912922
0
LINE
8
graphic border
10
36.783578
20
35.912922
11
36.792282
21
35.999901
0
LINE
8
graphic border
10
36.792282
20
35.999901
11
37.504635
21
35.928619
0
LINE
8
graphic border
10
37.504635
20
35.928619
11
37.496508
21
35.847478
0
LINE
8
graphic border
10
37.211306
20
35.596763
11
37.363692
21
35.623722
0
LINE
8
graphic border
10
37.363692
20
35.623722
11
37.422641
21
35.717450
0
LINE
8
graphic border
10
37.422641
20
35.717450
11
37.385718
21
35.819303
0
LINE
8
graphic border
10
37.385718
20
35.819303
11
37.246409
21
35.873977
0
LINE
8
graphic border
10
37.246409
20
35.873977
11
37.086830
21
35.848720
0
LINE
8
graphic border
10
37.086830
20
35.848720
11
37.027202
21
35.753095
0
LINE
8
graphic border
10
37.027202
20
35.753095
11
37.065048
21
35.650660
0
LINE
8
graphic border
10
37.065048
20
35.650660
11
37.211306
21
35.596763
0
LINE
8
graphic border
10
37.211306
20
35.596763
11
37.211306
21
35.596763
0
LINE
8
graphic border
10
37.488431
20
36.409250
11
37.537356
21
36.309634
0
LINE
8
graphic border
10
37.537356
20
36.309634
11
37.544735
21
36.211721
0
LINE
8
graphic border
10
37.544735
20
36.211721
11
37.490352
21
36.085143
0
LINE
8
graphic border
10
37.490352
20
36.085143
11
37.379368
21
36.050114
0
LINE
8
graphic border
10
37.379368
20
36.050114
11
37.312069
21
36.074026
0
LINE
8
graphic border
10
37.312069
20
36.074026
11
37.266054
21
36.124273
0
LINE
8
graphic border
10
37.266054
20
36.124273
11
37.243708
21
36.190311
0
LINE
8
graphic border
10
37.243708
20
36.190311
11
37.238377
21
36.269368
0
LINE
8
graphic border
10
37.238377
20
36.269368
11
37.223859
21
36.428362
0
LINE
8
graphic border
10
37.223859
20
36.428362
11
37.201086
21
36.431173
0
LINE
8
graphic border
10
37.201086
20
36.431173
11
37.123291
21
36.413935
0
LINE
8
graphic border
10
37.123291
20
36.413935
11
37.083682
21
36.317288
0
LINE
8
graphic border
10
37.083682
20
36.317288
11
37.096418
21
36.223748
0
LINE
8
graphic border
10
37.096418
20
36.223748
11
37.168378
21
36.172867
0
LINE
8
graphic border
10
37.168378
20
36.172867
11
37.148158
21
36.088513
0
LINE
8
graphic border
10
37.148158
20
36.088513
11
37.063564
21
36.135750
0
LINE
8
graphic border
10
37.063564
20
36.135750
11
37.019302
21
36.218211
0
LINE
8
graphic border
10
37.019302
20
36.218211
11
37.012566
21
36.337166
0
LINE
8
graphic border
10
37.012566
20
36.337166
11
37.038870
21
36.442996
0
LINE
8
graphic border
10
37.038870
20
36.442996
11
37.084307
21
36.499796
0
LINE
8
graphic border
10
37.084307
20
36.499796
11
37.146313
21
36.521076
0
LINE
8
graphic border
10
37.146313
20
36.521076
11
37.227413
21
36.517374
0
LINE
8
graphic border
10
37.227413
20
36.517374
11
37.344031
21
36.505705
0
LINE
8
graphic border
10
37.344031
20
36.505705
11
37.499089
21
36.495587
0
LINE
8
graphic border
10
37.499089
20
36.495587
11
37.563036
21
36.511763
0
LINE
8
graphic border
10
37.563036
20
36.511763
11
37.553894
21
36.420412
0
LINE
8
graphic border
10
37.553894
20
36.420412
11
37.488492
21
36.409300
0
LINE
8
graphic border
10
37.488492
20
36.409300
11
37.488431
21
36.409250
0
LINE
8
graphic border
10
37.292361
20
36.421505
11
37.311109
21
36.275340
0
LINE
8
graphic border
10
37.311109
20
36.275340
11
37.320982
21
36.197299
0
LINE
8
graphic border
10
37.320982
20
36.197299
11
37.346198
21
36.159931
0
LINE
8
graphic border
10
37.346198
20
36.159931
11
37.386285
21
36.143635
0
LINE
8
graphic border
10
37.386285
20
36.143635
11
37.447220
21
36.164048
0
LINE
8
graphic border
10
37.447220
20
36.164048
11
37.478326
21
36.239463
0
LINE
8
graphic border
10
37.478326
20
36.239463
11
37.465443
21
36.331545
0
LINE
8
graphic border
10
37.465443
20
36.331545
11
37.410491
21
36.395447
0
LINE
8
graphic border
10
37.410491
20
36.395447
11
37.324434
21
36.418285
0
LINE
8
graphic border
10
37.324434
20
36.418285
11
37.292361
21
36.421505
0
LINE
8
graphic border
10
37.772123
20
36.595823
11
37.689029
21
36.594326
0
LINE
8
graphic border
10
37.689029
20
36.594326
11
37.701804
21
36.643599
0
LINE
8
graphic border
10
37.701804
20
36.643599
11
37.696757
21
36.691220
0
LINE
8
graphic border
10
37.696757
20
36.691220
11
37.672415
21
36.722612
0
LINE
8
graphic border
10
37.672415
20
36.722612
11
37.609977
21
36.755852
0
LINE
8
graphic border
10
37.609977
20
36.755852
11
37.589377
21
36.765758
0
LINE
8
graphic border
10
37.589377
20
36.765758
11
37.052769
21
36.621668
0
LINE
8
graphic border
10
37.052769
20
36.621668
11
37.062202
21
36.715937
0
LINE
8
graphic border
10
37.062202
20
36.715937
11
37.371784
21
36.793421
0
LINE
8
graphic border
10
37.371784
20
36.793421
11
37.495066
21
36.818875
0
LINE
8
graphic border
10
37.495066
20
36.818875
11
37.381072
21
36.866600
0
LINE
8
graphic border
10
37.381072
20
36.866600
11
37.091327
21
37.006999
0
LINE
8
graphic border
10
37.091327
20
37.006999
11
37.100079
21
37.094465
0
LINE
8
graphic border
10
37.100079
20
37.094465
11
37.605226
21
36.845643
0
LINE
8
graphic border
10
37.605226
20
36.845643
11
37.717419
21
36.784846
0
LINE
8
graphic border
10
37.717419
20
36.784846
11
37.775239
21
36.725073
0
LINE
8
graphic border
10
37.775239
20
36.725073
11
37.788446
21
36.651117
0
LINE
8
graphic border
10
37.788446
20
36.651117
11
37.772117
21
36.595821
0
LINE
8
graphic border
10
37.772117
20
36.595821
11
37.772123
21
36.595823
0
LINE
8
graphic border
10
22.606287
20
26.492114
11
21.320705
21
28.026695
0
LINE
8
graphic border
10
21.449268
20
26.550098
11
21.276265
21
26.438711
0
LINE
8
graphic border
10
21.276265
20
26.438711
11
21.134702
21
26.421284
0
LINE
8
graphic border
10
21.134702
20
26.421284
11
21.019032
21
26.493798
0
LINE
8
graphic border
10
21.019032
20
26.493798
11
20.972013
21
26.586304
0
LINE
8
graphic border
10
20.972013
20
26.586304
11
20.977120
21
26.684300
0
LINE
8
graphic border
10
20.977120
20
26.684300
11
21.030108
21
26.786774
0
LINE
8
graphic border
10
21.030108
20
26.786774
11
21.149186
21
26.907726
0
LINE
8
graphic border
10
21.149186
20
26.907726
11
21.321816
21
27.018801
0
LINE
8
graphic border
10
21.321816
20
27.018801
11
21.463378
21
27.036227
0
LINE
8
graphic border
10
21.463378
20
27.036227
11
21.579048
21
26.963714
0
LINE
8
graphic border
10
21.579048
20
26.963714
11
21.626715
21
26.791427
0
LINE
8
graphic border
10
21.626715
20
26.791427
11
21.449271
21
26.550098
0
LINE
8
graphic border
10
21.449271
20
26.550098
11
21.449268
21
26.550098
0
LINE
8
graphic border
10
21.391195
20
26.619307
11
21.544765
21
26.801716
0
LINE
8
graphic border
10
21.544765
20
26.801716
11
21.523678
21
26.917256
0
LINE
8
graphic border
10
21.523678
20
26.917256
11
21.413495
21
26.957400
0
LINE
8
graphic border
10
21.413495
20
26.957400
11
21.207250
21
26.838524
0
LINE
8
graphic border
10
21.207250
20
26.838524
11
21.053993
21
26.655742
0
LINE
8
graphic border
10
21.053993
20
26.655742
11
21.075395
21
26.539828
0
LINE
8
graphic border
10
21.075395
20
26.539828
11
21.176827
21
26.498717
0
LINE
8
graphic border
10
21.176827
20
26.498717
11
21.391195
21
26.619307
0
LINE
8
graphic border
10
21.391195
20
26.619307
11
21.391195
21
26.619307
0
LINE
8
graphic border
10
23.352332
20
29.500422
11
24.412172
21
27.804445
0
LINE
8
graphic border
10
23.591167
20
28.267936
11
23.637749
21
28.193390
0
LINE
8
graphic border
10
23.637749
20
28.193390
11
23.162734
21
27.896567
0
LINE
8
graphic border
10
23.162734
20
27.896567
11
23.258338
21
27.857841
0
LINE
8
graphic border
10
23.258338
20
27.857841
11
23.345763
21
27.803635
0
LINE
8
graphic border
10
23.345763
20
27.803635
11
23.273704
21
27.758607
0
LINE
8
graphic border
10
23.273704
20
27.758607
11
23.134153
21
27.823430
0
LINE
8
graphic border
10
23.134153
20
27.823430
11
23.011577
21
27.838969
0
LINE
8
graphic border
10
23.011577
20
27.838969
11
22.981559
21
27.887009
0
LINE
8
graphic border
10
22.981559
20
27.887009
11
23.591167
21
28.267936
0
LINE
8
graphic border
10
23.172448
20
28.271754
11
22.985627
21
28.185528
0
LINE
8
graphic border
10
22.985627
20
28.185528
11
22.843016
21
28.187974
0
LINE
8
graphic border
10
22.843016
20
28.187974
11
22.738564
21
28.275880
0
LINE
8
graphic border
10
22.738564
20
28.275880
11
22.704876
21
28.374029
0
LINE
8
graphic border
10
22.704876
20
28.374029
11
22.723572
21
28.470360
0
LINE
8
graphic border
10
22.723572
20
28.470360
11
22.790307
21
28.564460
0
LINE
8
graphic border
10
22.790307
20
28.564460
11
22.925059
21
28.667663
0
LINE
8
graphic border
10
22.925059
20
28.667663
11
23.111467
21
28.753632
0
LINE
8
graphic border
10
23.111467
20
28.753632
11
23.254078
21
28.751185
0
LINE
8
graphic border
10
23.254078
20
28.751185
11
23.358529
21
28.663281
0
LINE
8
graphic border
10
23.358529
20
28.663281
11
23.381754
21
28.486038
0
LINE
8
graphic border
10
23.381754
20
28.486038
11
23.172452
21
28.271753
0
LINE
8
graphic border
10
23.172452
20
28.271753
11
23.172448
21
28.271754
0
LINE
8
graphic border
10
23.124573
20
28.348371
11
23.302035
21
28.507630
0
LINE
8
graphic border
10
23.302035
20
28.507630
11
23.297231
21
28.624982
0
LINE
8
graphic border
10
23.297231
20
28.624982
11
23.193710
21
28.680067
0
LINE
8
graphic border
10
23.193710
20
28.680067
11
22.972927
21
28.591054
0
LINE
8
graphic border
10
22.972927
20
28.591054
11
22.795725
21
28.431378
0
LINE
8
graphic border
10
22.795725
20
28.431378
11
22.800785
21
28.313615
0
LINE
8
graphic border
10
22.800785
20
28.313615
11
22.895509
21
28.258788
0
LINE
8
graphic border
10
22.895509
20
28.258788
11
23.124573
21
28.348371
0
LINE
8
graphic border
10
23.124573
20
28.348371
11
23.124573
21
28.348371
0
LINE
8
graphic border
10
25.569617
20
30.680462
11
26.383077
21
28.852194
0
LINE
8
graphic border
10
25.528319
20
29.584589
11
25.605499
21
29.618952
0
LINE
8
graphic border
10
25.605499
20
29.618952
11
25.797969
21
29.186658
0
LINE
8
graphic border
10
25.797969
20
29.186658
11
25.738026
21
29.171207
0
LINE
8
graphic border
10
25.738026
20
29.171207
11
25.627594
21
29.185119
0
LINE
8
graphic border
10
25.627594
20
29.185119
11
25.481681
21
29.246308
0
LINE
8
graphic border
10
25.481681
20
29.246308
11
25.279226
21
29.328831
0
LINE
8
graphic border
10
25.279226
20
29.328831
11
25.165732
21
29.323203
0
LINE
8
graphic border
10
25.165732
20
29.323203
11
25.100723
21
29.253098
0
LINE
8
graphic border
10
25.100723
20
29.253098
11
25.107237
21
29.149623
0
LINE
8
graphic border
10
25.107237
20
29.149623
11
25.183350
21
29.072321
0
LINE
8
graphic border
10
25.183350
20
29.072321
11
25.295404
21
29.079981
0
LINE
8
graphic border
10
25.295404
20
29.079981
11
25.323665
21
28.993672
0
LINE
8
graphic border
10
25.323665
20
28.993672
11
25.154733
21
28.994899
0
LINE
8
graphic border
10
25.154733
20
28.994899
11
25.039963
21
29.121808
0
LINE
8
graphic border
10
25.039963
20
29.121808
11
25.025818
21
29.294054
0
LINE
8
graphic border
10
25.025818
20
29.294054
11
25.130762
21
29.406528
0
LINE
8
graphic border
10
25.130762
20
29.406528
11
25.215087
21
29.424841
0
LINE
8
graphic border
10
25.215087
20
29.424841
11
25.318778
21
29.406862
0
LINE
8
graphic border
10
25.318778
20
29.406862
11
25.488897
21
29.334531
0
LINE
8
graphic border
10
25.488897
20
29.334531
11
25.612746
21
29.278483
0
LINE
8
graphic border
10
25.612746
20
29.278483
11
25.671114
21
29.263845
0
LINE
8
graphic border
10
25.671114
20
29.263845
11
25.528319
21
29.584589
0
LINE
8
graphic border
10
25.244615
20
29.561445
11
25.047612
21
29.502059
0
LINE
8
graphic border
10
25.047612
20
29.502059
11
24.906729
21
29.524329
0
LINE
8
graphic border
10
24.906729
20
29.524329
11
24.815527
21
29.625917
0
LINE
8
graphic border
10
24.815527
20
29.625917
11
24.795827
21
29.727799
0
LINE
8
graphic border
10
24.795827
20
29.727799
11
24.827747
21
29.820591
0
LINE
8
graphic border
10
24.827747
20
29.820591
11
24.906927
21
29.904486
0
LINE
8
graphic border
10
24.906927
20
29.904486
11
25.054731
21
29.987931
0
LINE
8
graphic border
10
25.054731
20
29.987931
11
25.251290
21
30.047120
0
LINE
8
graphic border
10
25.251290
20
30.047120
11
25.392172
21
30.024849
0
LINE
8
graphic border
10
25.392172
20
30.024849
11
25.483373
21
29.923264
0
LINE
8
graphic border
10
25.483373
20
29.923264
11
25.481704
21
29.744513
0
LINE
8
graphic border
10
25.481704
20
29.744513
11
25.244616
21
29.561443
0
LINE
8
graphic border
10
25.244616
20
29.561443
11
25.244615
21
29.561445
0
LINE
8
graphic border
10
25.207869
20
29.643979
11
25.405771
21
29.776994
0
LINE
8
graphic border
10
25.405771
20
29.776994
11
25.417347
21
29.893870
0
LINE
8
graphic border
10
25.417347
20
29.893870
11
25.322497
21
29.962827
0
LINE
8
graphic border
10
25.322497
20
29.962827
11
25.091473
21
29.905407
0
LINE
8
graphic border
10
25.091473
20
29.905407
11
24.893773
21
29.771946
0
LINE
8
graphic border
10
24.893773
20
29.771946
11
24.882395
21
29.654625
0
LINE
8
graphic border
10
24.882395
20
29.654625
11
24.968566
21
29.587149
0
LINE
8
graphic border
10
24.968566
20
29.587149
11
25.207869
21
29.643979
0
LINE
8
graphic border
10
25.207869
20
29.643979
11
25.207869
21
29.643979
0
LINE
8
graphic border
10
27.929405
20
31.540357
11
28.480664
21
29.616839
0
LINE
8
graphic border
10
27.794892
20
30.016283
11
27.759395
21
30.097549
0
LINE
8
graphic border
10
27.759395
20
30.097549
11
27.849004
21
30.176587
0
LINE
8
graphic border
10
27.849004
20
30.176587
11
27.855958
21
30.271039
0
LINE
8
graphic border
10
27.855958
20
30.271039
11
27.785843
21
30.359651
0
LINE
8
graphic border
10
27.785843
20
30.359651
11
27.671664
21
30.371618
0
LINE
8
graphic border
10
27.671664
20
30.371618
11
27.586805
21
30.306133
0
LINE
8
graphic border
10
27.586805
20
30.306133
11
27.576508
21
30.198530
0
LINE
8
graphic border
10
27.576508
20
30.198530
11
27.602989
21
30.141602
0
LINE
8
graphic border
10
27.602989
20
30.141602
11
27.526129
21
30.129720
0
LINE
8
graphic border
10
27.526129
20
30.129720
11
27.523244
21
30.143618
0
LINE
8
graphic border
10
27.523244
20
30.143618
11
27.467216
21
30.232713
0
LINE
8
graphic border
10
27.467216
20
30.232713
11
27.367987
21
30.250999
0
LINE
8
graphic border
10
27.367987
20
30.250999
11
27.300021
21
30.197473
0
LINE
8
graphic border
10
27.300021
20
30.197473
11
27.292793
21
30.107512
0
LINE
8
graphic border
10
27.292793
20
30.107512
11
27.347332
21
30.034246
0
LINE
8
graphic border
10
27.347332
20
30.034246
11
27.452393
21
30.018650
0
LINE
8
graphic border
10
27.452393
20
30.018650
11
27.461591
21
29.929843
0
LINE
8
graphic border
10
27.461591
20
29.929843
11
27.309960
21
29.962568
0
LINE
8
graphic border
10
27.309960
20
29.962568
11
27.223847
21
30.085710
0
LINE
8
graphic border
10
27.223847
20
30.085710
11
27.218516
21
30.196454
0
LINE
8
graphic border
10
27.218516
20
30.196454
11
27.263506
21
30.287591
0
LINE
8
graphic border
10
27.263506
20
30.287591
11
27.344954
21
30.338388
0
LINE
8
graphic border
10
27.344954
20
30.338388
11
27.433028
21
30.337742
0
LINE
8
graphic border
10
27.433028
20
30.337742
11
27.511563
21
30.283551
0
LINE
8
graphic border
10
27.511563
20
30.283551
11
27.543050
21
30.395200
0
LINE
8
graphic border
10
27.543050
20
30.395200
11
27.644144
21
30.460765
0
LINE
8
graphic border
10
27.644144
20
30.460765
11
27.816021
21
30.438929
0
LINE
8
graphic border
10
27.816021
20
30.438929
11
27.926103
21
30.290654
0
LINE
8
graphic border
10
27.926103
20
30.290654
11
27.915329
21
30.124490
0
LINE
8
graphic border
10
27.915329
20
30.124490
11
27.794958
21
30.016310
0
LINE
8
graphic border
10
27.794958
20
30.016310
11
27.794892
21
30.016283
0
LINE
8
graphic border
10
27.483983
20
30.505261
11
27.280632
21
30.473870
0
LINE
8
graphic border
10
27.280632
20
30.473870
11
27.144219
21
30.515531
0
LINE
8
graphic border
10
27.144219
20
30.515531
11
27.068044
21
30.628822
0
LINE
8
graphic border
10
27.068044
20
30.628822
11
27.062714
21
30.732455
0
LINE
8
graphic border
10
27.062714
20
30.732455
11
27.107241
21
30.819900
0
LINE
8
graphic border
10
27.107241
20
30.819900
11
27.197326
21
30.891961
0
LINE
8
graphic border
10
27.197326
20
30.891961
11
27.355305
21
30.954024
0
LINE
8
graphic border
10
27.355305
20
30.954024
11
27.558188
21
30.985280
0
LINE
8
graphic border
10
27.558188
20
30.985280
11
27.694600
21
30.943619
0
LINE
8
graphic border
10
27.694600
20
30.943619
11
27.770775
21
30.830330
0
LINE
8
graphic border
10
27.770775
20
30.830330
11
27.744246
21
30.653551
0
LINE
8
graphic border
10
27.744246
20
30.653551
11
27.483986
21
30.505259
0
LINE
8
graphic border
10
27.483986
20
30.505259
11
27.483983
21
30.505261
0
LINE
8
graphic border
10
27.459081
20
30.592103
11
27.673569
21
30.696281
0
LINE
8
graphic border
10
27.673569
20
30.696281
11
27.701296
21
30.810410
0
LINE
8
graphic border
10
27.701296
20
30.810410
11
27.616968
21
30.891897
0
LINE
8
graphic border
10
27.616968
20
30.891897
11
27.380202
21
30.867188
0
LINE
8
graphic border
10
27.380202
20
30.867188
11
27.165851
21
30.762541
0
LINE
8
graphic border
10
27.165851
20
30.762541
11
27.138256
21
30.647943
0
LINE
8
graphic border
10
27.138256
20
30.647943
11
27.214197
21
30.569133
0
LINE
8
graphic border
10
27.214197
20
30.569133
11
27.459081
21
30.592103
0
LINE
8
graphic border
10
27.459081
20
30.592103
11
27.459081
21
30.592103
0
LINE
8
graphic border
10
30.385754
20
32.061586
11
30.664098
21
30.079859
0
LINE
8
graphic border
10
30.197983
20
30.827370
11
30.028243
21
30.803514
0
LINE
8
graphic border
10
30.028243
20
30.803514
11
30.071466
21
30.495969
0
LINE
8
graphic border
10
30.071466
20
30.495969
11
29.991674
21
30.484755
0
LINE
8
graphic border
10
29.991674
20
30.484755
11
29.486799
21
30.743690
0
LINE
8
graphic border
10
29.486799
20
30.743690
11
29.476805
21
30.814799
0
LINE
8
graphic border
10
29.476805
20
30.814799
11
29.936215
21
30.879365
0
LINE
8
graphic border
10
29.936215
20
30.879365
11
29.922760
21
30.975103
0
LINE
8
graphic border
10
29.922760
20
30.975103
11
30.002552
21
30.986317
0
LINE
8
graphic border
10
30.002552
20
30.986317
11
30.016007
21
30.890579
0
LINE
8
graphic border
10
30.016007
20
30.890579
11
30.185747
21
30.914435
0
LINE
8
graphic border
10
30.185747
20
30.914435
11
30.197983
21
30.827370
0
LINE
8
graphic border
10
29.948451
20
30.792300
11
29.628799
21
30.747376
0
LINE
8
graphic border
10
29.628799
20
30.747376
11
29.979644
21
30.570353
0
LINE
8
graphic border
10
29.979644
20
30.570353
11
29.948451
21
30.792300
0
LINE
8
graphic border
10
29.810152
20
31.050012
11
29.604403
21
31.047280
0
LINE
8
graphic border
10
29.604403
20
31.047280
11
29.475116
21
31.107528
0
LINE
8
graphic border
10
29.475116
20
31.107528
11
29.415448
21
31.230329
0
LINE
8
graphic border
10
29.415448
20
31.230329
11
29.424593
21
31.333679
0
LINE
8
graphic border
10
29.424593
20
31.333679
11
29.480854
21
31.414072
0
LINE
8
graphic border
10
29.480854
20
31.414072
11
29.580090
21
31.472906
0
LINE
8
graphic border
10
29.580090
20
31.472906
11
29.745166
21
31.512404
0
LINE
8
graphic border
10
29.745166
20
31.512404
11
29.950431
21
31.515068
0
LINE
8
graphic border
10
29.950431
20
31.515068
11
30.079718
21
31.454820
0
LINE
8
graphic border
10
30.079718
20
31.454820
11
30.139383
21
31.332045
0
LINE
8
graphic border
10
30.139383
20
31.332045
11
30.088513
21
31.160658
0
LINE
8
graphic border
10
30.088513
20
31.160658
11
29.810147
21
31.050038
0
LINE
8
graphic border
10
29.810147
20
31.050038
11
29.810152
21
31.050012
0
LINE
8
graphic border
10
29.797577
20
31.139488
11
30.024475
21
31.212790
0
LINE
8
graphic border
10
30.024475
20
31.212790
11
30.067816
21
31.321961
0
LINE
8
graphic border
10
30.067816
20
31.321961
11
29.995649
21
31.414390
0
LINE
8
graphic border
10
29.995649
20
31.414390
11
29.757749
21
31.422876
0
LINE
8
graphic border
10
29.757749
20
31.422876
11
29.530920
21
31.349076
0
LINE
8
graphic border
10
29.530920
20
31.349076
11
29.487646
21
31.239434
0
LINE
8
graphic border
10
29.487646
20
31.239434
11
29.551881
21
31.150806
0
LINE
8
graphic border
10
29.551881
20
31.150806
11
29.797577
21
31.139488
0
LINE
8
graphic border
10
29.797577
20
31.139488
11
29.797577
21
31.139488
0
LINE
8
graphic border
10
35.395977
20
32.061586
11
35.117633
21
30.079859
0
LINE
8
graphic border
10
34.448042
20
31.143325
11
34.442636
21
31.055813
0
LINE
8
graphic border
10
34.442636
20
31.055813
11
34.363544
21
31.033394
0
LINE
8
graphic border
10
34.363544
20
31.033394
11
34.314074
21
30.951581
0
LINE
8
graphic border
10
34.314074
20
30.951581
11
34.327025
21
30.875297
0
LINE
8
graphic border
10
34.327025
20
30.875297
11
34.405447
21
30.798195
0
LINE
8
graphic border
10
34.405447
20
30.798195
11
34.565920
21
30.750500
0
LINE
8
graphic border
10
34.565920
20
30.750500
11
34.505638
21
30.837380
0
LINE
8
graphic border
10
34.505638
20
30.837380
11
34.495814
21
30.935911
0
LINE
8
graphic border
10
34.495814
20
30.935911
11
34.580928
21
31.074849
0
LINE
8
graphic border
10
34.580928
20
31.074849
11
34.754947
21
31.113022
0
LINE
8
graphic border
10
34.754947
20
31.113022
11
34.875153
21
31.066538
0
LINE
8
graphic border
10
34.875153
20
31.066538
11
34.951604
21
30.975414
0
LINE
8
graphic border
10
34.951604
20
30.975414
11
34.966030
21
30.857004
0
LINE
8
graphic border
10
34.966030
20
30.857004
11
34.861296
21
30.690742
0
LINE
8
graphic border
10
34.861296
20
30.690742
11
34.587604
21
30.659181
0
LINE
8
graphic border
10
34.587604
20
30.659181
11
34.299417
21
30.777105
0
LINE
8
graphic border
10
34.299417
20
30.777105
11
34.243253
21
30.966969
0
LINE
8
graphic border
10
34.243253
20
30.966969
11
34.309396
21
31.097230
0
LINE
8
graphic border
10
34.309396
20
31.097230
11
34.448035
21
31.143334
0
LINE
8
graphic border
10
34.448035
20
31.143334
11
34.448042
21
31.143325
0
LINE
8
graphic border
10
34.703718
20
30.744934
11
34.792447
21
30.751701
0
LINE
8
graphic border
10
34.792447
20
30.751701
11
34.862857
21
30.796544
0
LINE
8
graphic border
10
34.862857
20
30.796544
11
34.894259
21
30.865608
0
LINE
8
graphic border
10
34.894259
20
30.865608
11
34.863088
21
30.966645
0
LINE
8
graphic border
10
34.863088
20
30.966645
11
34.747765
21
31.023291
0
LINE
8
graphic border
10
34.747765
20
31.023291
11
34.626681
21
31.000365
0
LINE
8
graphic border
10
34.626681
20
31.000365
11
34.570261
21
30.907691
0
LINE
8
graphic border
10
34.570261
20
30.907691
11
34.598747
21
30.801608
0
LINE
8
graphic border
10
34.598747
20
30.801608
11
34.703714
21
30.744940
0
LINE
8
graphic border
10
34.703714
20
30.744940
11
34.703718
21
30.744934
0
LINE
8
graphic border
10
34.647673
20
31.216363
11
34.449135
21
31.270396
0
LINE
8
graphic border
10
34.449135
20
31.270396
11
34.341461
21
31.363939
0
LINE
8
graphic border
10
34.341461
20
31.363939
11
34.317951
21
31.498417
0
LINE
8
graphic border
10
34.317951
20
31.498417
11
34.355233
21
31.595257
0
LINE
8
graphic border
10
34.355233
20
31.595257
11
34.431476
21
31.657034
0
LINE
8
graphic border
10
34.431476
20
31.657034
11
34.543082
21
31.686225
0
LINE
8
graphic border
10
34.543082
20
31.686225
11
34.712645
21
31.678666
0
LINE
8
graphic border
10
34.712645
20
31.678666
11
34.910701
21
31.624700
0
LINE
8
graphic border
10
34.910701
20
31.624700
11
35.018375
21
31.531157
0
LINE
8
graphic border
10
35.018375
20
31.531157
11
35.041885
21
31.396677
0
LINE
8
graphic border
10
35.041885
20
31.396677
11
34.945746
21
31.245972
0
LINE
8
graphic border
10
34.945746
20
31.245972
11
34.647672
21
31.216360
0
LINE
8
graphic border
10
34.647672
20
31.216360
11
34.647673
21
31.216363
0
LINE
8
graphic border
10
34.660246
20
31.305826
11
34.898563
21
31.313756
0
LINE
8
graphic border
10
34.898563
20
31.313756
11
34.970315
21
31.406738
0
LINE
8
graphic border
10
34.970315
20
31.406738
11
34.926419
21
31.515481
0
LINE
8
graphic border
10
34.926419
20
31.515481
11
34.700073
21
31.589211
0
LINE
8
graphic border
10
34.700073
20
31.589211
11
34.461691
21
31.580795
0
LINE
8
graphic border
10
34.461691
20
31.580795
11
34.389871
21
31.487328
0
LINE
8
graphic border
10
34.389871
20
31.487328
11
34.427191
21
31.384441
0
LINE
8
graphic border
10
34.427191
20
31.384441
11
34.660246
21
31.305826
0
LINE
8
graphic border
10
34.660246
20
31.305826
11
34.660246
21
31.305826
0
LINE
8
graphic border
10
37.852326
20
31.540357
11
37.301067
21
29.616839
0
LINE
8
graphic border
10
36.592906
20
30.406016
11
36.511697
21
30.429302
0
LINE
8
graphic border
10
36.511697
20
30.429302
11
36.639437
21
30.874786
0
LINE
8
graphic border
10
36.639437
20
30.874786
11
36.705155
21
30.855941
0
LINE
8
graphic border
10
36.705155
20
30.855941
11
36.853628
21
30.672139
0
LINE
8
graphic border
10
36.853628
20
30.672139
11
37.063560
21
30.504241
0
LINE
8
graphic border
10
37.063560
20
30.504241
11
37.243451
21
30.417605
0
LINE
8
graphic border
10
37.243451
20
30.417605
11
37.218549
21
30.330760
0
LINE
8
graphic border
10
37.218549
20
30.330760
11
37.031481
21
30.418947
0
LINE
8
graphic border
10
37.031481
20
30.418947
11
36.834949
21
30.569794
0
LINE
8
graphic border
10
36.834949
20
30.569794
11
36.689553
21
30.743064
0
LINE
8
graphic border
10
36.689553
20
30.743064
11
36.592906
21
30.406016
0
LINE
8
graphic border
10
37.003261
20
30.860890
11
36.814173
21
30.942029
0
LINE
8
graphic border
10
36.814173
20
30.942029
11
36.720565
21
31.049647
0
LINE
8
graphic border
10
36.720565
20
31.049647
11
36.716000
21
31.186091
0
LINE
8
graphic border
10
36.716000
20
31.186091
11
36.766398
21
31.276801
0
LINE
8
graphic border
10
36.766398
20
31.276801
11
36.850495
21
31.327363
0
LINE
8
graphic border
10
36.850495
20
31.327363
11
36.965078
21
31.340737
0
LINE
8
graphic border
10
36.965078
20
31.340737
11
37.131942
21
31.309652
0
LINE
8
graphic border
10
37.131942
20
31.309652
11
37.320558
21
31.228649
0
LINE
8
graphic border
10
37.320558
20
31.228649
11
37.414165
21
31.121031
0
LINE
8
graphic border
10
37.414165
20
31.121031
11
37.418731
21
30.984589
0
LINE
8
graphic border
10
37.418731
20
30.984589
11
37.302554
21
30.848731
0
LINE
8
graphic border
10
37.302554
20
30.848731
11
37.003261
21
30.860888
0
LINE
8
graphic border
10
37.003261
20
30.860888
11
37.003261
21
30.860890
0
LINE
8
graphic border
10
37.028163
20
30.947732
11
37.265263
21
30.922419
0
LINE
8
graphic border
10
37.265263
20
30.922419
11
37.349258
21
31.004513
0
LINE
8
graphic border
10
37.349258
20
31.004513
11
37.320923
21
31.118305
0
LINE
8
graphic border
10
37.320923
20
31.118305
11
37.107043
21
31.222818
0
LINE
8
graphic border
10
37.107043
20
31.222818
11
36.869805
21
31.247661
0
LINE
8
graphic border
10
36.869805
20
31.247661
11
36.785676
21
31.165099
0
LINE
8
graphic border
10
36.785676
20
31.165099
11
36.808315
21
31.058022
0
LINE
8
graphic border
10
36.808315
20
31.058022
11
37.028163
21
30.947732
0
LINE
8
graphic border
10
37.028163
20
30.947732
11
37.028163
21
30.947732
0
LINE
8
graphic border
10
40.212115
20
30.680462
11
39.398655
21
28.852194
0
LINE
8
graphic border
10
39.128751
20
29.778995
11
39.043582
21
29.728178
0
LINE
8
graphic border
10
39.043582
20
29.728178
11
38.951658
21
29.740230
0
LINE
8
graphic border
10
38.951658
20
29.740230
11
38.854493
21
29.844963
0
LINE
8
graphic border
10
38.854493
20
29.844963
11
38.866646
21
30.003128
0
LINE
8
graphic border
10
38.866646
20
30.003128
11
38.977988
21
30.118733
0
LINE
8
graphic border
10
38.977988
20
30.118733
11
39.122126
21
30.117102
0
LINE
8
graphic border
10
39.122126
20
30.117102
11
39.190808
21
30.057648
0
LINE
8
graphic border
10
39.190808
20
30.057648
11
39.210379
21
29.962334
0
LINE
8
graphic border
10
39.210379
20
29.962334
11
39.314447
21
30.025584
0
LINE
8
graphic border
10
39.314447
20
30.025584
11
39.432942
21
30.010782
0
LINE
8
graphic border
10
39.432942
20
30.010782
11
39.547501
21
29.888680
0
LINE
8
graphic border
10
39.547501
20
29.888680
11
39.535085
21
29.707112
0
LINE
8
graphic border
10
39.535085
20
29.707112
11
39.408463
21
29.576394
0
LINE
8
graphic border
10
39.408463
20
29.576394
11
39.238840
21
29.580819
0
LINE
8
graphic border
10
39.238840
20
29.580819
11
39.146516
21
29.660412
0
LINE
8
graphic border
10
39.146516
20
29.660412
11
39.128744
21
29.778978
0
LINE
8
graphic border
10
39.128744
20
29.778978
11
39.128751
21
29.778995
0
LINE
8
graphic border
10
38.985538
20
29.823527
11
39.074687
21
29.819650
0
LINE
8
graphic border
10
39.074687
20
29.819650
11
39.138693
21
29.884165
0
LINE
8
graphic border
10
39.138693
20
29.884165
11
39.143462
21
29.972917
0
LINE
8
graphic border
10
39.143462
20
29.972917
11
39.084943
21
30.034786
0
LINE
8
graphic border
10
39.084943
20
30.034786
11
38.997181
21
30.036977
0
LINE
8
graphic border
10
38.997181
20
30.036977
11
38.933077
21
29.974642
0
LINE
8
graphic border
10
38.933077
20
29.974642
11
38.928557
21
29.885244
0
LINE
8
graphic border
10
38.928557
20
29.885244
11
38.985538
21
29.823527
0
LINE
8
graphic border
10
38.985538
20
29.823527
11
38.985538
21
29.823527
0
LINE
8
graphic border
10
39.276042
20
29.663179
11
39.349671
21
29.649657
0
LINE
8
graphic border
10
39.349671
20
29.649657
11
39.421287
21
29.676038
0
LINE
8
graphic border
10
39.421287
20
29.676038
11
39.469478
21
29.737440
0
LINE
8
graphic border
10
39.469478
20
29.737440
11
39.474757
21
29.848949
0
LINE
8
graphic border
10
39.474757
20
29.848949
11
39.397311
21
29.928333
0
LINE
8
graphic border
10
39.397311
20
29.928333
11
39.284113
21
29.932225
0
LINE
8
graphic border
10
39.284113
20
29.932225
11
39.203288
21
29.852747
0
LINE
8
graphic border
10
39.203288
20
29.852747
11
39.198852
21
29.741931
0
LINE
8
graphic border
10
39.198852
20
29.741931
11
39.276052
21
29.663189
0
LINE
8
graphic border
10
39.276052
20
29.663189
11
39.276042
21
29.663179
0
LINE
8
graphic border
10
39.332093
20
30.149263
11
39.156140
21
30.255928
0
LINE
8
graphic border
10
39.156140
20
30.255928
11
39.078421
21
30.375526
0
LINE
8
graphic border
10
39.078421
20
30.375526
11
39.092889
21
30.511275
0
LINE
8
graphic border
10
39.092889
20
30.511275
11
39.155420
21
30.594087
0
LINE
8
graphic border
10
39.155420
20
30.594087
11
39.245737
21
30.632456
0
LINE
8
graphic border
10
39.245737
20
30.632456
11
39.361068
21
30.629752
0
LINE
8
graphic border
10
39.361068
20
30.629752
11
39.521980
21
30.575747
0
LINE
8
graphic border
10
39.521980
20
30.575747
11
39.697489
21
30.469281
0
LINE
8
graphic border
10
39.697489
20
30.469281
11
39.775208
21
30.349682
0
LINE
8
graphic border
10
39.775208
20
30.349682
11
39.760739
21
30.213931
0
LINE
8
graphic border
10
39.760739
20
30.213931
11
39.626785
21
30.095563
0
LINE
8
graphic border
10
39.626785
20
30.095563
11
39.332095
21
30.149259
0
LINE
8
graphic border
10
39.332095
20
30.149259
11
39.332093
21
30.149263
0
LINE
8
graphic border
10
39.368839
20
30.231794
11
39.600108
21
30.173729
0
LINE
8
graphic border
10
39.600108
20
30.173729
11
39.694710
21
30.243332
0
LINE
8
graphic border
10
39.694710
20
30.243332
11
39.682491
21
30.359961
0
LINE
8
graphic border
10
39.682491
20
30.359961
11
39.485234
21
30.493222
0
LINE
8
graphic border
10
39.485234
20
30.493222
11
39.253767
21
30.550842
0
LINE
8
graphic border
10
39.253767
20
30.550842
11
39.158966
21
30.480792
0
LINE
8
graphic border
10
39.158966
20
30.480792
11
39.166481
21
30.371604
0
LINE
8
graphic border
10
39.166481
20
30.371604
11
39.368839
21
30.231794
0
LINE
8
graphic border
10
39.368839
20
30.231794
11
39.368839
21
30.231794
0
LINE
8
graphic border
10
42.429400
20
29.500422
11
41.369560
21
27.804445
0
LINE
8
graphic border
10
41.241701
20
28.501821
11
41.279850
21
28.577601
0
LINE
8
graphic border
10
41.279850
20
28.577601
11
41.374890
21
28.566585
0
LINE
8
graphic border
10
41.374890
20
28.566585
11
41.438814
21
28.618201
0
LINE
8
graphic border
10
41.438814
20
28.618201
11
41.460609
21
28.688080
0
LINE
8
graphic border
10
41.460609
20
28.688080
11
41.445436
21
28.756870
0
LINE
8
graphic border
10
41.445436
20
28.756870
11
41.391544
21
28.829130
0
LINE
8
graphic border
10
41.391544
20
28.829130
11
41.307415
21
28.897237
0
LINE
8
graphic border
10
41.307415
20
28.897237
11
41.292236
21
28.906098
0
LINE
8
graphic border
10
41.292236
20
28.906098
11
41.311916
21
28.808577
0
LINE
8
graphic border
10
41.311916
20
28.808577
11
41.281587
21
28.711209
0
LINE
8
graphic border
10
41.281587
20
28.711209
11
41.147216
21
28.617813
0
LINE
8
graphic border
10
41.147216
20
28.617813
11
40.970488
21
28.655688
0
LINE
8
graphic border
10
40.970488
20
28.655688
11
40.855713
21
28.802844
0
LINE
8
graphic border
10
40.855713
20
28.802844
11
40.884790
21
28.974703
0
LINE
8
graphic border
10
40.884790
20
28.974703
11
40.984221
21
29.062866
0
LINE
8
graphic border
10
40.984221
20
29.062866
11
41.121911
21
29.080480
0
LINE
8
graphic border
10
41.121911
20
29.080480
11
41.308580
21
28.999538
0
LINE
8
graphic border
10
41.308580
20
28.999538
11
41.478328
21
28.858340
0
LINE
8
graphic border
10
41.478328
20
28.858340
11
41.536006
21
28.717495
0
LINE
8
graphic border
10
41.536006
20
28.717495
11
41.499061
21
28.578195
0
LINE
8
graphic border
10
41.499061
20
28.578195
11
41.386997
21
28.486407
0
LINE
8
graphic border
10
41.386997
20
28.486407
11
41.241696
21
28.501768
0
LINE
8
graphic border
10
41.241696
20
28.501768
11
41.241701
21
28.501821
0
LINE
8
graphic border
10
41.164476
20
28.974472
11
41.041121
21
29.003759
0
LINE
8
graphic border
10
41.041121
20
29.003759
11
40.952195
21
28.945309
0
LINE
8
graphic border
10
40.952195
20
28.945309
11
40.938696
21
28.833394
0
LINE
8
graphic border
10
40.938696
20
28.833394
11
41.020855
21
28.730804
0
LINE
8
graphic border
10
41.020855
20
28.730804
11
41.137016
21
28.706590
0
LINE
8
graphic border
10
41.137016
20
28.706590
11
41.227129
21
28.770631
0
LINE
8
graphic border
10
41.227129
20
28.770631
11
41.244151
21
28.878042
0
LINE
8
graphic border
10
41.244151
20
28.878042
11
41.164476
21
28.974472
0
LINE
8
graphic border
10
41.164476
20
28.974472
11
41.164476
21
28.974472
0
LINE
8
graphic border
10
41.370438
20
29.061713
11
41.211042
21
29.191828
0
LINE
8
graphic border
10
41.211042
20
29.191828
11
41.150725
21
29.321079
0
LINE
8
graphic border
10
41.150725
20
29.321079
11
41.183944
21
29.453493
0
LINE
8
graphic border
10
41.183944
20
29.453493
11
41.257392
21
29.526797
0
LINE
8
graphic border
10
41.257392
20
29.526797
11
41.352170
21
29.552222
0
LINE
8
graphic border
10
41.352170
20
29.552222
11
41.466002
21
29.533493
0
LINE
8
graphic border
10
41.466002
20
29.533493
11
41.617832
21
29.457620
0
LINE
8
graphic border
10
41.617832
20
29.457620
11
41.776815
21
29.327763
0
LINE
8
graphic border
10
41.776815
20
29.327763
11
41.837132
21
29.198513
0
LINE
8
graphic border
10
41.837132
20
29.198513
11
41.803911
21
29.066096
0
LINE
8
graphic border
10
41.803911
20
29.066096
11
41.654789
21
28.967526
0
LINE
8
graphic border
10
41.654789
20
28.967526
11
41.370439
21
29.061710
0
LINE
8
graphic border
10
41.370439
20
29.061710
11
41.370438
21
29.061713
0
LINE
8
graphic border
10
41.418312
20
29.138328
11
41.639249
21
29.048642
0
LINE
8
graphic border
10
41.639249
20
29.048642
11
41.742617
21
29.104400
0
LINE
8
graphic border
10
41.742617
20
29.104400
11
41.746749
21
29.221595
0
LINE
8
graphic border
10
41.746749
20
29.221595
11
41.569960
21
29.381014
0
LINE
8
graphic border
10
41.569960
20
29.381014
11
41.348763
21
29.470285
0
LINE
8
graphic border
10
41.348763
20
29.470285
11
41.245136
21
29.414111
0
LINE
8
graphic border
10
41.245136
20
29.414111
11
41.237382
21
29.304939
0
LINE
8
graphic border
10
41.237382
20
29.304939
11
41.418312
21
29.138328
0
LINE
8
graphic border
10
41.418312
20
29.138328
11
41.418312
21
29.138328
0
LINE
8
graphic border
10
44.461027
20
28.026695
11
43.175445
21
26.492114
0
LINE
8
graphic border
10
43.226392
20
27.088592
11
43.169889
21
27.021254
0
LINE
8
graphic border
10
43.169889
20
27.021254
11
42.740803
21
27.381300
0
LINE
8
graphic border
10
42.740803
20
27.381300
11
42.733514
21
27.278405
0
LINE
8
graphic border
10
42.733514
20
27.278405
11
42.708978
21
27.178510
0
LINE
8
graphic border
10
42.708978
20
27.178510
11
42.643887
21
27.233128
0
LINE
8
graphic border
10
42.643887
20
27.233128
11
42.662412
21
27.385878
0
LINE
8
graphic border
10
42.662412
20
27.385878
11
42.639313
21
27.507258
0
LINE
8
graphic border
10
42.639313
20
27.507258
11
42.675727
21
27.550654
0
LINE
8
graphic border
10
42.675727
20
27.550654
11
43.226392
21
27.088592
0
LINE
8
graphic border
10
43.100630
20
27.488000
11
42.960893
21
27.639032
0
LINE
8
graphic border
10
42.960893
20
27.639032
11
42.919149
21
27.775417
0
LINE
8
graphic border
10
42.919149
20
27.775417
11
42.970475
21
27.901922
0
LINE
8
graphic border
10
42.970475
20
27.901922
11
43.053410
21
27.964291
0
LINE
8
graphic border
10
43.053410
20
27.964291
11
43.150806
21
27.976277
0
LINE
8
graphic border
10
43.150806
20
27.976277
11
43.260923
21
27.941890
0
LINE
8
graphic border
10
43.260923
20
27.941890
11
43.400715
21
27.845624
0
LINE
8
graphic border
10
43.400715
20
27.845624
11
43.540080
21
27.694905
0
LINE
8
graphic border
10
43.540080
20
27.694905
11
43.581822
21
27.558517
0
LINE
8
graphic border
10
43.581822
20
27.558517
11
43.530496
21
27.432013
0
LINE
8
graphic border
10
43.530496
20
27.432013
11
43.369104
21
27.355153
0
LINE
8
graphic border
10
43.369104
20
27.355153
11
43.100630
21
27.487996
0
LINE
8
graphic border
10
43.100630
20
27.487996
11
43.100630
21
27.488000
0
LINE
8
graphic border
10
43.158701
20
27.557206
11
43.365008
21
27.437642
0
LINE
8
graphic border
10
43.365008
20
27.437642
11
43.475129
21
27.478475
0
LINE
8
graphic border
10
43.475129
20
27.478475
11
43.495530
21
27.593954
0
LINE
8
graphic border
10
43.495530
20
27.593954
11
43.342646
21
27.776424
0
LINE
8
graphic border
10
43.342646
20
27.776424
11
43.136027
21
27.895612
0
LINE
8
graphic border
10
43.136027
20
27.895612
11
43.025591
21
27.854407
0
LINE
8
graphic border
10
43.025591
20
27.854407
11
43.002718
21
27.747377
0
LINE
8
graphic border
10
43.002718
20
27.747377
11
43.158701
21
27.557206
0
LINE
8
graphic border
10
43.158701
20
27.557206
11
43.158701
21
27.557206
0
LINE
8
graphic border
10
43.458162
20
27.914090
11
43.318425
21
28.065122
0
LINE
8
graphic border
10
43.318425
20
28.065122
11
43.276682
21
28.201510
0
LINE
8
graphic border
10
43.276682
20
28.201510
11
43.328008
21
28.328014
0
LINE
8
graphic border
10
43.328008
20
28.328014
11
43.410943
21
28.390383
0
LINE
8
graphic border
10
43.410943
20
28.390383
11
43.508340
21
28.402369
0
LINE
8
graphic border
10
43.508340
20
28.402369
11
43.618456
21
28.367982
0
LINE
8
graphic border
10
43.618456
20
28.367982
11
43.758249
21
28.271716
0
LINE
8
graphic border
10
43.758249
20
28.271716
11
43.897613
21
28.120997
0
LINE
8
graphic border
10
43.897613
20
28.120997
11
43.939356
21
27.984610
0
LINE
8
graphic border
10
43.939356
20
27.984610
11
43.888031
21
27.858107
0
LINE
8
graphic border
10
43.888031
20
27.858107
11
43.726639
21
27.781247
0
LINE
8
graphic border
10
43.726639
20
27.781247
11
43.458164
21
27.914088
0
LINE
8
graphic border
10
43.458164
20
27.914088
11
43.458162
21
27.914090
0
LINE
8
graphic border
10
43.516234
20
27.983298
11
43.722542
21
27.863735
0
LINE
8
graphic border
10
43.722542
20
27.863735
11
43.832662
21
27.904567
0
LINE
8
graphic border
10
43.832662
20
27.904567
11
43.853062
21
28.020044
0
LINE
8
graphic border
10
43.853062
20
28.020044
11
43.700180
21
28.202516
0
LINE
8
graphic border
10
43.700180
20
28.202516
11
43.493559
21
28.321703
0
LINE
8
graphic border
10
43.493559
20
28.321703
11
43.383124
21
28.280499
0
LINE
8
graphic border
10
43.383124
20
28.280499
11
43.360252
21
28.173469
0
LINE
8
graphic border
10
43.360252
20
28.173469
11
43.516234
21
27.983298
0
LINE
8
graphic border
10
43.516234
20
27.983298
11
43.516234
21
27.983298
0
LINE
8
graphic border
10
32.890866
20
30.235963
11
32.890866
21
32.236210
0
LINE
8
graphic border
10
32.334519
20
30.757509
11
32.326714
21
30.849796
0
LINE
8
graphic border
10
32.326714
20
30.849796
11
32.428290
21
30.897156
0
LINE
8
graphic border
10
32.428290
20
30.897156
11
32.461985
21
30.987511
0
LINE
8
graphic border
10
32.461985
20
30.987511
11
32.414127
21
31.094932
0
LINE
8
graphic border
10
32.414127
20
31.094932
11
32.287159
21
31.138905
0
LINE
8
graphic border
10
32.287159
20
31.138905
11
32.168491
21
31.096413
0
LINE
8
graphic border
10
32.168491
20
31.096413
11
32.125030
21
30.986056
0
LINE
8
graphic border
10
32.125030
20
30.986056
11
32.144556
21
30.909380
0
LINE
8
graphic border
10
32.144556
20
30.909380
11
32.194367
21
30.855669
0
LINE
8
graphic border
10
32.194367
20
30.855669
11
32.183625
21
30.773119
0
LINE
8
graphic border
10
32.183625
20
30.773119
11
31.815905
21
30.842467
0
LINE
8
graphic border
10
31.815905
20
30.842467
11
31.815905
21
31.198463
0
LINE
8
graphic border
10
31.815905
20
31.198463
11
31.899899
21
31.198463
0
LINE
8
graphic border
10
31.899899
20
31.198463
11
31.899899
21
30.912793
0
LINE
8
graphic border
10
31.899899
20
30.912793
11
32.092304
21
30.874217
0
LINE
8
graphic border
10
32.092304
20
30.874217
11
32.047378
21
31.009498
0
LINE
8
graphic border
10
32.047378
20
31.009498
11
32.112328
21
31.167718
0
LINE
8
graphic border
10
32.112328
20
31.167718
11
32.279340
21
31.232171
0
LINE
8
graphic border
10
32.279340
20
31.232171
11
32.447329
21
31.175524
0
LINE
8
graphic border
10
32.447329
20
31.175524
11
32.534255
21
30.987511
0
LINE
8
graphic border
10
32.534255
20
30.987511
11
32.479561
21
30.827809
0
LINE
8
graphic border
10
32.479561
20
30.827809
11
32.334522
21
30.757509
0
LINE
8
graphic border
10
32.334522
20
30.757509
11
32.334519
21
30.757509
0
LINE
8
graphic border
10
32.168972
20
31.313715
11
31.964846
21
31.339644
0
LINE
8
graphic border
10
31.964846
20
31.339644
11
31.845202
21
31.417300
0
LINE
8
graphic border
10
31.845202
20
31.417300
11
31.803205
21
31.547210
0
LINE
8
graphic border
10
31.803205
20
31.547210
11
31.826647
21
31.648281
0
LINE
8
graphic border
10
31.826647
20
31.648281
11
31.893549
21
31.720062
0
LINE
8
graphic border
10
31.893549
20
31.720062
11
32.000009
21
31.764512
0
LINE
8
graphic border
10
32.000009
20
31.764512
11
32.168975
21
31.780651
0
LINE
8
graphic border
10
32.168975
20
31.780651
11
32.372614
21
31.754722
0
LINE
8
graphic border
10
32.372614
20
31.754722
11
32.492258
21
31.677067
0
LINE
8
graphic border
10
32.492258
20
31.677067
11
32.534255
21
31.547183
0
LINE
8
graphic border
10
32.534255
20
31.547183
11
32.460027
21
31.384571
0
LINE
8
graphic border
10
32.460027
20
31.384571
11
32.168975
21
31.313742
0
LINE
8
graphic border
10
32.168975
20
31.313742
11
32.168972
21
31.313715
0
LINE
8
graphic border
10
32.168972
20
31.404070
11
32.403864
21
31.445081
0
LINE
8
graphic border
10
32.403864
20
31.445081
11
32.461977
21
31.547157
0
LINE
8
graphic border
10
32.461977
20
31.547157
11
32.403377
21
31.648730
0
LINE
8
graphic border
10
32.403377
20
31.648730
11
32.168972
21
31.690243
0
LINE
8
graphic border
10
32.168972
20
31.690243
11
31.934081
21
31.648730
0
LINE
8
graphic border
10
31.934081
20
31.648730
11
31.875968
21
31.546178
0
LINE
8
graphic border
10
31.875968
20
31.546178
11
31.927244
21
31.449473
0
LINE
8
graphic border
10
31.927244
20
31.449473
11
32.168972
21
31.404070
0
LINE
8
graphic border
10
32.168972
20
31.404070
11
32.168972
21
31.404070
0
LINE
8
graphic border
10
43.771686
20
26.640954
11
44.241365
21
27.181259
0
LINE
8
graphic border
10
44.241365
20
27.181259
11
44.444072
21
27.005049
0
LINE
8
graphic border
10
44.444072
20
27.005049
11
44.528788
21
26.902273
0
LINE
8
graphic border
10
44.528788
20
26.902273
11
44.543496
21
26.800838
0
LINE
8
graphic border
10
44.543496
20
26.800838
11
44.503039
21
26.711125
0
LINE
8
graphic border
10
44.503039
20
26.711125
11
44.427541
21
26.662224
0
LINE
8
graphic border
10
44.427541
20
26.662224
11
44.327852
21
26.662177
0
LINE
8
graphic border
10
44.327852
20
26.662177
11
44.360426
21
26.547802
0
LINE
8
graphic border
10
44.360426
20
26.547802
11
44.315839
21
26.442916
0
LINE
8
graphic border
10
44.315839
20
26.442916
11
44.238111
21
26.386247
0
LINE
8
graphic border
10
44.238111
20
26.386247
11
44.155103
21
26.370403
0
LINE
8
graphic border
10
44.155103
20
26.370403
11
44.072378
21
26.395081
0
LINE
8
graphic border
10
44.072378
20
26.395081
11
43.977710
21
26.461844
0
LINE
8
graphic border
10
43.977710
20
26.461844
11
43.771686
21
26.640954
0
LINE
8
graphic border
10
44.115509
20
26.892075
11
44.232342
21
26.790514
0
LINE
8
graphic border
10
44.232342
20
26.790514
11
44.305977
21
26.737513
0
LINE
8
graphic border
10
44.305977
20
26.737513
11
44.370273
21
26.728855
0
LINE
8
graphic border
10
44.370273
20
26.728855
11
44.425280
21
26.763862
0
LINE
8
graphic border
10
44.425280
20
26.763862
11
44.453389
21
26.822251
0
LINE
8
graphic border
10
44.453389
20
26.822251
11
44.440883
21
26.882301
0
LINE
8
graphic border
10
44.440883
20
26.882301
11
44.365430
21
26.961493
0
LINE
8
graphic border
10
44.365430
20
26.961493
11
44.257441
21
27.055366
0
LINE
8
graphic border
10
44.257441
20
27.055366
11
44.115509
21
26.892075
0
LINE
8
graphic border
10
43.898612
20
26.642562
11
44.033137
21
26.525622
0
LINE
8
graphic border
10
44.033137
20
26.525622
11
44.084025
21
26.485908
0
LINE
8
graphic border
10
44.084025
20
26.485908
11
44.138114
21
26.464762
0
LINE
8
graphic border
10
44.138114
20
26.464762
11
44.191337
21
26.470907
0
LINE
8
graphic border
10
44.191337
20
26.470907
11
44.241748
21
26.507322
0
LINE
8
graphic border
10
44.241748
20
26.507322
11
44.271767
21
26.573110
0
LINE
8
graphic border
10
44.271767
20
26.573110
11
44.255877
21
26.641921
0
LINE
8
graphic border
10
44.255877
20
26.641921
11
44.185008
21
26.719688
0
LINE
8
graphic border
10
44.185008
20
26.719688
11
44.060065
21
26.828298
0
LINE
8
graphic border
10
44.060065
20
26.828298
11
43.898612
21
26.642562
0
LINE
8
graphic border
10
44.566992
20
26.034381
11
44.457412
21
26.051988
0
LINE
8
graphic border
10
44.457412
20
26.051988
11
44.373226
21
26.102522
0
LINE
8
graphic border
10
44.373226
20
26.102522
11
44.301316
21
26.220034
0
LINE
8
graphic border
10
44.301316
20
26.220034
11
44.336837
21
26.330863
0
LINE
8
graphic border
10
44.336837
20
26.330863
11
44.395230
21
26.371985
0
LINE
8
graphic border
10
44.395230
20
26.371985
11
44.462825
21
26.380519
0
LINE
8
graphic border
10
44.462825
20
26.380519
11
44.529640
21
26.360615
0
LINE
8
graphic border
10
44.529640
20
26.360615
11
44.597254
21
26.319299
0
LINE
8
graphic border
10
44.597254
20
26.319299
11
44.735425
21
26.239308
0
LINE
8
graphic border
10
44.735425
20
26.239308
11
44.750874
21
26.256274
0
LINE
8
graphic border
10
44.750874
20
26.256274
11
44.781744
21
26.329736
0
LINE
8
graphic border
10
44.781744
20
26.329736
11
44.725735
21
26.417894
0
LINE
8
graphic border
10
44.725735
20
26.417894
11
44.642020
21
26.461534
0
LINE
8
graphic border
10
44.642020
20
26.461534
11
44.558919
21
26.432182
0
LINE
8
graphic border
10
44.558919
20
26.432182
11
44.501742
21
26.497416
0
LINE
8
graphic border
10
44.501742
20
26.497416
11
44.589167
21
26.539184
0
LINE
8
graphic border
10
44.589167
20
26.539184
11
44.682049
21
26.527678
0
LINE
8
graphic border
10
44.682049
20
26.527678
11
44.783039
21
26.464465
0
LINE
8
graphic border
10
44.783039
20
26.464465
11
44.854231
21
26.381860
0
LINE
8
graphic border
10
44.854231
20
26.381860
11
44.874352
21
26.311958
0
LINE
8
graphic border
10
44.874352
20
26.311958
11
44.855906
21
26.249054
0
LINE
8
graphic border
10
44.855906
20
26.249054
11
44.806036
21
26.184991
0
LINE
8
graphic border
10
44.806036
20
26.184991
11
44.729145
21
26.096537
0
LINE
8
graphic border
10
44.729145
20
26.096537
11
44.631318
21
25.975813
0
LINE
8
graphic border
10
44.631318
20
25.975813
11
44.607582
21
25.914268
0
LINE
8
graphic border
10
44.607582
20
25.914268
11
44.538293
21
25.974499
0
LINE
8
graphic border
10
44.538293
20
25.974499
11
44.567005
21
26.034307
0
LINE
8
graphic border
10
44.567005
20
26.034307
11
44.566992
21
26.034381
0
LINE
8
graphic border
10
44.690254
20
26.187348
11
44.560111
21
26.256479
0
LINE
8
graphic border
10
44.560111
20
26.256479
11
44.490722
21
26.293518
0
LINE
8
graphic border
10
44.490722
20
26.293518
11
44.445651
21
26.294521
0
LINE
8
graphic border
10
44.445651
20
26.294521
11
44.409214
21
26.271197
0
LINE
8
graphic border
10
44.409214
20
26.271197
11
44.390676
21
26.209662
0
LINE
8
graphic border
10
44.390676
20
26.209662
11
44.434265
21
26.140710
0
LINE
8
graphic border
10
44.434265
20
26.140710
11
44.516874
21
26.098032
0
LINE
8
graphic border
10
44.516874
20
26.098032
11
44.600777
21
26.105978
0
LINE
8
graphic border
10
44.600777
20
26.105978
11
44.669130
21
26.163032
0
LINE
8
graphic border
10
44.669130
20
26.163032
11
44.690254
21
26.187348
0
LINE
8
graphic border
10
44.885820
20
25.776640
11
44.844464
21
25.709707
0
LINE
8
graphic border
10
44.844464
20
25.709707
11
44.789218
21
25.747389
0
LINE
8
graphic border
10
44.789218
20
25.747389
11
44.743128
21
25.807508
0
LINE
8
graphic border
10
44.743128
20
25.807508
11
44.741067
21
25.861710
0
LINE
8
graphic border
10
44.741067
20
25.861710
11
44.801202
21
25.947262
0
LINE
8
graphic border
10
44.801202
20
25.947262
11
44.996954
21
26.172449
0
LINE
8
graphic border
10
44.996954
20
26.172449
11
44.948303
21
26.214741
0
LINE
8
graphic border
10
44.948303
20
26.214741
11
44.993156
21
26.266339
0
LINE
8
graphic border
10
44.993156
20
26.266339
11
45.041807
21
26.224048
0
LINE
8
graphic border
10
45.041807
20
26.224048
11
45.126067
21
26.320978
0
LINE
8
graphic border
10
45.126067
20
26.320978
11
45.226639
21
26.303433
0
LINE
8
graphic border
10
45.226639
20
26.303433
11
45.107779
21
26.166700
0
LINE
8
graphic border
10
45.107779
20
26.166700
11
45.174487
21
26.108711
0
LINE
8
graphic border
10
45.174487
20
26.108711
11
45.129634
21
26.057113
0
LINE
8
graphic border
10
45.129634
20
26.057113
11
45.062925
21
26.115101
0
LINE
8
graphic border
10
45.062925
20
26.115101
11
44.863969
21
25.886227
0
LINE
8
graphic border
10
44.863969
20
25.886227
11
44.835565
21
25.846858
0
LINE
8
graphic border
10
44.835565
20
25.846858
11
44.835774
21
25.824029
0
LINE
8
graphic border
10
44.835774
20
25.824029
11
44.854457
21
25.799374
0
LINE
8
graphic border
10
44.854457
20
25.799374
11
44.885813
21
25.776640
0
LINE
8
graphic border
10
44.885813
20
25.776640
11
44.885820
21
25.776640
0
LINE
8
graphic border
10
45.095530
20
25.594343
11
45.054174
21
25.527409
0
LINE
8
graphic border
10
45.054174
20
25.527409
11
44.998931
21
25.565090
0
LINE
8
graphic border
10
44.998931
20
25.565090
11
44.952838
21
25.625210
0
LINE
8
graphic border
10
44.952838
20
25.625210
11
44.950779
21
25.679411
0
LINE
8
graphic border
10
44.950779
20
25.679411
11
45.010914
21
25.764962
0
LINE
8
graphic border
10
45.010914
20
25.764962
11
45.206666
21
25.990150
0
LINE
8
graphic border
10
45.206666
20
25.990150
11
45.158017
21
26.032440
0
LINE
8
graphic border
10
45.158017
20
26.032440
11
45.202870
21
26.084038
0
LINE
8
graphic border
10
45.202870
20
26.084038
11
45.251519
21
26.041748
0
LINE
8
graphic border
10
45.251519
20
26.041748
11
45.335779
21
26.138679
0
LINE
8
graphic border
10
45.335779
20
26.138679
11
45.436351
21
26.121134
0
LINE
8
graphic border
10
45.436351
20
26.121134
11
45.317491
21
25.984400
0
LINE
8
graphic border
10
45.317491
20
25.984400
11
45.384201
21
25.926410
0
LINE
8
graphic border
10
45.384201
20
25.926410
11
45.339348
21
25.874812
0
LINE
8
graphic border
10
45.339348
20
25.874812
11
45.272637
21
25.932802
0
LINE
8
graphic border
10
45.272637
20
25.932802
11
45.073681
21
25.703928
0
LINE
8
graphic border
10
45.073681
20
25.703928
11
45.045277
21
25.664558
0
LINE
8
graphic border
10
45.045277
20
25.664558
11
45.045486
21
25.641730
0
LINE
8
graphic border
10
45.045486
20
25.641730
11
45.064170
21
25.617075
0
LINE
8
graphic border
10
45.064170
20
25.617075
11
45.095527
21
25.594339
0
LINE
8
graphic border
10
45.095527
20
25.594339
11
45.095530
21
25.594343
0
LINE
8
graphic border
10
45.486326
20
25.371747
11
45.547500
21
25.303670
0
LINE
8
graphic border
10
45.547500
20
25.303670
11
45.406370
21
25.262648
0
LINE
8
graphic border
10
45.406370
20
25.262648
11
45.265491
21
25.326873
0
LINE
8
graphic border
10
45.265491
20
25.326873
11
45.174940
21
25.498118
0
LINE
8
graphic border
10
45.174940
20
25.498118
11
45.253932
21
25.690218
0
LINE
8
graphic border
10
45.253932
20
25.690218
11
45.438069
21
25.799326
0
LINE
8
graphic border
10
45.438069
20
25.799326
11
45.617432
21
25.739176
0
LINE
8
graphic border
10
45.617432
20
25.739176
11
45.699233
21
25.574243
0
LINE
8
graphic border
10
45.699233
20
25.574243
11
45.618272
21
25.380620
0
LINE
8
graphic border
10
45.618272
20
25.380620
11
45.602493
21
25.363275
0
LINE
8
graphic border
10
45.602493
20
25.363275
11
45.310597
21
25.617015
0
LINE
8
graphic border
10
45.310597
20
25.617015
11
45.261221
21
25.486525
0
LINE
8
graphic border
10
45.261221
20
25.486525
11
45.313247
21
25.381124
0
LINE
8
graphic border
10
45.313247
20
25.381124
11
45.392196
21
25.346150
0
LINE
8
graphic border
10
45.392196
20
25.346150
11
45.486289
21
25.371765
0
LINE
8
graphic border
10
45.486289
20
25.371765
11
45.486326
21
25.371747
0
LINE
8
graphic border
10
45.361740
20
25.668342
11
45.580294
21
25.478357
0
LINE
8
graphic border
10
45.580294
20
25.478357
11
45.619629
21
25.574224
0
LINE
8
graphic border
10
45.619629
20
25.574224
11
45.570760
21
25.683998
0
LINE
8
graphic border
10
45.570760
20
25.683998
11
45.467141
21
25.720368
0
LINE
8
graphic border
10
45.467141
20
25.720368
11
45.361740
21
25.668342
0
LINE
8
graphic border
10
45.361740
20
25.668342
11
45.361740
21
25.668342
0
LINE
8
graphic border
10
45.527863
20
25.114346
11
45.868108
21
25.505755
0
LINE
8
graphic border
10
45.868108
20
25.505755
11
45.927815
21
25.453852
0
LINE
8
graphic border
10
45.927815
20
25.453852
11
45.876234
21
25.394514
0
LINE
8
graphic border
10
45.876234
20
25.394514
11
45.965986
21
25.412905
0
LINE
8
graphic border
10
45.965986
20
25.412905
11
46.020281
21
25.389021
0
LINE
8
graphic border
10
46.020281
20
25.389021
11
46.069880
21
25.308373
0
LINE
8
graphic border
10
46.069880
20
25.308373
11
45.993527
21
25.266687
0
LINE
8
graphic border
10
45.993527
20
25.266687
11
45.957376
21
25.323354
0
LINE
8
graphic border
10
45.957376
20
25.323354
11
45.906782
21
25.344056
0
LINE
8
graphic border
10
45.906782
20
25.344056
11
45.850691
21
25.329403
0
LINE
8
graphic border
10
45.850691
20
25.329403
11
45.772348
21
25.261622
0
LINE
8
graphic border
10
45.772348
20
25.261622
11
45.594217
21
25.056704
0
LINE
8
graphic border
10
45.594217
20
25.056704
11
45.527863
21
25.114346
0
LINE
8
graphic border
10
45.645973
20
24.747028
11
45.692749
21
24.815719
0
LINE
8
graphic border
10
45.692749
20
24.815719
11
45.725588
21
24.776830
0
LINE
8
graphic border
10
45.725588
20
24.776830
11
45.767375
21
24.753442
0
LINE
8
graphic border
10
45.767375
20
24.753442
11
45.807062
21
24.755178
0
LINE
8
graphic border
10
45.807062
20
24.755178
11
45.870262
21
24.786943
0
LINE
8
graphic border
10
45.870262
20
24.786943
11
45.890248
21
24.798037
0
LINE
8
graphic border
10
45.890248
20
24.798037
11
46.082604
21
25.319296
0
LINE
8
graphic border
10
46.082604
20
25.319296
11
46.154105
21
25.257142
0
LINE
8
graphic border
10
46.154105
20
25.257142
11
46.038522
21
24.959674
0
LINE
8
graphic border
10
46.038522
20
24.959674
11
45.988088
21
24.844340
0
LINE
8
graphic border
10
45.988088
20
24.844340
11
46.092892
21
24.909823
0
LINE
8
graphic border
10
46.092892
20
24.909823
11
46.374872
21
25.065233
0
LINE
8
graphic border
10
46.374872
20
25.065233
11
46.441211
21
25.007566
0
LINE
8
graphic border
10
46.441211
20
25.007566
11
45.946303
21
24.738957
0
LINE
8
graphic border
10
45.946303
20
24.738957
11
45.831865
21
24.682492
0
LINE
8
graphic border
10
45.831865
20
24.682492
11
45.749674
21
24.669823
0
LINE
8
graphic border
10
45.749674
20
24.669823
11
45.681676
21
24.701763
0
LINE
8
graphic border
10
45.681676
20
24.701763
11
45.645971
21
24.747034
0
LINE
8
graphic border
10
45.645971
20
24.747034
11
45.645973
21
24.747028
0
LINE
8
graphic border
10
46.718077
20
24.800538
11
46.832735
21
24.873633
0
LINE
8
graphic border
10
46.832735
20
24.873633
11
46.952377
21
24.840806
0
LINE
8
graphic border
10
46.952377
20
24.840806
11
47.004690
21
24.731271
0
LINE
8
graphic border
10
47.004690
20
24.731271
11
46.945636
21
24.595605
0
LINE
8
graphic border
10
46.945636
20
24.595605
11
46.819782
21
24.519305
0
LINE
8
graphic border
10
46.819782
20
24.519305
11
46.704819
21
24.554534
0
LINE
8
graphic border
10
46.704819
20
24.554534
11
46.654715
21
24.662145
0
LINE
8
graphic border
10
46.654715
20
24.662145
11
46.718077
21
24.800538
0
LINE
8
graphic border
10
46.718077
20
24.800538
11
46.718077
21
24.800538
0
LINE
8
graphic border
10
46.914491
20
24.793504
11
46.854632
21
24.808009
0
LINE
8
graphic border
10
46.854632
20
24.808009
11
46.770176
21
24.743600
0
LINE
8
graphic border
10
46.770176
20
24.743600
11
46.723015
21
24.655834
0
LINE
8
graphic border
10
46.723015
20
24.655834
11
46.745661
21
24.599263
0
LINE
8
graphic border
10
46.745661
20
24.599263
11
46.805522
21
24.584757
0
LINE
8
graphic border
10
46.805522
20
24.584757
11
46.890037
21
24.648466
0
LINE
8
graphic border
10
46.890037
20
24.648466
11
46.937199
21
24.736235
0
LINE
8
graphic border
10
46.937199
20
24.736235
11
46.914503
21
24.793494
0
LINE
8
graphic border
10
46.914503
20
24.793494
11
46.914491
21
24.793504
0
LINE
8
graphic border
10
46.459628
20
24.269436
11
47.250200
21
24.581914
0
LINE
8
graphic border
10
47.250200
20
24.581914
11
47.304011
21
24.535137
0
LINE
8
graphic border
10
47.304011
20
24.535137
11
46.514543
21
24.221699
0
LINE
8
graphic border
10
46.514543
20
24.221699
11
46.459628
21
24.269436
0
LINE
8
graphic border
10
46.820806
20
24.213000
11
46.935465
21
24.286096
0
LINE
8
graphic border
10
46.935465
20
24.286096
11
47.055473
21
24.252949
0
LINE
8
graphic border
10
47.055473
20
24.252949
11
47.107787
21
24.143415
0
LINE
8
graphic border
10
47.107787
20
24.143415
11
47.048736
21
24.007747
0
LINE
8
graphic border
10
47.048736
20
24.007747
11
46.922878
21
23.931447
0
LINE
8
graphic border
10
46.922878
20
23.931447
11
46.807545
21
23.966997
0
LINE
8
graphic border
10
46.807545
20
23.966997
11
46.757445
21
24.074609
0
LINE
8
graphic border
10
46.757445
20
24.074609
11
46.820806
21
24.213000
0
LINE
8
graphic border
10
46.820806
20
24.213000
11
46.820806
21
24.213000
0
LINE
8
graphic border
10
47.017590
20
24.205647
11
46.957360
21
24.220474
0
LINE
8
graphic border
10
46.957360
20
24.220474
11
46.872904
21
24.156066
0
LINE
8
graphic border
10
46.872904
20
24.156066
11
46.826062
21
24.068666
0
LINE
8
graphic border
10
46.826062
20
24.068666
11
46.848389
21
24.011728
0
LINE
8
graphic border
10
46.848389
20
24.011728
11
46.908619
21
23.996901
0
LINE
8
graphic border
10
46.908619
20
23.996901
11
46.993134
21
24.060610
0
LINE
8
graphic border
10
46.993134
20
24.060610
11
47.040297
21
24.148379
0
LINE
8
graphic border
10
47.040297
20
24.148379
11
47.017600
21
24.205638
0
LINE
8
graphic border
10
47.017600
20
24.205638
11
47.017590
21
24.205647
0
LINE
8
graphic border
10
29.377538
20
33.512215
11
28.711838
21
33.187475
0
LINE
8
graphic border
10
28.711838
20
33.187475
11
28.693057
21
33.282825
0
LINE
8
graphic border
10
28.693057
20
33.282825
11
29.132460
21
33.480367
0
LINE
8
graphic border
10
29.132460
20
33.480367
11
29.270349
21
33.538385
0
LINE
8
graphic border
10
29.270349
20
33.538385
11
29.134275
21
33.544433
0
LINE
8
graphic border
10
29.134275
20
33.544433
11
28.633600
21
33.584679
0
LINE
8
graphic border
10
28.633600
20
33.584679
11
28.611516
21
33.696798
0
LINE
8
graphic border
10
28.611516
20
33.696798
11
28.947215
21
33.867442
0
LINE
8
graphic border
10
28.947215
20
33.867442
11
29.185128
21
33.971044
0
LINE
8
graphic border
10
29.185128
20
33.971044
11
29.025394
21
33.975916
0
LINE
8
graphic border
10
29.025394
20
33.975916
11
28.552342
21
33.997215
0
LINE
8
graphic border
10
28.552342
20
33.997215
11
28.533939
21
34.090645
0
LINE
8
graphic border
10
28.533939
20
34.090645
11
29.274290
21
34.036389
0
LINE
8
graphic border
10
29.274290
20
34.036389
11
29.291939
21
33.946790
0
LINE
8
graphic border
10
29.291939
20
33.946790
11
28.785907
21
33.693320
0
LINE
8
graphic border
10
28.785907
20
33.693320
11
28.707837
21
33.655047
0
LINE
8
graphic border
10
28.707837
20
33.655047
11
28.794308
21
33.650668
0
LINE
8
graphic border
10
28.794308
20
33.650668
11
29.358853
21
33.607076
0
LINE
8
graphic border
10
29.358853
20
33.607076
11
29.377538
21
33.512215
0
LINE
8
graphic border
10
28.992456
20
34.603032
11
28.985922
21
34.694322
0
LINE
8
graphic border
10
28.985922
20
34.694322
11
29.122526
21
34.640100
0
LINE
8
graphic border
10
29.122526
20
34.640100
11
29.194339
21
34.502937
0
LINE
8
graphic border
10
29.194339
20
34.502937
11
29.160741
21
34.312161
0
LINE
8
graphic border
10
29.160741
20
34.312161
11
28.980485
21
34.208964
0
LINE
8
graphic border
10
28.980485
20
34.208964
11
28.768141
21
34.235825
0
LINE
8
graphic border
10
28.768141
20
34.235825
11
28.663442
21
34.393388
0
LINE
8
graphic border
10
28.663442
20
34.393388
11
28.700074
21
34.573810
0
LINE
8
graphic border
10
28.700074
20
34.573810
11
28.882821
21
34.676999
0
LINE
8
graphic border
10
28.882821
20
34.676999
11
28.905920
21
34.681009
0
LINE
8
graphic border
10
28.905920
20
34.681009
11
28.980666
21
34.301533
0
LINE
8
graphic border
10
28.980666
20
34.301533
11
29.099731
21
34.374262
0
LINE
8
graphic border
10
29.099731
20
34.374262
11
29.123340
21
34.489405
0
LINE
8
graphic border
10
29.123340
20
34.489405
11
29.082474
21
34.565473
0
LINE
8
graphic border
10
29.082474
20
34.565473
11
28.992462
21
34.602990
0
LINE
8
graphic border
10
28.992462
20
34.602990
11
28.992456
21
34.603032
0
LINE
8
graphic border
10
28.908804
20
34.292400
11
28.852839
21
34.576526
0
LINE
8
graphic border
10
28.852839
20
34.576526
11
28.762950
21
34.524975
0
LINE
8
graphic border
10
28.762950
20
34.524975
11
28.734166
21
34.408313
0
LINE
8
graphic border
10
28.734166
20
34.408313
11
28.793659
21
34.316008
0
LINE
8
graphic border
10
28.793659
20
34.316008
11
28.908804
21
34.292400
0
LINE
8
graphic border
10
28.908804
20
34.292400
11
28.908804
21
34.292400
0
LINE
8
graphic border
10
29.052412
20
35.162837
11
28.988208
21
35.150190
0
LINE
8
graphic border
10
28.988208
20
35.150190
11
29.091941
21
35.022797
0
LINE
8
graphic border
10
29.091941
20
35.022797
11
29.080485
21
34.904074
0
LINE
8
graphic border
10
29.080485
20
34.904074
11
29.002626
21
34.806614
0
LINE
8
graphic border
10
29.002626
20
34.806614
11
28.869630
21
34.751549
0
LINE
8
graphic border
10
28.869630
20
34.751549
11
28.726638
21
34.749757
0
LINE
8
graphic border
10
28.726638
20
34.749757
11
28.616284
21
34.807160
0
LINE
8
graphic border
10
28.616284
20
34.807160
11
28.560857
21
34.914203
0
LINE
8
graphic border
10
28.560857
20
34.914203
11
28.564362
21
35.000003
0
LINE
8
graphic border
10
28.564362
20
35.000003
11
28.603157
21
35.068368
0
LINE
8
graphic border
10
28.603157
20
35.068368
11
28.351132
21
35.018726
0
LINE
8
graphic border
10
28.351132
20
35.018726
11
28.334239
21
35.104491
0
LINE
8
graphic border
10
28.334239
20
35.104491
11
29.036651
21
35.242846
0
LINE
8
graphic border
10
29.036651
20
35.242846
11
29.052412
21
35.162837
0
LINE
8
graphic border
10
28.852171
20
34.840188
11
28.990190
21
34.910178
0
LINE
8
graphic border
10
28.990190
20
34.910178
11
29.019425
21
35.016975
0
LINE
8
graphic border
10
29.019425
20
35.016975
11
28.954552
21
35.103742
0
LINE
8
graphic border
10
28.954552
20
35.103742
11
28.805374
21
35.115671
0
LINE
8
graphic border
10
28.805374
20
35.115671
11
28.659978
21
35.045223
0
LINE
8
graphic border
10
28.659978
20
35.045223
11
28.630642
21
34.936416
0
LINE
8
graphic border
10
28.630642
20
34.936416
11
28.696567
21
34.849358
0
LINE
8
graphic border
10
28.696567
20
34.849358
11
28.852171
21
34.840188
0
LINE
8
graphic border
10
28.852171
20
34.840188
11
28.852171
21
34.840188
0
LINE
8
graphic border
10
29.009943
20
35.378446
11
28.501101
21
35.278218
0
LINE
8
graphic border
10
28.501101
20
35.278218
11
28.485812
21
35.355840
0
LINE
8
graphic border
10
28.485812
20
35.355840
11
28.558161
21
35.370091
0
LINE
8
graphic border
10
28.558161
20
35.370091
11
28.442414
21
35.515523
0
LINE
8
graphic border
10
28.442414
20
35.515523
11
28.442573
21
35.603153
0
LINE
8
graphic border
10
28.442573
20
35.603153
11
28.474276
21
35.669623
0
LINE
8
graphic border
10
28.474276
20
35.669623
11
28.532716
21
35.709006
0
LINE
8
graphic border
10
28.532716
20
35.709006
11
28.615619
21
35.730325
0
LINE
8
graphic border
10
28.615619
20
35.730325
11
28.928494
21
35.791952
0
LINE
8
graphic border
10
28.928494
20
35.791952
11
28.945482
21
35.705707
0
LINE
8
graphic border
10
28.945482
20
35.705707
11
28.635961
21
35.644740
0
LINE
8
graphic border
10
28.635961
20
35.644740
11
28.559366
21
35.619190
0
LINE
8
graphic border
10
28.559366
20
35.619190
11
28.524760
21
35.575044
0
LINE
8
graphic border
10
28.524760
20
35.575044
11
28.520745
21
35.512038
0
LINE
8
graphic border
10
28.520745
20
35.512038
11
28.574503
21
35.423578
0
LINE
8
graphic border
10
28.574503
20
35.423578
11
28.715056
21
35.409953
0
LINE
8
graphic border
10
28.715056
20
35.409953
11
28.992955
21
35.464691
0
LINE
8
graphic border
10
28.992955
20
35.464691
11
29.009943
21
35.378446
0
LINE
8
graphic border
10
28.669972
20
36.240238
11
28.663438
21
36.331527
0
LINE
8
graphic border
10
28.663438
20
36.331527
11
28.800043
21
36.277305
0
LINE
8
graphic border
10
28.800043
20
36.277305
11
28.871856
21
36.140141
0
LINE
8
graphic border
10
28.871856
20
36.140141
11
28.838258
21
35.949365
0
LINE
8
graphic border
10
28.838258
20
35.949365
11
28.658002
21
35.846170
0
LINE
8
graphic border
10
28.658002
20
35.846170
11
28.445658
21
35.873031
0
LINE
8
graphic border
10
28.445658
20
35.873031
11
28.340959
21
36.030594
0
LINE
8
graphic border
10
28.340959
20
36.030594
11
28.377591
21
36.211016
0
LINE
8
graphic border
10
28.377591
20
36.211016
11
28.560337
21
36.314205
0
LINE
8
graphic border
10
28.560337
20
36.314205
11
28.583437
21
36.318215
0
LINE
8
graphic border
10
28.583437
20
36.318215
11
28.658183
21
35.938739
0
LINE
8
graphic border
10
28.658183
20
35.938739
11
28.777248
21
36.011465
0
LINE
8
graphic border
10
28.777248
20
36.011465
11
28.800856
21
36.126611
0
LINE
8
graphic border
10
28.800856
20
36.126611
11
28.759991
21
36.202677
0
LINE
8
graphic border
10
28.759991
20
36.202677
11
28.669978
21
36.240196
0
LINE
8
graphic border
10
28.669978
20
36.240196
11
28.669972
21
36.240238
0
LINE
8
graphic border
10
28.586320
20
35.929606
11
28.530355
21
36.213732
0
LINE
8
graphic border
10
28.530355
20
36.213732
11
28.440467
21
36.162181
0
LINE
8
graphic border
10
28.440467
20
36.162181
11
28.411683
21
36.045519
0
LINE
8
graphic border
10
28.411683
20
36.045519
11
28.471175
21
35.953214
0
LINE
8
graphic border
10
28.471175
20
35.953214
11
28.586320
21
35.929606
0
LINE
8
graphic border
10
28.586320
20
35.929606
11
28.586320
21
35.929606
0
LINE
8
graphic border
10
28.649863
20
36.405504
11
28.619648
21
36.488146
0
LINE
8
graphic border
10
28.619648
20
36.488146
11
28.690393
21
36.543391
0
LINE
8
graphic border
10
28.690393
20
36.543391
11
28.699583
21
36.640765
0
LINE
8
graphic border
10
28.699583
20
36.640765
11
28.658260
21
36.724207
0
LINE
8
graphic border
10
28.658260
20
36.724207
11
28.595580
21
36.741724
0
LINE
8
graphic border
10
28.595580
20
36.741724
11
28.554584
21
36.707276
0
LINE
8
graphic border
10
28.554584
20
36.707276
11
28.542722
21
36.613358
0
LINE
8
graphic border
10
28.542722
20
36.613358
11
28.527470
21
36.473479
0
LINE
8
graphic border
10
28.527470
20
36.473479
11
28.490025
21
36.408367
0
LINE
8
graphic border
10
28.490025
20
36.408367
11
28.425190
21
36.376181
0
LINE
8
graphic border
10
28.425190
20
36.376181
11
28.359402
21
36.379160
0
LINE
8
graphic border
10
28.359402
20
36.379160
11
28.302609
21
36.412271
0
LINE
8
graphic border
10
28.302609
20
36.412271
11
28.266935
21
36.461985
0
LINE
8
graphic border
10
28.266935
20
36.461985
11
28.241672
21
36.534654
0
LINE
8
graphic border
10
28.241672
20
36.534654
11
28.238254
21
36.642983
0
LINE
8
graphic border
10
28.238254
20
36.642983
11
28.271997
21
36.719308
0
LINE
8
graphic border
10
28.271997
20
36.719308
11
28.344724
21
36.764494
0
LINE
8
graphic border
10
28.344724
20
36.764494
11
28.372834
21
36.682430
0
LINE
8
graphic border
10
28.372834
20
36.682430
11
28.318111
21
36.636810
0
LINE
8
graphic border
10
28.318111
20
36.636810
11
28.311360
21
36.554850
0
LINE
8
graphic border
10
28.311360
20
36.554850
11
28.347709
21
36.473912
0
LINE
8
graphic border
10
28.347709
20
36.473912
11
28.398706
21
36.457584
0
LINE
8
graphic border
10
28.398706
20
36.457584
11
28.426816
21
36.474069
0
LINE
8
graphic border
10
28.426816
20
36.474069
11
28.443301
21
36.511661
0
LINE
8
graphic border
10
28.443301
20
36.511661
11
28.450335
21
36.592183
0
LINE
8
graphic border
10
28.450335
20
36.592183
11
28.465478
21
36.727561
0
LINE
8
graphic border
10
28.465478
20
36.727561
11
28.499287
21
36.793450
0
LINE
8
graphic border
10
28.499287
20
36.793450
11
28.569013
21
36.828596
0
LINE
8
graphic border
10
28.569013
20
36.828596
11
28.655467
21
36.819251
0
LINE
8
graphic border
10
28.655467
20
36.819251
11
28.728652
21
36.758511
0
LINE
8
graphic border
10
28.728652
20
36.758511
11
28.770393
21
36.655242
0
LINE
8
graphic border
10
28.770393
20
36.655242
11
28.759011
21
36.495719
0
LINE
8
graphic border
10
28.759011
20
36.495719
11
28.649854
21
36.405534
0
LINE
8
graphic border
10
28.649854
20
36.405534
11
28.649863
21
36.405504
0
LINE
8
graphic border
10
28.633287
20
37.290677
11
28.569083
21
37.278031
0
LINE
8
graphic border
10
28.569083
20
37.278031
11
28.672816
21
37.150638
0
LINE
8
graphic border
10
28.672816
20
37.150638
11
28.661361
21
37.031915
0
LINE
8
graphic border
10
28.661361
20
37.031915
11
28.583502
21
36.934454
0
LINE
8
graphic border
10
28.583502
20
36.934454
11
28.450505
21
36.879390
0
LINE
8
graphic border
10
28.450505
20
36.879390
11
28.307513
21
36.877598
0
LINE
8
graphic border
10
28.307513
20
36.877598
11
28.197160
21
36.934998
0
LINE
8
graphic border
10
28.197160
20
36.934998
11
28.141732
21
37.042043
0
LINE
8
graphic border
10
28.141732
20
37.042043
11
28.145238
21
37.127843
0
LINE
8
graphic border
10
28.145238
20
37.127843
11
28.184033
21
37.196208
0
LINE
8
graphic border
10
28.184033
20
37.196208
11
27.932008
21
37.146566
0
LINE
8
graphic border
10
27.932008
20
37.146566
11
27.915114
21
37.232331
0
LINE
8
graphic border
10
27.915114
20
37.232331
11
28.617527
21
37.370687
0
LINE
8
graphic border
10
28.617527
20
37.370687
11
28.633287
21
37.290677
0
LINE
8
graphic border
10
28.433046
20
36.968029
11
28.571066
21
37.038019
0
LINE
8
graphic border
10
28.571066
20
37.038019
11
28.600300
21
37.144816
0
LINE
8
graphic border
10
28.600300
20
37.144816
11
28.535428
21
37.231583
0
LINE
8
graphic border
10
28.535428
20
37.231583
11
28.386250
21
37.243509
0
LINE
8
graphic border
10
28.386250
20
37.243509
11
28.240854
21
37.173061
0
LINE
8
graphic border
10
28.240854
20
37.173061
11
28.211518
21
37.064254
0
LINE
8
graphic border
10
28.211518
20
37.064254
11
28.277443
21
36.977198
0
LINE
8
graphic border
10
28.277443
20
36.977198
11
28.433046
21
36.968029
0
LINE
8
graphic border
10
28.433046
20
36.968029
11
28.433046
21
36.968029
0
LINE
8
graphic border
10
28.462649
20
37.825963
11
28.538360
21
37.744816
0
LINE
8
graphic border
10
28.538360
20
37.744816
11
28.573816
21
37.653250
0
LINE
8
graphic border
10
28.573816
20
37.653250
11
28.558476
21
37.516341
0
LINE
8
graphic border
10
28.558476
20
37.516341
11
28.462417
21
37.450633
0
LINE
8
graphic border
10
28.462417
20
37.450633
11
28.391077
21
37.454002
0
LINE
8
graphic border
10
28.391077
20
37.454002
11
28.332470
21
37.488746
0
LINE
8
graphic border
10
28.332470
20
37.488746
11
28.291932
21
37.545468
0
LINE
8
graphic border
10
28.291932
20
37.545468
11
28.263896
21
37.619581
0
LINE
8
graphic border
10
28.263896
20
37.619581
11
28.203895
21
37.767532
0
LINE
8
graphic border
10
28.203895
20
37.767532
11
28.181273
21
37.763615
0
LINE
8
graphic border
10
28.181273
20
37.763615
11
28.111818
21
37.724559
0
LINE
8
graphic border
10
28.111818
20
37.724559
11
28.101938
21
37.620579
0
LINE
8
graphic border
10
28.101938
20
37.620579
11
28.141243
21
37.534749
0
LINE
8
graphic border
10
28.141243
20
37.534749
11
28.224867
21
37.506923
0
LINE
8
graphic border
10
28.224867
20
37.506923
11
28.229976
21
37.420331
0
LINE
8
graphic border
10
28.229976
20
37.420331
11
28.135318
21
37.441006
0
LINE
8
graphic border
10
28.135318
20
37.441006
11
28.069045
21
37.507091
0
LINE
8
graphic border
10
28.069045
20
37.507091
11
28.028092
21
37.618975
0
LINE
8
graphic border
10
28.028092
20
37.618975
11
28.022567
21
37.727884
0
LINE
8
graphic border
10
28.022567
20
37.727884
11
28.049580
21
37.795422
0
LINE
8
graphic border
10
28.049580
20
37.795422
11
28.102749
21
37.833767
0
LINE
8
graphic border
10
28.102749
20
37.833767
11
28.181437
21
37.853743
0
LINE
8
graphic border
10
28.181437
20
37.853743
11
28.296429
21
37.876393
0
LINE
8
graphic border
10
28.296429
20
37.876393
11
28.447756
21
37.911675
0
LINE
8
graphic border
10
28.447756
20
37.911675
11
28.504265
21
37.945700
0
LINE
8
graphic border
10
28.504265
20
37.945700
11
28.522008
21
37.855623
0
LINE
8
graphic border
10
28.522008
20
37.855623
11
28.462641
21
37.825997
0
LINE
8
graphic border
10
28.462641
20
37.825997
11
28.462649
21
37.825963
0
LINE
8
graphic border
10
28.271453
20
37.780833
11
28.331781
21
37.646384
0
LINE
8
graphic border
10
28.331781
20
37.646384
11
28.363848
21
37.574559
0
LINE
8
graphic border
10
28.363848
20
37.574559
11
28.398818
21
37.546108
0
LINE
8
graphic border
10
28.398818
20
37.546108
11
28.441901
21
37.542162
0
LINE
8
graphic border
10
28.441901
20
37.542162
11
28.494300
21
37.579369
0
LINE
8
graphic border
10
28.494300
20
37.579369
11
28.502197
21
37.660560
0
LINE
8
graphic border
10
28.502197
20
37.660560
11
28.463176
21
37.744951
0
LINE
8
graphic border
10
28.463176
20
37.744951
11
28.392053
21
37.790172
0
LINE
8
graphic border
10
28.392053
20
37.790172
11
28.303073
21
37.787072
0
LINE
8
graphic border
10
28.303073
20
37.787072
11
28.271453
21
37.780833
0
LINE
8
graphic border
10
28.680046
20
38.086783
11
28.600959
21
38.061254
0
LINE
8
graphic border
10
28.600959
20
38.061254
11
28.598904
21
38.112116
0
LINE
8
graphic border
10
28.598904
20
38.112116
11
28.580263
21
38.156224
0
LINE
8
graphic border
10
28.580263
20
38.156224
11
28.547863
21
38.179209
0
LINE
8
graphic border
10
28.547863
20
38.179209
11
28.478468
21
38.192914
0
LINE
8
graphic border
10
28.478468
20
38.192914
11
28.455878
21
38.196419
0
LINE
8
graphic border
10
28.455878
20
38.196419
11
27.984112
21
37.902911
0
LINE
8
graphic border
10
27.984112
20
37.902911
11
27.965803
21
37.995862
0
LINE
8
graphic border
10
27.965803
20
37.995862
11
28.239614
21
38.159792
0
LINE
8
graphic border
10
28.239614
20
38.159792
11
28.350215
21
38.219902
0
LINE
8
graphic border
10
28.350215
20
38.219902
11
28.227280
21
38.232521
0
LINE
8
graphic border
10
28.227280
20
38.232521
11
27.909272
21
38.282865
0
LINE
8
graphic border
10
27.909272
20
38.282865
11
27.892284
21
38.369110
0
LINE
8
graphic border
10
27.892284
20
38.369110
11
28.447878
21
38.277464
0
LINE
8
graphic border
10
28.447878
20
38.277464
11
28.572881
21
38.251818
0
LINE
8
graphic border
10
28.572881
20
38.251818
11
28.645551
21
38.211381
0
LINE
8
graphic border
10
28.645551
20
38.211381
11
28.679642
21
38.144431
0
LINE
8
graphic border
10
28.679642
20
38.144431
11
28.680050
21
38.086776
0
LINE
8
graphic border
10
28.680050
20
38.086776
11
28.680046
21
38.086783
0
LINE
8
graphic border
10
40.854285
20
32.961133
11
40.876217
21
33.048119
0
LINE
8
graphic border
10
40.876217
20
33.048119
11
40.969327
21
33.046814
0
LINE
8
graphic border
10
40.969327
20
33.046814
11
41.045620
21
33.096835
0
LINE
8
graphic border
10
41.045620
20
33.096835
11
41.101498
21
33.193749
0
LINE
8
graphic border
10
41.101498
20
33.193749
11
41.117663
21
33.289456
0
LINE
8
graphic border
10
41.117663
20
33.289456
11
41.096318
21
33.361996
0
LINE
8
graphic border
10
41.096318
20
33.361996
11
41.044915
21
33.401544
0
LINE
8
graphic border
10
41.044915
20
33.401544
11
40.983150
21
33.402315
0
LINE
8
graphic border
10
40.983150
20
33.402315
11
40.921876
21
33.355348
0
LINE
8
graphic border
10
40.921876
20
33.355348
11
40.847324
21
33.246308
0
LINE
8
graphic border
10
40.847324
20
33.246308
11
40.759563
21
33.130483
0
LINE
8
graphic border
10
40.759563
20
33.130483
11
40.671677
21
33.079830
0
LINE
8
graphic border
10
40.671677
20
33.079830
11
40.579089
21
33.085615
0
LINE
8
graphic border
10
40.579089
20
33.085615
11
40.493680
21
33.147828
0
LINE
8
graphic border
10
40.493680
20
33.147828
11
40.455329
21
33.256255
0
LINE
8
graphic border
10
40.455329
20
33.256255
11
40.475336
21
33.388365
0
LINE
8
graphic border
10
40.475336
20
33.388365
11
40.545741
21
33.512282
0
LINE
8
graphic border
10
40.545741
20
33.512282
11
40.647532
21
33.576200
0
LINE
8
graphic border
10
40.647532
20
33.576200
11
40.765632
21
33.572424
0
LINE
8
graphic border
10
40.765632
20
33.572424
11
40.742295
21
33.484377
0
LINE
8
graphic border
10
40.742295
20
33.484377
11
40.629079
21
33.470950
0
LINE
8
graphic border
10
40.629079
20
33.470950
11
40.555489
21
33.364676
0
LINE
8
graphic border
10
40.555489
20
33.364676
11
40.544321
21
33.235705
0
LINE
8
graphic border
10
40.544321
20
33.235705
11
40.603016
21
33.173975
0
LINE
8
graphic border
10
40.603016
20
33.173975
11
40.672118
21
33.179455
0
LINE
8
graphic border
10
40.672118
20
33.179455
11
40.767319
21
33.297350
0
LINE
8
graphic border
10
40.767319
20
33.297350
11
40.862268
21
33.432392
0
LINE
8
graphic border
10
40.862268
20
33.432392
11
40.961737
21
33.495564
0
LINE
8
graphic border
10
40.961737
20
33.495564
11
41.067465
21
33.490397
0
LINE
8
graphic border
10
41.067465
20
33.490397
11
41.158692
21
33.424097
0
LINE
8
graphic border
10
41.158692
20
33.424097
11
41.202058
21
33.309277
0
LINE
8
graphic border
10
41.202058
20
33.309277
11
41.183197
21
33.170051
0
LINE
8
graphic border
10
41.183197
20
33.170051
11
41.102952
21
33.025250
0
LINE
8
graphic border
10
41.102952
20
33.025250
11
40.988891
21
32.955772
0
LINE
8
graphic border
10
40.988891
20
32.955772
11
40.854285
21
32.961141
0
LINE
8
graphic border
10
40.854285
20
32.961141
11
40.854285
21
32.961133
0
LINE
8
graphic border
10
41.347753
20
33.876421
11
41.372205
21
33.768166
0
LINE
8
graphic border
10
41.372205
20
33.768166
11
41.356645
21
33.671216
0
LINE
8
graphic border
10
41.356645
20
33.671216
11
41.274355
21
33.560728
0
LINE
8
graphic border
10
41.274355
20
33.560728
11
41.158268
21
33.552432
0
LINE
8
graphic border
10
41.158268
20
33.552432
11
41.098363
21
33.591319
0
LINE
8
graphic border
10
41.098363
20
33.591319
11
41.065277
21
33.650877
0
LINE
8
graphic border
10
41.065277
20
33.650877
11
41.058875
21
33.720300
0
LINE
8
graphic border
10
41.058875
20
33.720300
11
41.072051
21
33.798437
0
LINE
8
graphic border
10
41.072051
20
33.798437
11
41.094851
21
33.956455
0
LINE
8
graphic border
10
41.094851
20
33.956455
11
41.073353
21
33.964478
0
LINE
8
graphic border
10
41.073353
20
33.964478
11
40.993682
21
33.965778
0
LINE
8
graphic border
10
40.993682
20
33.965778
11
40.932711
21
33.880972
0
LINE
8
graphic border
10
40.932711
20
33.880972
11
40.923377
21
33.787031
0
LINE
8
graphic border
10
40.923377
20
33.787031
11
40.981553
21
33.720830
0
LINE
8
graphic border
10
40.981553
20
33.720830
11
40.942296
21
33.643479
0
LINE
8
graphic border
10
40.942296
20
33.643479
11
40.870983
21
33.709070
0
LINE
8
graphic border
10
40.870983
20
33.709070
11
40.847082
21
33.799558
0
LINE
8
graphic border
10
40.847082
20
33.799558
11
40.868153
21
33.916822
0
LINE
8
graphic border
10
40.868153
20
33.916822
11
40.918316
21
34.013650
0
LINE
8
graphic border
10
40.918316
20
34.013650
11
40.975701
21
34.058346
0
LINE
8
graphic border
10
40.975701
20
34.058346
11
41.040951
21
34.064644
0
LINE
8
graphic border
10
41.040951
20
34.064644
11
41.118974
21
34.042210
0
LINE
8
graphic border
10
41.118974
20
34.042210
11
41.229696
21
34.003777
0
LINE
8
graphic border
10
41.229696
20
34.003777
11
41.378162
21
33.957927
0
LINE
8
graphic border
10
41.378162
20
33.957927
11
41.444120
21
33.958810
0
LINE
8
graphic border
10
41.444120
20
33.958810
11
41.414014
21
33.872079
0
LINE
8
graphic border
10
41.414014
20
33.872079
11
41.347808
21
33.876435
0
LINE
8
graphic border
10
41.347808
20
33.876435
11
41.347753
21
33.876421
0
LINE
8
graphic border
10
41.159892
20
33.933873
11
41.144180
21
33.787350
0
LINE
8
graphic border
10
41.144180
20
33.787350
11
41.135659
21
33.709148
0
LINE
8
graphic border
10
41.135659
20
33.709148
11
41.151510
21
33.666946
0
LINE
8
graphic border
10
41.151510
20
33.666946
11
41.186722
21
33.641812
0
LINE
8
graphic border
10
41.186722
20
33.641812
11
41.250735
21
33.647515
0
LINE
8
graphic border
10
41.250735
20
33.647515
11
41.298503
21
33.713641
0
LINE
8
graphic border
10
41.298503
20
33.713641
11
41.307357
21
33.806198
0
LINE
8
graphic border
10
41.307357
20
33.806198
11
41.268747
21
33.881115
0
LINE
8
graphic border
10
41.268747
20
33.881115
11
41.190347
21
33.923312
0
LINE
8
graphic border
10
41.190347
20
33.923312
11
41.159892
21
33.933873
0
LINE
8
graphic border
10
41.468268
20
34.268285
11
41.545784
21
34.254821
0
LINE
8
graphic border
10
41.545784
20
34.254821
11
41.531378
21
34.189518
0
LINE
8
graphic border
10
41.531378
20
34.189518
11
41.492739
21
34.124357
0
LINE
8
graphic border
10
41.492739
20
34.124357
11
41.443201
21
34.102267
0
LINE
8
graphic border
10
41.443201
20
34.102267
11
41.341412
21
34.126229
0
LINE
8
graphic border
10
41.341412
20
34.126229
11
41.059535
21
34.224073
0
LINE
8
graphic border
10
41.059535
20
34.224073
11
41.038397
21
34.163177
0
LINE
8
graphic border
10
41.038397
20
34.163177
11
40.973809
21
34.185597
0
LINE
8
graphic border
10
40.973809
20
34.185597
11
40.994947
21
34.246493
0
LINE
8
graphic border
10
40.994947
20
34.246493
11
40.873615
21
34.288610
0
LINE
8
graphic border
10
40.873615
20
34.288610
11
40.852455
21
34.388487
0
LINE
8
graphic border
10
40.852455
20
34.388487
11
41.023613
21
34.329075
0
LINE
8
graphic border
10
41.023613
20
34.329075
11
41.052598
21
34.412577
0
LINE
8
graphic border
10
41.052598
20
34.412577
11
41.117186
21
34.390157
0
LINE
8
graphic border
10
41.117186
20
34.390157
11
41.088201
21
34.306655
0
LINE
8
graphic border
10
41.088201
20
34.306655
11
41.374692
21
34.207209
0
LINE
8
graphic border
10
41.374692
20
34.207209
11
41.421804
21
34.195505
0
LINE
8
graphic border
10
41.421804
20
34.195505
11
41.442913
21
34.204198
0
LINE
8
graphic border
10
41.442913
20
34.204198
11
41.458841
21
34.230720
0
LINE
8
graphic border
10
41.458841
20
34.230720
11
41.468268
21
34.268285
0
LINE
8
graphic border
10
41.468268
20
34.268285
11
41.468268
21
34.268285
0
LINE
8
graphic border
10
41.682185
20
34.644789
11
41.610216
21
34.669771
0
LINE
8
graphic border
10
41.610216
20
34.669771
11
41.639289
21
34.485476
0
LINE
8
graphic border
10
41.639289
20
34.485476
11
41.594507
21
34.410039
0
LINE
8
graphic border
10
41.594507
20
34.410039
11
41.533608
21
34.368630
0
LINE
8
graphic border
10
41.533608
20
34.368630
11
41.462982
21
34.364716
0
LINE
8
graphic border
10
41.462982
20
34.364716
11
41.383715
21
34.386545
0
LINE
8
graphic border
10
41.383715
20
34.386545
11
41.080155
21
34.491917
0
LINE
8
graphic border
10
41.080155
20
34.491917
11
41.108979
21
34.574956
0
LINE
8
graphic border
10
41.108979
20
34.574956
11
41.380708
21
34.480634
0
LINE
8
graphic border
10
41.380708
20
34.480634
11
41.470123
21
34.455282
0
LINE
8
graphic border
10
41.470123
20
34.455282
11
41.533323
21
34.470563
0
LINE
8
graphic border
10
41.533323
20
34.470563
11
41.573548
21
34.526900
0
LINE
8
graphic border
10
41.573548
20
34.526900
11
41.578968
21
34.603593
0
LINE
8
graphic border
10
41.578968
20
34.603593
11
41.542849
21
34.667823
0
LINE
8
graphic border
10
41.542849
20
34.667823
11
41.451697
21
34.714979
0
LINE
8
graphic border
10
41.451697
20
34.714979
11
41.189196
21
34.806098
0
LINE
8
graphic border
10
41.189196
20
34.806098
11
41.218021
21
34.889140
0
LINE
8
graphic border
10
41.218021
20
34.889140
11
41.707964
21
34.719072
0
LINE
8
graphic border
10
41.707964
20
34.719072
11
41.682185
21
34.644789
0
LINE
8
graphic border
10
41.752806
20
34.848241
11
41.262864
21
35.018309
0
LINE
8
graphic border
10
41.262864
20
35.018309
11
41.288806
21
35.093045
0
LINE
8
graphic border
10
41.288806
20
35.093045
11
41.363082
21
35.067262
0
LINE
8
graphic border
10
41.363082
20
35.067262
11
41.312598
21
35.143715
0
LINE
8
graphic border
10
41.312598
20
35.143715
11
41.314577
21
35.202991
0
LINE
8
graphic border
10
41.314577
20
35.202991
11
41.370961
21
35.279052
0
LINE
8
graphic border
10
41.370961
20
35.279052
11
41.438077
21
35.223704
0
LINE
8
graphic border
10
41.438077
20
35.223704
11
41.398942
21
35.169055
0
LINE
8
graphic border
10
41.398942
20
35.169055
11
41.398565
21
35.114393
0
LINE
8
graphic border
10
41.398565
20
35.114393
11
41.433046
21
35.067787
0
LINE
8
graphic border
10
41.433046
20
35.067787
11
41.525122
21
35.020311
0
LINE
8
graphic border
10
41.525122
20
35.020311
11
41.781626
21
34.931274
0
LINE
8
graphic border
10
41.781626
20
34.931274
11
41.752806
21
34.848241
0
LINE
8
graphic border
10
41.972677
20
35.481659
11
41.910856
21
35.503118
0
LINE
8
graphic border
10
41.910856
20
35.503118
11
41.936186
21
35.340797
0
LINE
8
graphic border
10
41.936186
20
35.340797
11
41.866420
21
35.244055
0
LINE
8
graphic border
10
41.866420
20
35.244055
11
41.750036
21
35.199161
0
LINE
8
graphic border
10
41.750036
20
35.199161
11
41.607421
21
35.218684
0
LINE
8
graphic border
10
41.607421
20
35.218684
11
41.483041
21
35.289249
0
LINE
8
graphic border
10
41.483041
20
35.289249
11
41.416698
21
35.394467
0
LINE
8
graphic border
10
41.416698
20
35.394467
11
41.422817
21
35.514857
0
LINE
8
graphic border
10
41.422817
20
35.514857
11
41.469122
21
35.587177
0
LINE
8
graphic border
10
41.469122
20
35.587177
11
41.537100
21
35.626647
0
LINE
8
graphic border
10
41.537100
20
35.626647
11
41.294436
21
35.710880
0
LINE
8
graphic border
10
41.294436
20
35.710880
11
41.323101
21
35.793459
0
LINE
8
graphic border
10
41.323101
20
35.793459
11
41.999423
21
35.558695
0
LINE
8
graphic border
10
41.999423
20
35.558695
11
41.972677
21
35.481659
0
LINE
8
graphic border
10
41.637046
20
35.304030
11
41.791527
21
35.294863
0
LINE
8
graphic border
10
41.791527
20
35.294863
11
41.870631
21
35.372341
0
LINE
8
graphic border
10
41.870631
20
35.372341
11
41.858370
21
35.479982
0
LINE
8
graphic border
10
41.858370
20
35.479982
11
41.735567
21
35.565513
0
LINE
8
graphic border
10
41.735567
20
35.565513
11
41.574485
21
35.578005
0
LINE
8
graphic border
10
41.574485
20
35.578005
11
41.494280
21
35.498842
0
LINE
8
graphic border
10
41.494280
20
35.498842
11
41.507304
21
35.390421
0
LINE
8
graphic border
10
41.507304
20
35.390421
11
41.637046
21
35.304030
0
LINE
8
graphic border
10
41.637046
20
35.304030
11
41.637046
21
35.304030
0
LINE
8
graphic border
10
42.095279
20
36.029946
11
42.119732
21
35.921691
0
LINE
8
graphic border
10
42.119732
20
35.921691
11
42.104171
21
35.824741
0
LINE
8
graphic border
10
42.104171
20
35.824741
11
42.021882
21
35.714253
0
LINE
8
graphic border
10
42.021882
20
35.714253
11
41.905795
21
35.705957
0
LINE
8
graphic border
10
41.905795
20
35.705957
11
41.845890
21
35.744844
0
LINE
8
graphic border
10
41.845890
20
35.744844
11
41.812804
21
35.804402
0
LINE
8
graphic border
10
41.812804
20
35.804402
11
41.806403
21
35.873827
0
LINE
8
graphic border
10
41.806403
20
35.873827
11
41.819577
21
35.951962
0
LINE
8
graphic border
10
41.819577
20
35.951962
11
41.842377
21
36.109980
0
LINE
8
graphic border
10
41.842377
20
36.109980
11
41.820880
21
36.118003
0
LINE
8
graphic border
10
41.820880
20
36.118003
11
41.741209
21
36.119303
0
LINE
8
graphic border
10
41.741209
20
36.119303
11
41.680238
21
36.034497
0
LINE
8
graphic border
10
41.680238
20
36.034497
11
41.670903
21
35.940556
0
LINE
8
graphic border
10
41.670903
20
35.940556
11
41.729079
21
35.874355
0
LINE
8
graphic border
10
41.729079
20
35.874355
11
41.689822
21
35.797004
0
LINE
8
graphic border
10
41.689822
20
35.797004
11
41.618509
21
35.862595
0
LINE
8
graphic border
10
41.618509
20
35.862595
11
41.594608
21
35.953083
0
LINE
8
graphic border
10
41.594608
20
35.953083
11
41.615680
21
36.070347
0
LINE
8
graphic border
10
41.615680
20
36.070347
11
41.665843
21
36.167175
0
LINE
8
graphic border
10
41.665843
20
36.167175
11
41.723229
21
36.211873
0
LINE
8
graphic border
10
41.723229
20
36.211873
11
41.788478
21
36.218172
0
LINE
8
graphic border
10
41.788478
20
36.218172
11
41.866502
21
36.195738
0
LINE
8
graphic border
10
41.866502
20
36.195738
11
41.977223
21
36.157304
0
LINE
8
graphic border
10
41.977223
20
36.157304
11
42.125690
21
36.111455
0
LINE
8
graphic border
10
42.125690
20
36.111455
11
42.191647
21
36.112337
0
LINE
8
graphic border
10
42.191647
20
36.112337
11
42.161541
21
36.025606
0
LINE
8
graphic border
10
42.161541
20
36.025606
11
42.095344
21
36.029988
0
LINE
8
graphic border
10
42.095344
20
36.029988
11
42.095279
21
36.029946
0
LINE
8
graphic border
10
41.907418
20
36.087398
11
41.891706
21
35.940875
0
LINE
8
graphic border
10
41.891706
20
35.940875
11
41.883187
21
35.862676
0
LINE
8
graphic border
10
41.883187
20
35.862676
11
41.899036
21
35.820471
0
LINE
8
graphic border
10
41.899036
20
35.820471
11
41.934249
21
35.795337
0
LINE
8
graphic border
10
41.934249
20
35.795337
11
41.998261
21
35.801040
0
LINE
8
graphic border
10
41.998261
20
35.801040
11
42.046029
21
35.867167
0
LINE
8
graphic border
10
42.046029
20
35.867167
11
42.054883
21
35.959723
0
LINE
8
graphic border
10
42.054883
20
35.959723
11
42.016273
21
36.034640
0
LINE
8
graphic border
10
42.016273
20
36.034640
11
41.937873
21
36.076838
0
LINE
8
graphic border
10
41.937873
20
36.076838
11
41.907418
21
36.087398
0
LINE
8
graphic border
10
42.414542
20
36.145533
11
42.333372
21
36.163374
0
LINE
8
graphic border
10
42.333372
20
36.163374
11
42.357240
21
36.208333
0
LINE
8
graphic border
10
42.357240
20
36.208333
11
42.363390
21
36.255821
0
LINE
8
graphic border
10
42.363390
20
36.255821
11
42.347003
21
36.292009
0
LINE
8
graphic border
10
42.347003
20
36.292009
11
42.293992
21
36.338840
0
LINE
8
graphic border
10
42.293992
20
36.338840
11
42.276255
21
36.353258
0
LINE
8
graphic border
10
42.276255
20
36.353258
11
41.720855
21
36.337729
0
LINE
8
graphic border
10
41.720855
20
36.337729
11
41.751921
21
36.427227
0
LINE
8
graphic border
10
41.751921
20
36.427227
11
42.071036
21
36.430697
0
LINE
8
graphic border
10
42.071036
20
36.430697
11
42.196856
21
36.426827
0
LINE
8
graphic border
10
42.196856
20
36.426827
11
42.097062
21
36.499719
0
LINE
8
graphic border
10
42.097062
20
36.499719
11
41.847845
21
36.703570
0
LINE
8
graphic border
10
41.847845
20
36.703570
11
41.876670
21
36.786612
0
LINE
8
graphic border
10
41.876670
20
36.786612
11
42.310220
21
36.427279
0
LINE
8
graphic border
10
42.310220
20
36.427279
11
42.405228
21
36.342093
0
LINE
8
graphic border
10
42.405228
20
36.342093
11
42.447586
21
36.270527
0
LINE
8
graphic border
10
42.447586
20
36.270527
11
42.443256
21
36.195523
0
LINE
8
graphic border
10
42.443256
20
36.195523
11
42.414532
21
36.145531
0
LINE
8
graphic border
10
42.414532
20
36.145531
11
42.414542
21
36.145533
0
LINE
8
graphic border
10
46.930233
20
30.464367
11
47.399911
21
31.004672
0
LINE
8
graphic border
10
47.399911
20
31.004672
11
47.586033
21
30.842879
0
LINE
8
graphic border
10
47.586033
20
30.842879
11
47.675492
21
30.751512
0
LINE
8
graphic border
10
47.675492
20
30.751512
11
47.721090
21
30.643933
0
LINE
8
graphic border
10
47.721090
20
30.643933
11
47.704436
21
30.495998
0
LINE
8
graphic border
10
47.704436
20
30.495998
11
47.614319
21
30.349157
0
LINE
8
graphic border
10
47.614319
20
30.349157
11
47.505110
21
30.252564
0
LINE
8
graphic border
10
47.505110
20
30.252564
11
47.399693
21
30.205731
0
LINE
8
graphic border
10
47.399693
20
30.205731
11
47.307694
21
30.199644
0
LINE
8
graphic border
10
47.307694
20
30.199644
11
47.219808
21
30.228806
0
LINE
8
graphic border
10
47.219808
20
30.228806
11
47.125195
21
30.294890
0
LINE
8
graphic border
10
47.125195
20
30.294890
11
46.930233
21
30.464367
0
LINE
8
graphic border
10
47.057157
20
30.465973
11
47.172516
21
30.365693
0
LINE
8
graphic border
10
47.172516
20
30.365693
11
47.264822
21
30.302912
0
LINE
8
graphic border
10
47.264822
20
30.302912
11
47.337822
21
30.288630
0
LINE
8
graphic border
10
47.337822
20
30.288630
11
47.436529
21
30.322533
0
LINE
8
graphic border
10
47.436529
20
30.322533
11
47.541573
21
30.414336
0
LINE
8
graphic border
10
47.541573
20
30.414336
11
47.626657
21
30.568785
0
LINE
8
graphic border
10
47.626657
20
30.568785
11
47.612394
21
30.688597
0
LINE
8
graphic border
10
47.612394
20
30.688597
11
47.529502
21
30.780075
0
LINE
8
graphic border
10
47.529502
20
30.780075
11
47.415986
21
30.878752
0
LINE
8
graphic border
10
47.415986
20
30.878752
11
47.057157
21
30.465973
0
LINE
8
graphic border
10
47.764234
20
29.824153
11
47.654658
21
29.841760
0
LINE
8
graphic border
10
47.654658
20
29.841760
11
47.570470
21
29.892296
0
LINE
8
graphic border
10
47.570470
20
29.892296
11
47.498562
21
30.009807
0
LINE
8
graphic border
10
47.498562
20
30.009807
11
47.534079
21
30.120635
0
LINE
8
graphic border
10
47.534079
20
30.120635
11
47.592472
21
30.161757
0
LINE
8
graphic border
10
47.592472
20
30.161757
11
47.660069
21
30.170293
0
LINE
8
graphic border
10
47.660069
20
30.170293
11
47.726882
21
30.150387
0
LINE
8
graphic border
10
47.726882
20
30.150387
11
47.794497
21
30.109069
0
LINE
8
graphic border
10
47.794497
20
30.109069
11
47.932667
21
30.029077
0
LINE
8
graphic border
10
47.932667
20
30.029077
11
47.948133
21
30.046063
0
LINE
8
graphic border
10
47.948133
20
30.046063
11
47.979002
21
30.119522
0
LINE
8
graphic border
10
47.979002
20
30.119522
11
47.922991
21
30.207683
0
LINE
8
graphic border
10
47.922991
20
30.207683
11
47.839295
21
30.251340
0
LINE
8
graphic border
10
47.839295
20
30.251340
11
47.756192
21
30.221990
0
LINE
8
graphic border
10
47.756192
20
30.221990
11
47.699017
21
30.287223
0
LINE
8
graphic border
10
47.699017
20
30.287223
11
47.786441
21
30.328988
0
LINE
8
graphic border
10
47.786441
20
30.328988
11
47.879322
21
30.317483
0
LINE
8
graphic border
10
47.879322
20
30.317483
11
47.980312
21
30.254270
0
LINE
8
graphic border
10
47.980312
20
30.254270
11
48.051504
21
30.171664
0
LINE
8
graphic border
10
48.051504
20
30.171664
11
48.071625
21
30.101763
0
LINE
8
graphic border
10
48.071625
20
30.101763
11
48.053175
21
30.038858
0
LINE
8
graphic border
10
48.053175
20
30.038858
11
48.003306
21
29.974796
0
LINE
8
graphic border
10
48.003306
20
29.974796
11
47.926416
21
29.886343
0
LINE
8
graphic border
10
47.926416
20
29.886343
11
47.828588
21
29.765617
0
LINE
8
graphic border
10
47.828588
20
29.765617
11
47.804853
21
29.704074
0
LINE
8
graphic border
10
47.804853
20
29.704074
11
47.735565
21
29.764305
0
LINE
8
graphic border
10
47.735565
20
29.764305
11
47.764254
21
29.824128
0
LINE
8
graphic border
10
47.764254
20
29.824128
11
47.764234
21
29.824153
0
LINE
8
graphic border
10
47.887497
20
29.977123
11
47.757354
21
30.046253
0
LINE
8
graphic border
10
47.757354
20
30.046253
11
47.687966
21
30.083293
0
LINE
8
graphic border
10
47.687966
20
30.083293
11
47.642896
21
30.084297
0
LINE
8
graphic border
10
47.642896
20
30.084297
11
47.606457
21
30.060971
0
LINE
8
graphic border
10
47.606457
20
30.060971
11
47.587921
21
29.999439
0
LINE
8
graphic border
10
47.587921
20
29.999439
11
47.631510
21
29.930486
0
LINE
8
graphic border
10
47.631510
20
29.930486
11
47.714117
21
29.887810
0
LINE
8
graphic border
10
47.714117
20
29.887810
11
47.798023
21
29.895754
0
LINE
8
graphic border
10
47.798023
20
29.895754
11
47.866375
21
29.952808
0
LINE
8
graphic border
10
47.866375
20
29.952808
11
47.887497
21
29.977123
0
LINE
8
graphic border
10
47.752655
20
29.484810
11
47.799430
21
29.553501
0
LINE
8
graphic border
10
47.799430
20
29.553501
11
47.832269
21
29.514612
0
LINE
8
graphic border
10
47.832269
20
29.514612
11
47.874056
21
29.491224
0
LINE
8
graphic border
10
47.874056
20
29.491224
11
47.913743
21
29.492960
0
LINE
8
graphic border
10
47.913743
20
29.492960
11
47.976945
21
29.524727
0
LINE
8
graphic border
10
47.976945
20
29.524727
11
47.996931
21
29.535821
0
LINE
8
graphic border
10
47.996931
20
29.535821
11
48.189288
21
30.057077
0
LINE
8
graphic border
10
48.189288
20
30.057077
11
48.260787
21
29.994924
0
LINE
8
graphic border
10
48.260787
20
29.994924
11
48.145205
21
29.697458
0
LINE
8
graphic border
10
48.145205
20
29.697458
11
48.094769
21
29.582122
0
LINE
8
graphic border
10
48.094769
20
29.582122
11
48.199574
21
29.647605
0
LINE
8
graphic border
10
48.199574
20
29.647605
11
48.481553
21
29.803015
0
LINE
8
graphic border
10
48.481553
20
29.803015
11
48.547892
21
29.745348
0
LINE
8
graphic border
10
48.547892
20
29.745348
11
48.052986
21
29.476741
0
LINE
8
graphic border
10
48.052986
20
29.476741
11
47.938548
21
29.420276
0
LINE
8
graphic border
10
47.938548
20
29.420276
11
47.856359
21
29.407605
0
LINE
8
graphic border
10
47.856359
20
29.407605
11
47.788359
21
29.439547
0
LINE
8
graphic border
10
47.788359
20
29.439547
11
47.752654
21
29.484818
0
LINE
8
graphic border
10
47.752654
20
29.484818
11
47.752655
21
29.484810
0
LINE
8
graphic border
10
50.239237
20
34.251201
11
50.708915
21
34.791506
0
LINE
8
graphic border
10
50.708915
20
34.791506
11
50.816534
21
34.697954
0
LINE
8
graphic border
10
50.816534
20
34.697954
11
50.611869
21
34.204219
0
LINE
8
graphic border
10
50.611869
20
34.204219
11
50.568146
21
34.101816
0
LINE
8
graphic border
10
50.568146
20
34.101816
11
50.672182
21
34.163439
0
LINE
8
graphic border
10
50.672182
20
34.163439
11
51.128333
21
34.426912
0
LINE
8
graphic border
10
51.128333
20
34.426912
11
51.224527
21
34.343293
0
LINE
8
graphic border
10
51.224527
20
34.343293
11
50.754849
21
33.802988
0
LINE
8
graphic border
10
50.754849
20
33.802988
11
50.685928
21
33.862899
0
LINE
8
graphic border
10
50.685928
20
33.862899
11
51.079035
21
34.315120
0
LINE
8
graphic border
10
51.079035
20
34.315120
11
50.528922
21
33.999382
0
LINE
8
graphic border
10
50.528922
20
33.999382
11
50.464426
21
34.055447
0
LINE
8
graphic border
10
50.464426
20
34.055447
11
50.707993
21
34.651249
0
LINE
8
graphic border
10
50.707993
20
34.651249
11
50.308157
21
34.191289
0
LINE
8
graphic border
10
50.308157
20
34.191289
11
50.239237
21
34.251201
0
LINE
8
graphic border
10
51.265458
20
34.173770
11
51.331777
21
34.250062
0
LINE
8
graphic border
10
51.331777
20
34.250062
11
51.398118
21
34.192393
0
LINE
8
graphic border
10
51.398118
20
34.192393
11
51.331799
21
34.116101
0
LINE
8
graphic border
10
51.331799
20
34.116101
11
51.265458
21
34.173770
0
LINE
8
graphic border
10
50.862099
20
33.709757
11
51.202344
21
34.101165
0
LINE
8
graphic border
10
51.202344
20
34.101165
11
51.268685
21
34.043496
0
LINE
8
graphic border
10
51.268685
20
34.043496
11
50.928440
21
33.652088
0
LINE
8
graphic border
10
50.928440
20
33.652088
11
50.862099
21
33.709757
0
LINE
8
graphic border
10
51.029424
20
33.564304
11
51.369669
21
33.955712
0
LINE
8
graphic border
10
51.369669
20
33.955712
11
51.429375
21
33.903811
0
LINE
8
graphic border
10
51.429375
20
33.903811
11
51.380997
21
33.848159
0
LINE
8
graphic border
10
51.380997
20
33.848159
11
51.561637
21
33.804368
0
LINE
8
graphic border
10
51.561637
20
33.804368
11
51.615289
21
33.735082
0
LINE
8
graphic border
10
51.615289
20
33.735082
11
51.631049
21
33.663145
0
LINE
8
graphic border
10
51.631049
20
33.663145
11
51.609077
21
33.596185
0
LINE
8
graphic border
10
51.609077
20
33.596185
11
51.556706
21
33.528478
0
LINE
8
graphic border
10
51.556706
20
33.528478
11
51.347497
21
33.287808
0
LINE
8
graphic border
10
51.347497
20
33.287808
11
51.281156
21
33.345478
0
LINE
8
graphic border
10
51.281156
20
33.345478
11
51.488123
21
33.583567
0
LINE
8
graphic border
10
51.488123
20
33.583567
11
51.532916
21
33.650744
0
LINE
8
graphic border
10
51.532916
20
33.650744
11
51.533150
21
33.706837
0
LINE
8
graphic border
10
51.533150
20
33.706837
11
51.497650
21
33.759046
0
LINE
8
graphic border
10
51.497650
20
33.759046
11
51.400920
21
33.795896
0
LINE
8
graphic border
10
51.400920
20
33.795896
11
51.281585
21
33.720396
0
LINE
8
graphic border
10
51.281585
20
33.720396
11
51.095763
21
33.506633
0
LINE
8
graphic border
10
51.095763
20
33.506633
11
51.029424
21
33.564304
0
LINE
8
graphic border
10
51.391454
20
33.233435
11
52.033789
21
33.656008
0
LINE
8
graphic border
10
52.033789
20
33.656008
11
52.086861
21
33.609873
0
LINE
8
graphic border
10
52.086861
20
33.609873
11
51.444894
21
33.186981
0
LINE
8
graphic border
10
51.444894
20
33.186981
11
51.391454
21
33.233435
0
LINE
8
graphic border
10
51.793980
20
33.204468
11
51.866546
21
33.151730
0
LINE
8
graphic border
10
51.866546
20
33.151730
11
51.830670
21
33.065799
0
LINE
8
graphic border
10
51.830670
20
33.065799
11
51.848693
21
32.976368
0
LINE
8
graphic border
10
51.848693
20
32.976368
11
51.917837
21
32.888426
0
LINE
8
graphic border
10
51.917837
20
32.888426
11
52.000646
21
32.837792
0
LINE
8
graphic border
10
52.000646
20
32.837792
11
52.075916
21
32.830595
0
LINE
8
graphic border
10
52.075916
20
32.830595
11
52.131760
21
32.863581
0
LINE
8
graphic border
10
52.131760
20
32.863581
11
52.155470
21
32.920619
0
LINE
8
graphic border
10
52.155470
20
32.920619
11
52.134691
21
32.994974
0
LINE
8
graphic border
10
52.134691
20
32.994974
11
52.061245
21
33.104762
0
LINE
8
graphic border
10
52.061245
20
33.104762
11
51.986418
21
33.229335
0
LINE
8
graphic border
10
51.986418
20
33.229335
11
51.972128
21
33.329759
0
LINE
8
graphic border
10
51.972128
20
33.329759
11
52.011967
21
33.413538
0
LINE
8
graphic border
10
52.011967
20
33.413538
11
52.101505
21
33.469645
0
LINE
8
graphic border
10
52.101505
20
33.469645
11
52.216416
21
33.464873
0
LINE
8
graphic border
10
52.216416
20
33.464873
11
52.331581
21
33.397121
0
LINE
8
graphic border
10
52.331581
20
33.397121
11
52.420379
21
33.285644
0
LINE
8
graphic border
10
52.420379
20
33.285644
11
52.441804
21
33.167371
0
LINE
8
graphic border
10
52.441804
20
33.167371
11
52.394334
21
33.059169
0
LINE
8
graphic border
10
52.394334
20
33.059169
11
52.321304
21
33.113608
0
LINE
8
graphic border
10
52.321304
20
33.113608
11
52.350990
21
33.223682
0
LINE
8
graphic border
10
52.350990
20
33.223682
11
52.279754
21
33.331549
0
LINE
8
graphic border
10
52.279754
20
33.331549
11
52.164212
21
33.389929
0
LINE
8
graphic border
10
52.164212
20
33.389929
11
52.085068
21
33.358435
0
LINE
8
graphic border
10
52.085068
20
33.358435
11
52.064426
21
33.292258
0
LINE
8
graphic border
10
52.064426
20
33.292258
11
52.138403
21
33.160009
0
LINE
8
graphic border
10
52.138403
20
33.160009
11
52.228388
21
33.021610
0
LINE
8
graphic border
10
52.228388
20
33.021610
11
52.249990
21
32.905775
0
LINE
8
graphic border
10
52.249990
20
32.905775
11
52.205832
21
32.809571
0
LINE
8
graphic border
10
52.205832
20
32.809571
11
52.110335
21
32.749585
0
LINE
8
graphic border
10
52.110335
20
32.749585
11
51.987622
21
32.752080
0
LINE
8
graphic border
10
51.987622
20
32.752080
11
51.865428
21
32.821421
0
LINE
8
graphic border
10
51.865428
20
32.821421
11
51.760911
21
32.949806
0
LINE
8
graphic border
10
51.760911
20
32.949806
11
51.738892
21
33.081534
0
LINE
8
graphic border
10
51.738892
20
33.081534
11
51.793990
21
33.204463
0
LINE
8
graphic border
10
51.793990
20
33.204463
11
51.793980
21
33.204468
0
LINE
8
graphic border
10
52.539888
20
32.472590
11
52.601063
21
32.404513
0
LINE
8
graphic border
10
52.601063
20
32.404513
11
52.459932
21
32.363491
0
LINE
8
graphic border
10
52.459932
20
32.363491
11
52.319054
21
32.427716
0
LINE
8
graphic border
10
52.319054
20
32.427716
11
52.228503
21
32.598962
0
LINE
8
graphic border
10
52.228503
20
32.598962
11
52.307494
21
32.791061
0
LINE
8
graphic border
10
52.307494
20
32.791061
11
52.491633
21
32.900168
0
LINE
8
graphic border
10
52.491633
20
32.900168
11
52.670994
21
32.840019
0
LINE
8
graphic border
10
52.670994
20
32.840019
11
52.752795
21
32.675086
0
LINE
8
graphic border
10
52.752795
20
32.675086
11
52.671834
21
32.481463
0
LINE
8
graphic border
10
52.671834
20
32.481463
11
52.656056
21
32.464118
0
LINE
8
graphic border
10
52.656056
20
32.464118
11
52.364158
21
32.717860
0
LINE
8
graphic border
10
52.364158
20
32.717860
11
52.314782
21
32.587369
0
LINE
8
graphic border
10
52.314782
20
32.587369
11
52.366807
21
32.481968
0
LINE
8
graphic border
10
52.366807
20
32.481968
11
52.445756
21
32.446994
0
LINE
8
graphic border
10
52.445756
20
32.446994
11
52.539849
21
32.472610
0
LINE
8
graphic border
10
52.539849
20
32.472610
11
52.539888
21
32.472590
0
LINE
8
graphic border
10
52.415302
20
32.769186
11
52.633856
21
32.579200
0
LINE
8
graphic border
10
52.633856
20
32.579200
11
52.673191
21
32.675067
0
LINE
8
graphic border
10
52.673191
20
32.675067
11
52.624322
21
32.784841
0
LINE
8
graphic border
10
52.624322
20
32.784841
11
52.520703
21
32.821211
0
LINE
8
graphic border
10
52.520703
20
32.821211
11
52.415302
21
32.769186
0
LINE
8
graphic border
10
52.415302
20
32.769186
11
52.415302
21
32.769186
0
LINE
8
graphic border
10
52.962202
20
32.135892
11
53.020077
21
32.070718
0
LINE
8
graphic border
10
53.020077
20
32.070718
11
52.873212
21
32.012678
0
LINE
8
graphic border
10
52.873212
20
32.012678
11
52.732225
21
32.068588
0
LINE
8
graphic border
10
52.732225
20
32.068588
11
52.648356
21
32.233376
0
LINE
8
graphic border
10
52.648356
20
32.233376
11
52.730742
21
32.426409
0
LINE
8
graphic border
10
52.730742
20
32.426409
11
52.848184
21
32.519081
0
LINE
8
graphic border
10
52.848184
20
32.519081
11
52.973777
21
32.534788
0
LINE
8
graphic border
10
52.973777
20
32.534788
11
53.088217
21
32.477369
0
LINE
8
graphic border
10
53.088217
20
32.477369
11
53.164325
21
32.354266
0
LINE
8
graphic border
10
53.164325
20
32.354266
11
53.136837
21
32.217691
0
LINE
8
graphic border
10
53.136837
20
32.217691
11
53.063695
21
32.263814
0
LINE
8
graphic border
10
53.063695
20
32.263814
11
53.082475
21
32.351663
0
LINE
8
graphic border
10
53.082475
20
32.351663
11
53.043390
21
32.420591
0
LINE
8
graphic border
10
53.043390
20
32.420591
11
52.930541
21
32.455276
0
LINE
8
graphic border
10
52.930541
20
32.455276
11
52.800539
21
32.368993
0
LINE
8
graphic border
10
52.800539
20
32.368993
11
52.731121
21
32.228099
0
LINE
8
graphic border
10
52.731121
20
32.228099
11
52.778916
21
32.123788
0
LINE
8
graphic border
10
52.778916
20
32.123788
11
52.864976
21
32.091037
0
LINE
8
graphic border
10
52.864976
20
32.091037
11
52.962221
21
32.135914
0
LINE
8
graphic border
10
52.962221
20
32.135914
11
52.962202
21
32.135892
0
LINE
8
graphic border
10
51.577268
20
35.871817
11
52.046947
21
36.412122
0
LINE
8
graphic border
10
52.046947
20
36.412122
11
52.118447
21
36.349967
0
LINE
8
graphic border
10
52.118447
20
36.349967
11
51.925579
21
36.128096
0
LINE
8
graphic border
10
51.925579
20
36.128096
11
52.206418
21
35.883967
0
LINE
8
graphic border
10
52.206418
20
35.883967
11
52.399287
21
36.105838
0
LINE
8
graphic border
10
52.399287
20
36.105838
11
52.470788
21
36.043683
0
LINE
8
graphic border
10
52.470788
20
36.043683
11
52.001110
21
35.503378
0
LINE
8
graphic border
10
52.001110
20
35.503378
11
51.929609
21
35.565533
0
LINE
8
graphic border
10
51.929609
20
35.565533
11
52.150992
21
35.820206
0
LINE
8
graphic border
10
52.150992
20
35.820206
11
51.870152
21
36.064335
0
LINE
8
graphic border
10
51.870152
20
36.064335
11
51.648769
21
35.809662
0
LINE
8
graphic border
10
51.648769
20
35.809662
11
51.577268
21
35.871817
0
LINE
8
graphic border
10
52.257106
20
35.624434
11
52.457555
21
35.732951
0
LINE
8
graphic border
10
52.457555
20
35.732951
11
52.618460
21
35.669434
0
LINE
8
graphic border
10
52.618460
20
35.669434
11
52.704267
21
35.501664
0
LINE
8
graphic border
10
52.704267
20
35.501664
11
52.628626
21
35.311185
0
LINE
8
graphic border
10
52.628626
20
35.311185
11
52.502292
21
35.212002
0
LINE
8
graphic border
10
52.502292
20
35.212002
11
52.378013
21
35.202274
0
LINE
8
graphic border
10
52.378013
20
35.202274
11
52.262837
21
35.260336
0
LINE
8
graphic border
10
52.262837
20
35.260336
11
52.175601
21
35.428696
0
LINE
8
graphic border
10
52.175601
20
35.428696
11
52.257106
21
35.624434
0
LINE
8
graphic border
10
52.257106
20
35.624434
11
52.257106
21
35.624434
0
LINE
8
graphic border
10
52.325288
20
35.565164
11
52.260055
21
35.423872
0
LINE
8
graphic border
10
52.260055
20
35.423872
11
52.310253
21
35.314881
0
LINE
8
graphic border
10
52.310253
20
35.314881
11
52.425120
21
35.281029
0
LINE
8
graphic border
10
52.425120
20
35.281029
11
52.557561
21
35.367138
0
LINE
8
graphic border
10
52.557561
20
35.367138
11
52.619863
21
35.505800
0
LINE
8
graphic border
10
52.619863
20
35.505800
11
52.570723
21
35.614519
0
LINE
8
graphic border
10
52.570723
20
35.614519
11
52.455807
21
35.649060
0
LINE
8
graphic border
10
52.455807
20
35.649060
11
52.325288
21
35.565164
0
LINE
8
graphic border
10
52.325288
20
35.565164
11
52.325288
21
35.565164
0
LINE
8
graphic border
10
52.787980
20
34.819365
11
52.837960
21
34.876860
0
LINE
8
graphic border
10
52.837960
20
34.876860
11
52.656087
21
34.918490
0
LINE
8
graphic border
10
52.656087
20
34.918490
11
52.602748
21
34.988136
0
LINE
8
graphic border
10
52.602748
20
34.988136
11
52.586986
21
35.060071
0
LINE
8
graphic border
10
52.586986
20
35.060071
11
52.609648
21
35.127079
0
LINE
8
graphic border
10
52.609648
20
35.127079
11
52.659419
21
35.192521
0
LINE
8
graphic border
10
52.659419
20
35.192521
11
52.870229
21
35.435031
0
LINE
8
graphic border
10
52.870229
20
35.435031
11
52.936570
21
35.377362
0
LINE
8
graphic border
10
52.936570
20
35.377362
11
52.747865
21
35.160282
0
LINE
8
graphic border
10
52.747865
20
35.160282
11
52.691047
21
35.086733
0
LINE
8
graphic border
10
52.691047
20
35.086733
11
52.681700
21
35.022387
0
LINE
8
graphic border
10
52.681700
20
35.022387
11
52.719015
21
34.964078
0
LINE
8
graphic border
10
52.719015
20
34.964078
11
52.788176
21
34.930495
0
LINE
8
graphic border
10
52.788176
20
34.930495
11
52.861236
21
34.940105
0
LINE
8
graphic border
10
52.861236
20
34.940105
11
52.938936
21
35.007148
0
LINE
8
graphic border
10
52.938936
20
35.007148
11
53.121234
21
35.216858
0
LINE
8
graphic border
10
53.121234
20
35.216858
11
53.187575
21
35.159189
0
LINE
8
graphic border
10
53.187575
20
35.159189
11
52.847330
21
34.767780
0
LINE
8
graphic border
10
52.847330
20
34.767780
11
52.787980
21
34.819365
0
LINE
8
graphic border
10
52.950513
20
34.678078
11
53.290758
21
35.069486
0
LINE
8
graphic border
10
53.290758
20
35.069486
11
53.350466
21
35.017583
0
LINE
8
graphic border
10
53.350466
20
35.017583
11
53.298884
21
34.958245
0
LINE
8
graphic border
10
53.298884
20
34.958245
11
53.388636
21
34.976637
0
LINE
8
graphic border
10
53.388636
20
34.976637
11
53.442915
21
34.952732
0
LINE
8
graphic border
10
53.442915
20
34.952732
11
53.492515
21
34.872086
0
LINE
8
graphic border
10
53.492515
20
34.872086
11
53.416160
21
34.830399
0
LINE
8
graphic border
10
53.416160
20
34.830399
11
53.380009
21
34.887066
0
LINE
8
graphic border
10
53.380009
20
34.887066
11
53.329415
21
34.907768
0
LINE
8
graphic border
10
53.329415
20
34.907768
11
53.273324
21
34.893114
0
LINE
8
graphic border
10
53.273324
20
34.893114
11
53.194982
21
34.825333
0
LINE
8
graphic border
10
53.194982
20
34.825333
11
53.016850
21
34.620416
0
LINE
8
graphic border
10
53.016850
20
34.620416
11
52.950513
21
34.678078
0
LINE
8
graphic border
10
43.175456
20
26.493410
11
40.827834
21
28.131097
0
LINE
8
graphic border
10
40.827834
20
28.131097
11
38.288619
21
29.300873
0
LINE
8
graphic border
10
38.288619
20
29.300873
11
35.621675
21
30.002739
0
LINE
8
graphic border
10
35.621675
20
30.002739
11
32.890867
21
30.236694
0
LINE
8
graphic border
10
32.890867
20
30.236694
11
30.160058
21
30.002739
0
LINE
8
graphic border
10
30.160058
20
30.002739
11
27.493114
21
29.300873
0
LINE
8
graphic border
10
27.493114
20
29.300873
11
24.953899
21
28.131097
0
LINE
8
graphic border
10
24.953899
20
28.131097
11
22.606278
21
26.493410
 0 
ENDSEC
 0 
EOF