ISO-10303-21;
HEADER;
/* Generated by software containing ST-Developer
 * from STEP Tools, Inc. (www.steptools.com) 
 */

FILE_DESCRIPTION(
/* description */ (''),
/* implementation_level */ '2;1');

FILE_NAME(
/* name */ 'analog clock v2.step',
/* time_stamp */ '2026-01-13T15:59:22Z',
/* author */ (''),
/* organization */ (''),
/* preprocessor_version */ 'ST-DEVELOPER v20.1',
/* originating_system */ 'Autodesk Translation Framework v14.21.0.0',
/* authorisation */ '');

FILE_SCHEMA (('AUTOMOTIVE_DESIGN { 1 0 10303 214 3 1 1 }'));
ENDSEC;

DATA;
#10=MECHANICAL_DESIGN_GEOMETRIC_PRESENTATION_REPRESENTATION('',(#17),#2860);
#11=ITEM_DEFINED_TRANSFORMATION($,$,#1468,#1648);
#12=(
REPRESENTATION_RELATIONSHIP($,$,#2871,#2870)
REPRESENTATION_RELATIONSHIP_WITH_TRANSFORMATION(#11)
SHAPE_REPRESENTATION_RELATIONSHIP()
);
#13=CONTEXT_DEPENDENT_SHAPE_REPRESENTATION(#12,#2869);
#14=NEXT_ASSEMBLY_USAGE_OCCURRENCE('watch:1','watch:1','watch:1',#2873,
#2874,'watch:1');
#15=SHAPE_REPRESENTATION_RELATIONSHIP('SRR','None',#2871,#16);
#16=ADVANCED_BREP_SHAPE_REPRESENTATION('',(#18),#2859);
#17=STYLED_ITEM('',(#2884),#18);
#18=MANIFOLD_SOLID_BREP('Body1',#1454);
#19=PLANE('',#1476);
#20=PLANE('',#1479);
#21=PLANE('',#1488);
#22=PLANE('',#1533);
#23=PLANE('',#1578);
#24=PLANE('',#1598);
#25=PLANE('',#1599);
#26=PLANE('',#1600);
#27=PLANE('',#1610);
#28=PLANE('',#1612);
#29=PLANE('',#1614);
#30=PLANE('',#1616);
#31=PLANE('',#1629);
#32=PLANE('',#1630);
#33=PLANE('',#1631);
#34=PLANE('',#1632);
#35=PLANE('',#1639);
#36=PLANE('',#1642);
#37=PLANE('',#1644);
#38=PLANE('',#1645);
#39=FACE_BOUND('',#203,.T.);
#40=FACE_BOUND('',#204,.T.);
#41=FACE_BOUND('',#205,.T.);
#42=FACE_BOUND('',#206,.T.);
#43=FACE_BOUND('',#210,.T.);
#44=FACE_BOUND('',#215,.T.);
#45=FACE_BOUND('',#271,.T.);
#46=FACE_BOUND('',#274,.T.);
#47=FACE_BOUND('',#281,.T.);
#48=FACE_BOUND('',#284,.T.);
#49=B_SPLINE_CURVE_WITH_KNOTS('',3,(#2113,#2114,#2115,#2116,#2117,#2118,
#2119,#2120,#2121,#2122),.UNSPECIFIED.,.F.,.F.,(4,2,2,2,4),(0.339215028684921,
0.42401869133274,0.50882235398056,0.593626205675201,0.678430057369841),
 .UNSPECIFIED.);
#50=B_SPLINE_CURVE_WITH_KNOTS('',3,(#2124,#2125,#2126,#2127,#2128,#2129,
#2130,#2131,#2132,#2133),.UNSPECIFIED.,.F.,.F.,(4,2,2,2,4),(0.678430057369841,
0.763233909064482,0.848037760759123,0.932841423406942,1.01764508605476),
 .UNSPECIFIED.);
#51=B_SPLINE_CURVE_WITH_KNOTS('',3,(#2134,#2135,#2136,#2137,#2138,#2139,
#2140,#2141,#2142,#2143,#2144,#2145,#2146,#2147,#2148,#2149,#2150,#2151,
#2152),.UNSPECIFIED.,.F.,.F.,(4,2,2,2,3,2,2,2,4),(1.01764508605476,1.10244874870258,
1.1872524113504,1.27205626304504,1.35686011473968,1.44166396643432,1.52646781812896,
1.61127148077678,1.6960751434246),.UNSPECIFIED.);
#52=B_SPLINE_CURVE_WITH_KNOTS('',3,(#2155,#2156,#2157,#2158,#2159,#2160,
#2161,#2162,#2163,#2164),.UNSPECIFIED.,.F.,.F.,(4,2,2,2,4),(0.339215028684921,
0.42401869133274,0.50882235398056,0.593626205675201,0.678430057369842),
 .UNSPECIFIED.);
#53=B_SPLINE_CURVE_WITH_KNOTS('',3,(#2166,#2167,#2168,#2169,#2170,#2171,
#2172,#2173,#2174,#2175),.UNSPECIFIED.,.F.,.F.,(4,2,2,2,4),(0.678430057369842,
0.763233909064482,0.848037760759123,0.932841423406943,1.01764508605476),
 .UNSPECIFIED.);
#54=B_SPLINE_CURVE_WITH_KNOTS('',3,(#2176,#2177,#2178,#2179,#2180,#2181,
#2182,#2183,#2184,#2185,#2186,#2187,#2188,#2189,#2190,#2191,#2192,#2193,
#2194),.UNSPECIFIED.,.F.,.F.,(4,2,2,2,3,2,2,2,4),(1.01764508605476,1.10244874870258,
1.1872524113504,1.27205626304504,1.35686011473968,1.44166396643432,1.52646781812896,
1.61127148077678,1.6960751434246),.UNSPECIFIED.);
#55=B_SPLINE_CURVE_WITH_KNOTS('',3,(#2197,#2198,#2199,#2200,#2201,#2202,
#2203,#2204,#2205,#2206,#2207,#2208,#2209,#2210,#2211,#2212,#2213,#2214),
 .UNSPECIFIED.,.F.,.F.,(4,2,2,2,2,2,2,2,4),(0.339215028684921,0.424018691332741,
0.508822353980561,0.593626205675201,0.678430057369842,0.763233909064483,
0.848037760759123,0.932841423406943,1.01764508605476),.UNSPECIFIED.);
#56=B_SPLINE_CURVE_WITH_KNOTS('',3,(#2216,#2217,#2218,#2219,#2220,#2221,
#2222,#2223,#2224,#2225),.UNSPECIFIED.,.F.,.F.,(4,2,2,2,4),(1.01764508605476,
1.10244874870258,1.1872524113504,1.27205626304504,1.35686011473968),
 .UNSPECIFIED.);
#57=B_SPLINE_CURVE_WITH_KNOTS('',3,(#2226,#2227,#2228,#2229,#2230,#2231,
#2232,#2233,#2234,#2235),.UNSPECIFIED.,.F.,.F.,(4,2,2,2,4),(1.35686011473968,
1.44166396643432,1.52646781812897,1.61127148077679,1.69607514342461),
 .UNSPECIFIED.);
#58=B_SPLINE_CURVE_WITH_KNOTS('',3,(#2240,#2241,#2242,#2243,#2244,#2245,
#2246,#2247,#2248,#2249),.UNSPECIFIED.,.F.,.F.,(4,2,2,2,4),(0.,0.0376608523913569,
0.0753217047827138,0.113526809827118,0.151731914871522),.UNSPECIFIED.);
#59=B_SPLINE_CURVE_WITH_KNOTS('',3,(#2253,#2254,#2255,#2256,#2257,#2258,
#2259,#2260,#2261,#2262),.UNSPECIFIED.,.F.,.F.,(4,2,2,2,4),(-0.151731914871523,
-0.113526809827118,-0.0753217047827138,-0.0376608523913569,0.),
 .UNSPECIFIED.);
#60=B_SPLINE_CURVE_WITH_KNOTS('',3,(#2266,#2267,#2268,#2269,#2270,#2271,
#2272,#2273,#2274,#2275),.UNSPECIFIED.,.F.,.F.,(4,2,2,2,4),(0.303068012044793,
0.34072886443615,0.378389716827506,0.416594821871911,0.454799926916315),
 .UNSPECIFIED.);
#61=B_SPLINE_CURVE_WITH_KNOTS('',3,(#2278,#2279,#2280,#2281,#2282,#2283,
#2284,#2285,#2286,#2287),.UNSPECIFIED.,.F.,.F.,(4,2,2,2,4),(0.151336129357585,
0.189401069573302,0.22746600978902,0.265267124299136,0.303068238809253),
 .UNSPECIFIED.);
#62=B_SPLINE_CURVE_WITH_KNOTS('',3,(#2307,#2308,#2309,#2310),
 .UNSPECIFIED.,.F.,.F.,(4,4),(2.37991052707247,2.4061486557756),
 .UNSPECIFIED.);
#63=B_SPLINE_CURVE_WITH_KNOTS('',3,(#2314,#2315,#2316,#2317),
 .UNSPECIFIED.,.F.,.F.,(4,4),(1.44132357083926,1.46756169954239),
 .UNSPECIFIED.);
#64=B_SPLINE_CURVE_WITH_KNOTS('',3,(#2343,#2344,#2345,#2346,#2347,#2348,
#2349,#2350),.UNSPECIFIED.,.F.,.F.,(4,2,2,4),(0.502218828756986,0.545690520474163,
0.610482493448125,0.675274466422086),.UNSPECIFIED.);
#65=B_SPLINE_CURVE_WITH_KNOTS('',3,(#2352,#2353,#2354,#2355,#2356,#2357,
#2358,#2359,#2360,#2361),.UNSPECIFIED.,.F.,.F.,(4,2,2,2,4),(0.173945372606776,
0.25443834079651,0.339250944875621,0.424063548954731,0.504556517144473),
 .UNSPECIFIED.);
#66=B_SPLINE_CURVE_WITH_KNOTS('',3,(#2363,#2364,#2365,#2366,#2367,#2368,
#2369,#2370,#2371,#2372,#2373,#2374,#2375,#2376),.UNSPECIFIED.,.F.,.F.,
(4,2,2,2,2,2,4),(0.502218828756985,0.545690520474167,0.61048249344813,0.675274466422092,
0.740066439396054,0.804858412370017,0.8483301040872),.UNSPECIFIED.);
#67=B_SPLINE_CURVE_WITH_KNOTS('',3,(#2378,#2379,#2380,#2381,#2382,#2383,
#2384,#2385,#2386,#2387),.UNSPECIFIED.,.F.,.F.,(4,2,2,2,4),(0.85244726235801,
0.932940230547752,1.01775283462686,1.10256543870597,1.18305840689571),
 .UNSPECIFIED.);
#68=B_SPLINE_CURVE_WITH_KNOTS('',3,(#2388,#2389,#2390,#2391,#2392,#2393,
#2394,#2395),.UNSPECIFIED.,.F.,.F.,(4,2,2,4),(0.675274466422086,0.740066439396048,
0.804858412370009,0.848330104087186),.UNSPECIFIED.);
#69=B_SPLINE_CURVE_WITH_KNOTS('',3,(#2441,#2442,#2443,#2444,#2445,#2446,
#2447,#2448,#2449,#2450,#2451,#2452,#2453,#2454,#2455,#2456,#2457,#2458,
#2459,#2460,#2461,#2462,#2463,#2464,#2465,#2466,#2467),.UNSPECIFIED.,.F.,
 .F.,(4,2,2,2,2,2,3,2,2,2,2,2,4),(0.85244726235801,0.932940230547751,1.01775283462686,
1.10256543870597,1.18737804278508,1.27219091114378,1.35700377950248,1.44181664786118,
1.52662951621988,1.61144212029899,1.6962547243781,1.78106732845721,1.86156029664695),
 .UNSPECIFIED.);
#70=B_SPLINE_CURVE_WITH_KNOTS('',3,(#2479,#2480,#2481,#2482,#2483,#2484,
#2485,#2486,#2487,#2488,#2489,#2490,#2491,#2492),.UNSPECIFIED.,.F.,.F.,
(4,2,2,2,2,2,4),(0.852447262358013,0.932940230547752,1.01775283462686,1.10256543870597,
1.18737804278508,1.27219091114378,1.35700377950248),.UNSPECIFIED.);
#71=B_SPLINE_CURVE_WITH_KNOTS('',3,(#2494,#2495,#2496,#2497,#2498,#2499,
#2500,#2501,#2502,#2503,#2504,#2505,#2506,#2507),.UNSPECIFIED.,.F.,.F.,
(4,2,2,2,2,2,4),(1.35700377950248,1.44181664786118,1.52662951621988,1.61144212029899,
1.6962547243781,1.78106732845721,1.86156029664695),.UNSPECIFIED.);
#72=B_SPLINE_CURVE_WITH_KNOTS('',3,(#2532,#2533,#2534,#2535,#2536,#2537,
#2538,#2539),.UNSPECIFIED.,.F.,.F.,(4,2,2,4),(0.502218828756986,0.545690520474163,
0.610482493448125,0.675274466422086),.UNSPECIFIED.);
#73=B_SPLINE_CURVE_WITH_KNOTS('',3,(#2540,#2541,#2542,#2543,#2544,#2545,
#2546,#2547),.UNSPECIFIED.,.F.,.F.,(4,2,2,4),(0.675274466422086,0.740066439396048,
0.80485841237001,0.848330104087187),.UNSPECIFIED.);
#74=B_SPLINE_CURVE_WITH_KNOTS('',3,(#2556,#2557,#2558,#2559,#2560,#2561,
#2562,#2563,#2564,#2565,#2566,#2567,#2568,#2569),.UNSPECIFIED.,.F.,.F.,
(4,2,2,2,2,2,4),(0.502218828756985,0.545690520474165,0.610482493448127,
0.675274466422089,0.74006643939605,0.804858412370012,0.848330104087191),
 .UNSPECIFIED.);
#75=B_SPLINE_CURVE_WITH_KNOTS('',3,(#2629,#2630,#2631,#2632,#2633,#2634,
#2635,#2636,#2637,#2638),.UNSPECIFIED.,.F.,.F.,(4,2,2,2,4),(0.45899452220878,
0.499028552774133,0.539062583339485,0.577266609484775,0.615470635630066),
 .UNSPECIFIED.);
#76=B_SPLINE_CURVE_WITH_KNOTS('',3,(#2642,#2643,#2644,#2645,#2646,#2647,
#2648,#2649,#2650,#2651),.UNSPECIFIED.,.F.,.F.,(4,2,2,2,4),(0.,0.0382040261452905,
0.076408052290581,0.116442082855933,0.156476113421286),.UNSPECIFIED.);
#77=B_SPLINE_CURVE_WITH_KNOTS('',3,(#2730,#2731,#2732,#2733,#2734,#2735,
#2736,#2737,#2738,#2739),.UNSPECIFIED.,.F.,.F.,(4,2,2,2,4),(0.458994049959855,
0.499028080525207,0.53906211109056,0.57726613723585,0.615470163381141),
 .UNSPECIFIED.);
#78=B_SPLINE_CURVE_WITH_KNOTS('',3,(#2743,#2744,#2745,#2746,#2747,#2748,
#2749,#2750,#2751,#2752),.UNSPECIFIED.,.F.,.F.,(4,2,2,2,4),(0.,0.0382040261452904,
0.0764080522905808,0.116442082855933,0.156476113421286),.UNSPECIFIED.);
#79=CYLINDRICAL_SURFACE('',#1472,25.);
#80=CYLINDRICAL_SURFACE('',#1483,24.25);
#81=CYLINDRICAL_SURFACE('',#1492,0.8115);
#82=CYLINDRICAL_SURFACE('',#1496,0.8115);
#83=CYLINDRICAL_SURFACE('',#1498,2.25);
#84=CYLINDRICAL_SURFACE('',#1499,3.);
#85=CYLINDRICAL_SURFACE('',#1502,23.);
#86=CYLINDRICAL_SURFACE('',#1517,23.);
#87=CYLINDRICAL_SURFACE('',#1519,2.25);
#88=CYLINDRICAL_SURFACE('',#1520,3.);
#89=CYLINDRICAL_SURFACE('',#1523,2.25);
#90=CYLINDRICAL_SURFACE('',#1524,3.);
#91=CYLINDRICAL_SURFACE('',#1527,3.);
#92=CYLINDRICAL_SURFACE('',#1530,3.);
#93=CYLINDRICAL_SURFACE('',#1537,3.);
#94=CYLINDRICAL_SURFACE('',#1540,3.);
#95=CYLINDRICAL_SURFACE('',#1543,22.);
#96=CYLINDRICAL_SURFACE('',#1546,3.);
#97=CYLINDRICAL_SURFACE('',#1549,3.);
#98=CYLINDRICAL_SURFACE('',#1554,3.);
#99=CYLINDRICAL_SURFACE('',#1557,3.);
#100=CYLINDRICAL_SURFACE('',#1560,22.);
#101=CYLINDRICAL_SURFACE('',#1563,3.);
#102=CYLINDRICAL_SURFACE('',#1566,3.);
#103=CYLINDRICAL_SURFACE('',#1569,22.);
#104=CYLINDRICAL_SURFACE('',#1572,3.);
#105=CYLINDRICAL_SURFACE('',#1574,22.);
#106=CYLINDRICAL_SURFACE('',#1576,3.);
#107=CYLINDRICAL_SURFACE('',#1592,3.);
#108=CYLINDRICAL_SURFACE('',#1596,23.);
#109=CYLINDRICAL_SURFACE('',#1603,0.8115);
#110=CYLINDRICAL_SURFACE('',#1607,0.8115);
#111=CYLINDRICAL_SURFACE('',#1609,1.);
#112=CYLINDRICAL_SURFACE('',#1611,1.);
#113=CYLINDRICAL_SURFACE('',#1613,1.);
#114=CYLINDRICAL_SURFACE('',#1615,1.);
#115=CYLINDRICAL_SURFACE('',#1617,3.);
#116=CYLINDRICAL_SURFACE('',#1619,3.);
#117=CYLINDRICAL_SURFACE('',#1621,2.5);
#118=CYLINDRICAL_SURFACE('',#1623,3.);
#119=CYLINDRICAL_SURFACE('',#1625,2.5);
#120=CYLINDRICAL_SURFACE('',#1627,3.);
#121=CYLINDRICAL_SURFACE('',#1633,3.);
#122=CYLINDRICAL_SURFACE('',#1635,14.);
#123=CYLINDRICAL_SURFACE('',#1637,3.);
#124=CYLINDRICAL_SURFACE('',#1640,14.);
#125=CYLINDRICAL_SURFACE('',#1647,8.);
#126=FACE_OUTER_BOUND('',#201,.T.);
#127=FACE_OUTER_BOUND('',#202,.T.);
#128=FACE_OUTER_BOUND('',#207,.T.);
#129=FACE_OUTER_BOUND('',#208,.T.);
#130=FACE_OUTER_BOUND('',#209,.T.);
#131=FACE_OUTER_BOUND('',#211,.T.);
#132=FACE_OUTER_BOUND('',#212,.T.);
#133=FACE_OUTER_BOUND('',#213,.T.);
#134=FACE_OUTER_BOUND('',#214,.T.);
#135=FACE_OUTER_BOUND('',#216,.T.);
#136=FACE_OUTER_BOUND('',#217,.T.);
#137=FACE_OUTER_BOUND('',#218,.T.);
#138=FACE_OUTER_BOUND('',#219,.T.);
#139=FACE_OUTER_BOUND('',#220,.T.);
#140=FACE_OUTER_BOUND('',#221,.T.);
#141=FACE_OUTER_BOUND('',#222,.T.);
#142=FACE_OUTER_BOUND('',#223,.T.);
#143=FACE_OUTER_BOUND('',#224,.T.);
#144=FACE_OUTER_BOUND('',#225,.T.);
#145=FACE_OUTER_BOUND('',#226,.T.);
#146=FACE_OUTER_BOUND('',#227,.T.);
#147=FACE_OUTER_BOUND('',#228,.T.);
#148=FACE_OUTER_BOUND('',#229,.T.);
#149=FACE_OUTER_BOUND('',#230,.T.);
#150=FACE_OUTER_BOUND('',#231,.T.);
#151=FACE_OUTER_BOUND('',#232,.T.);
#152=FACE_OUTER_BOUND('',#233,.T.);
#153=FACE_OUTER_BOUND('',#234,.T.);
#154=FACE_OUTER_BOUND('',#235,.T.);
#155=FACE_OUTER_BOUND('',#236,.T.);
#156=FACE_OUTER_BOUND('',#237,.T.);
#157=FACE_OUTER_BOUND('',#238,.T.);
#158=FACE_OUTER_BOUND('',#239,.T.);
#159=FACE_OUTER_BOUND('',#240,.T.);
#160=FACE_OUTER_BOUND('',#241,.T.);
#161=FACE_OUTER_BOUND('',#242,.T.);
#162=FACE_OUTER_BOUND('',#243,.T.);
#163=FACE_OUTER_BOUND('',#244,.T.);
#164=FACE_OUTER_BOUND('',#245,.T.);
#165=FACE_OUTER_BOUND('',#246,.T.);
#166=FACE_OUTER_BOUND('',#247,.T.);
#167=FACE_OUTER_BOUND('',#248,.T.);
#168=FACE_OUTER_BOUND('',#249,.T.);
#169=FACE_OUTER_BOUND('',#250,.T.);
#170=FACE_OUTER_BOUND('',#251,.T.);
#171=FACE_OUTER_BOUND('',#252,.T.);
#172=FACE_OUTER_BOUND('',#253,.T.);
#173=FACE_OUTER_BOUND('',#254,.T.);
#174=FACE_OUTER_BOUND('',#255,.T.);
#175=FACE_OUTER_BOUND('',#256,.T.);
#176=FACE_OUTER_BOUND('',#257,.T.);
#177=FACE_OUTER_BOUND('',#258,.T.);
#178=FACE_OUTER_BOUND('',#259,.T.);
#179=FACE_OUTER_BOUND('',#260,.T.);
#180=FACE_OUTER_BOUND('',#261,.T.);
#181=FACE_OUTER_BOUND('',#262,.T.);
#182=FACE_OUTER_BOUND('',#263,.T.);
#183=FACE_OUTER_BOUND('',#264,.T.);
#184=FACE_OUTER_BOUND('',#265,.T.);
#185=FACE_OUTER_BOUND('',#266,.T.);
#186=FACE_OUTER_BOUND('',#267,.T.);
#187=FACE_OUTER_BOUND('',#268,.T.);
#188=FACE_OUTER_BOUND('',#269,.T.);
#189=FACE_OUTER_BOUND('',#270,.T.);
#190=FACE_OUTER_BOUND('',#272,.T.);
#191=FACE_OUTER_BOUND('',#273,.T.);
#192=FACE_OUTER_BOUND('',#275,.T.);
#193=FACE_OUTER_BOUND('',#276,.T.);
#194=FACE_OUTER_BOUND('',#277,.T.);
#195=FACE_OUTER_BOUND('',#278,.T.);
#196=FACE_OUTER_BOUND('',#279,.T.);
#197=FACE_OUTER_BOUND('',#280,.T.);
#198=FACE_OUTER_BOUND('',#282,.T.);
#199=FACE_OUTER_BOUND('',#283,.T.);
#200=FACE_OUTER_BOUND('',#285,.T.);
#201=EDGE_LOOP('',(#931,#932,#933,#934));
#202=EDGE_LOOP('',(#935,#936,#937,#938));
#203=EDGE_LOOP('',(#939,#940,#941));
#204=EDGE_LOOP('',(#942,#943,#944));
#205=EDGE_LOOP('',(#945,#946,#947));
#206=EDGE_LOOP('',(#948,#949,#950,#951,#952,#953,#954,#955));
#207=EDGE_LOOP('',(#956));
#208=EDGE_LOOP('',(#957,#958,#959,#960));
#209=EDGE_LOOP('',(#961));
#210=EDGE_LOOP('',(#962));
#211=EDGE_LOOP('',(#963,#964,#965,#966));
#212=EDGE_LOOP('',(#967,#968,#969,#970));
#213=EDGE_LOOP('',(#971,#972,#973,#974));
#214=EDGE_LOOP('',(#975));
#215=EDGE_LOOP('',(#976,#977));
#216=EDGE_LOOP('',(#978,#979,#980));
#217=EDGE_LOOP('',(#981,#982,#983,#984));
#218=EDGE_LOOP('',(#985,#986,#987));
#219=EDGE_LOOP('',(#988,#989,#990,#991));
#220=EDGE_LOOP('',(#992,#993,#994,#995,#996,#997,#998,#999,#1000,#1001));
#221=EDGE_LOOP('',(#1002,#1003,#1004,#1005,#1006,#1007,#1008));
#222=EDGE_LOOP('',(#1009,#1010,#1011,#1012,#1013,#1014,#1015,#1016,#1017,
#1018,#1019,#1020,#1021,#1022,#1023,#1024,#1025,#1026,#1027,#1028,#1029,
#1030,#1031,#1032,#1033,#1034,#1035,#1036,#1037,#1038,#1039,#1040,#1041,
#1042,#1043,#1044,#1045));
#223=EDGE_LOOP('',(#1046,#1047,#1048,#1049));
#224=EDGE_LOOP('',(#1050,#1051,#1052,#1053,#1054,#1055,#1056,#1057));
#225=EDGE_LOOP('',(#1058,#1059,#1060,#1061,#1062,#1063,#1064));
#226=EDGE_LOOP('',(#1065,#1066,#1067,#1068,#1069,#1070,#1071,#1072));
#227=EDGE_LOOP('',(#1073,#1074,#1075,#1076));
#228=EDGE_LOOP('',(#1077,#1078,#1079,#1080,#1081,#1082));
#229=EDGE_LOOP('',(#1083,#1084,#1085,#1086));
#230=EDGE_LOOP('',(#1087,#1088,#1089,#1090,#1091,#1092));
#231=EDGE_LOOP('',(#1093,#1094,#1095,#1096));
#232=EDGE_LOOP('',(#1097,#1098,#1099,#1100));
#233=EDGE_LOOP('',(#1101,#1102,#1103,#1104));
#234=EDGE_LOOP('',(#1105,#1106,#1107,#1108));
#235=EDGE_LOOP('',(#1109,#1110,#1111,#1112,#1113,#1114,#1115,#1116,#1117,
#1118));
#236=EDGE_LOOP('',(#1119,#1120,#1121,#1122));
#237=EDGE_LOOP('',(#1123,#1124,#1125,#1126));
#238=EDGE_LOOP('',(#1127,#1128,#1129,#1130));
#239=EDGE_LOOP('',(#1131,#1132,#1133,#1134));
#240=EDGE_LOOP('',(#1135,#1136,#1137,#1138));
#241=EDGE_LOOP('',(#1139,#1140,#1141,#1142));
#242=EDGE_LOOP('',(#1143,#1144,#1145,#1146));
#243=EDGE_LOOP('',(#1147,#1148,#1149,#1150));
#244=EDGE_LOOP('',(#1151,#1152,#1153,#1154,#1155,#1156));
#245=EDGE_LOOP('',(#1157,#1158,#1159,#1160,#1161,#1162,#1163,#1164,#1165,
#1166,#1167,#1168,#1169,#1170,#1171,#1172,#1173,#1174,#1175,#1176,#1177,
#1178,#1179,#1180,#1181,#1182,#1183,#1184,#1185,#1186,#1187,#1188,#1189,
#1190,#1191,#1192,#1193,#1194,#1195,#1196,#1197,#1198));
#246=EDGE_LOOP('',(#1199,#1200,#1201,#1202,#1203,#1204,#1205,#1206,#1207,
#1208));
#247=EDGE_LOOP('',(#1209,#1210,#1211,#1212));
#248=EDGE_LOOP('',(#1213,#1214,#1215,#1216,#1217,#1218));
#249=EDGE_LOOP('',(#1219,#1220,#1221,#1222,#1223,#1224));
#250=EDGE_LOOP('',(#1225,#1226,#1227,#1228,#1229,#1230));
#251=EDGE_LOOP('',(#1231,#1232,#1233));
#252=EDGE_LOOP('',(#1234,#1235,#1236,#1237));
#253=EDGE_LOOP('',(#1238,#1239,#1240));
#254=EDGE_LOOP('',(#1241,#1242,#1243,#1244));
#255=EDGE_LOOP('',(#1245,#1246,#1247,#1248));
#256=EDGE_LOOP('',(#1249,#1250,#1251,#1252));
#257=EDGE_LOOP('',(#1253,#1254,#1255,#1256));
#258=EDGE_LOOP('',(#1257,#1258,#1259,#1260,#1261,#1262));
#259=EDGE_LOOP('',(#1263,#1264,#1265,#1266));
#260=EDGE_LOOP('',(#1267,#1268,#1269,#1270));
#261=EDGE_LOOP('',(#1271,#1272,#1273,#1274));
#262=EDGE_LOOP('',(#1275,#1276,#1277,#1278,#1279,#1280));
#263=EDGE_LOOP('',(#1281,#1282,#1283,#1284));
#264=EDGE_LOOP('',(#1285,#1286,#1287,#1288));
#265=EDGE_LOOP('',(#1289,#1290,#1291,#1292));
#266=EDGE_LOOP('',(#1293,#1294,#1295,#1296));
#267=EDGE_LOOP('',(#1297,#1298,#1299,#1300));
#268=EDGE_LOOP('',(#1301,#1302,#1303,#1304));
#269=EDGE_LOOP('',(#1305,#1306,#1307,#1308));
#270=EDGE_LOOP('',(#1309,#1310,#1311,#1312,#1313));
#271=EDGE_LOOP('',(#1314));
#272=EDGE_LOOP('',(#1315,#1316,#1317,#1318));
#273=EDGE_LOOP('',(#1319,#1320,#1321,#1322,#1323));
#274=EDGE_LOOP('',(#1324));
#275=EDGE_LOOP('',(#1325,#1326,#1327,#1328));
#276=EDGE_LOOP('',(#1329,#1330,#1331,#1332));
#277=EDGE_LOOP('',(#1333,#1334,#1335,#1336));
#278=EDGE_LOOP('',(#1337,#1338,#1339,#1340));
#279=EDGE_LOOP('',(#1341,#1342,#1343,#1344));
#280=EDGE_LOOP('',(#1345,#1346,#1347,#1348,#1349));
#281=EDGE_LOOP('',(#1350));
#282=EDGE_LOOP('',(#1351,#1352,#1353,#1354));
#283=EDGE_LOOP('',(#1355,#1356,#1357,#1358,#1359));
#284=EDGE_LOOP('',(#1360));
#285=EDGE_LOOP('',(#1361,#1362,#1363,#1364,#1365,#1366,#1367,#1368,#1369,
#1370));
#286=LINE('',#2105,#372);
#287=LINE('',#2110,#373);
#288=LINE('',#2251,#374);
#289=LINE('',#2277,#375);
#290=LINE('',#2292,#376);
#291=LINE('',#2298,#377);
#292=LINE('',#2302,#378);
#293=LINE('',#2325,#379);
#294=LINE('',#2329,#380);
#295=LINE('',#2334,#381);
#296=LINE('',#2338,#382);
#297=LINE('',#2341,#383);
#298=LINE('',#2398,#384);
#299=LINE('',#2402,#385);
#300=LINE('',#2405,#386);
#301=LINE('',#2408,#387);
#302=LINE('',#2412,#388);
#303=LINE('',#2416,#389);
#304=LINE('',#2420,#390);
#305=LINE('',#2424,#391);
#306=LINE('',#2428,#392);
#307=LINE('',#2432,#393);
#308=LINE('',#2435,#394);
#309=LINE('',#2439,#395);
#310=LINE('',#2469,#396);
#311=LINE('',#2473,#397);
#312=LINE('',#2477,#398);
#313=LINE('',#2509,#399);
#314=LINE('',#2513,#400);
#315=LINE('',#2517,#401);
#316=LINE('',#2521,#402);
#317=LINE('',#2524,#403);
#318=LINE('',#2528,#404);
#319=LINE('',#2531,#405);
#320=LINE('',#2552,#406);
#321=LINE('',#2555,#407);
#322=LINE('',#2575,#408);
#323=LINE('',#2578,#409);
#324=LINE('',#2586,#410);
#325=LINE('',#2598,#411);
#326=LINE('',#2605,#412);
#327=LINE('',#2608,#413);
#328=LINE('',#2617,#414);
#329=LINE('',#2620,#415);
#330=LINE('',#2625,#416);
#331=LINE('',#2640,#417);
#332=LINE('',#2658,#418);
#333=LINE('',#2664,#419);
#334=LINE('',#2673,#420);
#335=LINE('',#2679,#421);
#336=LINE('',#2686,#422);
#337=LINE('',#2689,#423);
#338=LINE('',#2698,#424);
#339=LINE('',#2707,#425);
#340=LINE('',#2711,#426);
#341=LINE('',#2720,#427);
#342=LINE('',#2741,#428);
#343=LINE('',#2755,#429);
#344=LINE('',#2765,#430);
#345=LINE('',#2769,#431);
#346=LINE('',#2774,#432);
#347=LINE('',#2778,#433);
#348=LINE('',#2780,#434);
#349=LINE('',#2781,#435);
#350=LINE('',#2783,#436);
#351=LINE('',#2785,#437);
#352=LINE('',#2787,#438);
#353=LINE('',#2789,#439);
#354=LINE('',#2791,#440);
#355=LINE('',#2793,#441);
#356=LINE('',#2798,#442);
#357=LINE('',#2801,#443);
#358=LINE('',#2805,#444);
#359=LINE('',#2810,#445);
#360=LINE('',#2814,#446);
#361=LINE('',#2817,#447);
#362=LINE('',#2820,#448);
#363=LINE('',#2823,#449);
#364=LINE('',#2828,#450);
#365=LINE('',#2832,#451);
#366=LINE('',#2835,#452);
#367=LINE('',#2839,#453);
#368=LINE('',#2841,#454);
#369=LINE('',#2842,#455);
#370=LINE('',#2849,#456);
#371=LINE('',#2850,#457);
#372=VECTOR('',#1657,24.95);
#373=VECTOR('',#1664,25.);
#374=VECTOR('',#1667,10.);
#375=VECTOR('',#1670,10.);
#376=VECTOR('',#1677,24.95);
#377=VECTOR('',#1684,24.3);
#378=VECTOR('',#1689,24.25);
#379=VECTOR('',#1706,0.40575);
#380=VECTOR('',#1711,0.8115);
#381=VECTOR('',#1716,0.40575);
#382=VECTOR('',#1721,0.8115);
#383=VECTOR('',#1724,2.25);
#384=VECTOR('',#1727,3.);
#385=VECTOR('',#1730,10.);
#386=VECTOR('',#1733,3.);
#387=VECTOR('',#1736,10.);
#388=VECTOR('',#1739,10.);
#389=VECTOR('',#1742,3.);
#390=VECTOR('',#1745,10.);
#391=VECTOR('',#1748,10.);
#392=VECTOR('',#1751,3.);
#393=VECTOR('',#1754,3.);
#394=VECTOR('',#1757,3.);
#395=VECTOR('',#1760,3.);
#396=VECTOR('',#1761,3.);
#397=VECTOR('',#1764,10.);
#398=VECTOR('',#1767,3.);
#399=VECTOR('',#1768,3.);
#400=VECTOR('',#1771,10.);
#401=VECTOR('',#1774,3.);
#402=VECTOR('',#1777,10.);
#403=VECTOR('',#1780,10.);
#404=VECTOR('',#1785,3.);
#405=VECTOR('',#1788,2.25);
#406=VECTOR('',#1793,10.);
#407=VECTOR('',#1798,2.25);
#408=VECTOR('',#1803,10.);
#409=VECTOR('',#1806,10.);
#410=VECTOR('',#1817,10.);
#411=VECTOR('',#1832,10.);
#412=VECTOR('',#1839,10.);
#413=VECTOR('',#1842,10.);
#414=VECTOR('',#1853,10.);
#415=VECTOR('',#1856,10.);
#416=VECTOR('',#1861,3.);
#417=VECTOR('',#1864,10.);
#418=VECTOR('',#1873,10.);
#419=VECTOR('',#1880,3.);
#420=VECTOR('',#1893,10.);
#421=VECTOR('',#1900,3.);
#422=VECTOR('',#1911,10.);
#423=VECTOR('',#1914,10.);
#424=VECTOR('',#1927,10.);
#425=VECTOR('',#1936,10.);
#426=VECTOR('',#1939,10.);
#427=VECTOR('',#1948,10.);
#428=VECTOR('',#1961,10.);
#429=VECTOR('',#1964,3.);
#430=VECTOR('',#1979,0.40575);
#431=VECTOR('',#1984,0.8115);
#432=VECTOR('',#1989,0.40575);
#433=VECTOR('',#1994,0.8115);
#434=VECTOR('',#1997,10.);
#435=VECTOR('',#1998,10.);
#436=VECTOR('',#2001,10.);
#437=VECTOR('',#2004,10.);
#438=VECTOR('',#2007,10.);
#439=VECTOR('',#2010,10.);
#440=VECTOR('',#2013,10.);
#441=VECTOR('',#2016,10.);
#442=VECTOR('',#2023,10.);
#443=VECTOR('',#2026,3.);
#444=VECTOR('',#2031,10.);
#445=VECTOR('',#2038,3.);
#446=VECTOR('',#2043,10.);
#447=VECTOR('',#2046,10.);
#448=VECTOR('',#2051,10.);
#449=VECTOR('',#2056,10.);
#450=VECTOR('',#2063,10.);
#451=VECTOR('',#2068,10.);
#452=VECTOR('',#2071,10.);
#453=VECTOR('',#2076,10.);
#454=VECTOR('',#2077,10.);
#455=VECTOR('',#2078,10.);
#456=VECTOR('',#2089,10.);
#457=VECTOR('',#2090,10.);
#458=CIRCLE('',#1470,25.);
#459=CIRCLE('',#1471,24.9);
#460=CIRCLE('',#1473,25.);
#461=CIRCLE('',#1474,25.);
#462=CIRCLE('',#1475,25.);
#463=CIRCLE('',#1478,24.9);
#464=CIRCLE('',#1480,24.35);
#465=CIRCLE('',#1482,24.25);
#466=CIRCLE('',#1484,24.25);
#467=CIRCLE('',#1486,23.1);
#468=CIRCLE('',#1487,23.);
#469=CIRCLE('',#1489,8.);
#470=CIRCLE('',#1491,0.8115);
#471=CIRCLE('',#1493,0.8115);
#472=CIRCLE('',#1495,0.8115);
#473=CIRCLE('',#1497,0.8115);
#474=CIRCLE('',#1500,3.);
#475=CIRCLE('',#1501,3.);
#476=CIRCLE('',#1503,23.);
#477=CIRCLE('',#1504,23.);
#478=CIRCLE('',#1505,23.);
#479=CIRCLE('',#1506,23.);
#480=CIRCLE('',#1507,23.);
#481=CIRCLE('',#1508,23.);
#482=CIRCLE('',#1509,23.);
#483=CIRCLE('',#1510,23.);
#484=CIRCLE('',#1511,23.);
#485=CIRCLE('',#1512,23.);
#486=CIRCLE('',#1513,23.);
#487=CIRCLE('',#1514,23.);
#488=CIRCLE('',#1515,23.);
#489=CIRCLE('',#1516,23.);
#490=CIRCLE('',#1518,23.);
#491=CIRCLE('',#1521,3.);
#492=CIRCLE('',#1522,3.);
#493=CIRCLE('',#1525,3.);
#494=CIRCLE('',#1526,3.);
#495=CIRCLE('',#1528,3.);
#496=CIRCLE('',#1529,3.);
#497=CIRCLE('',#1531,3.);
#498=CIRCLE('',#1532,3.);
#499=CIRCLE('',#1534,3.);
#500=CIRCLE('',#1535,3.);
#501=CIRCLE('',#1536,22.);
#502=CIRCLE('',#1538,3.);
#503=CIRCLE('',#1539,3.);
#504=CIRCLE('',#1541,3.);
#505=CIRCLE('',#1542,3.);
#506=CIRCLE('',#1544,22.);
#507=CIRCLE('',#1545,22.);
#508=CIRCLE('',#1547,3.);
#509=CIRCLE('',#1548,3.);
#510=CIRCLE('',#1550,3.);
#511=CIRCLE('',#1551,3.);
#512=CIRCLE('',#1552,3.);
#513=CIRCLE('',#1553,3.);
#514=CIRCLE('',#1555,3.);
#515=CIRCLE('',#1556,3.);
#516=CIRCLE('',#1558,3.);
#517=CIRCLE('',#1559,3.);
#518=CIRCLE('',#1561,22.);
#519=CIRCLE('',#1562,22.);
#520=CIRCLE('',#1564,3.);
#521=CIRCLE('',#1565,3.);
#522=CIRCLE('',#1567,3.);
#523=CIRCLE('',#1568,3.);
#524=CIRCLE('',#1570,22.);
#525=CIRCLE('',#1571,22.);
#526=CIRCLE('',#1573,3.);
#527=CIRCLE('',#1575,22.);
#528=CIRCLE('',#1577,3.);
#529=CIRCLE('',#1579,3.);
#530=CIRCLE('',#1580,2.5);
#531=CIRCLE('',#1581,3.);
#532=CIRCLE('',#1582,3.);
#533=CIRCLE('',#1583,14.);
#534=CIRCLE('',#1584,8.);
#535=CIRCLE('',#1585,14.);
#536=CIRCLE('',#1586,3.);
#537=CIRCLE('',#1587,3.);
#538=CIRCLE('',#1588,2.5);
#539=CIRCLE('',#1589,3.);
#540=CIRCLE('',#1590,3.);
#541=CIRCLE('',#1591,23.);
#542=CIRCLE('',#1593,3.);
#543=CIRCLE('',#1594,3.);
#544=CIRCLE('',#1595,3.);
#545=CIRCLE('',#1597,23.);
#546=CIRCLE('',#1602,0.8115);
#547=CIRCLE('',#1604,0.8115);
#548=CIRCLE('',#1606,0.8115);
#549=CIRCLE('',#1608,0.8115);
#550=CIRCLE('',#1618,3.);
#551=CIRCLE('',#1620,3.);
#552=CIRCLE('',#1622,2.5);
#553=CIRCLE('',#1624,3.);
#554=CIRCLE('',#1626,2.5);
#555=CIRCLE('',#1628,3.);
#556=CIRCLE('',#1634,3.);
#557=CIRCLE('',#1636,14.);
#558=CIRCLE('',#1638,3.);
#559=CIRCLE('',#1641,14.);
#560=CIRCLE('',#1643,8.00000011920929);
#561=CIRCLE('',#1646,8.00000011920929);
#562=VERTEX_POINT('',#2102);
#563=VERTEX_POINT('',#2104);
#564=VERTEX_POINT('',#2108);
#565=VERTEX_POINT('',#2111);
#566=VERTEX_POINT('',#2112);
#567=VERTEX_POINT('',#2123);
#568=VERTEX_POINT('',#2153);
#569=VERTEX_POINT('',#2154);
#570=VERTEX_POINT('',#2165);
#571=VERTEX_POINT('',#2195);
#572=VERTEX_POINT('',#2196);
#573=VERTEX_POINT('',#2215);
#574=VERTEX_POINT('',#2236);
#575=VERTEX_POINT('',#2237);
#576=VERTEX_POINT('',#2239);
#577=VERTEX_POINT('',#2250);
#578=VERTEX_POINT('',#2252);
#579=VERTEX_POINT('',#2263);
#580=VERTEX_POINT('',#2265);
#581=VERTEX_POINT('',#2276);
#582=VERTEX_POINT('',#2290);
#583=VERTEX_POINT('',#2294);
#584=VERTEX_POINT('',#2297);
#585=VERTEX_POINT('',#2301);
#586=VERTEX_POINT('',#2305);
#587=VERTEX_POINT('',#2306);
#588=VERTEX_POINT('',#2311);
#589=VERTEX_POINT('',#2313);
#590=VERTEX_POINT('',#2322);
#591=VERTEX_POINT('',#2324);
#592=VERTEX_POINT('',#2327);
#593=VERTEX_POINT('',#2331);
#594=VERTEX_POINT('',#2333);
#595=VERTEX_POINT('',#2336);
#596=VERTEX_POINT('',#2340);
#597=VERTEX_POINT('',#2342);
#598=VERTEX_POINT('',#2351);
#599=VERTEX_POINT('',#2362);
#600=VERTEX_POINT('',#2377);
#601=VERTEX_POINT('',#2397);
#602=VERTEX_POINT('',#2399);
#603=VERTEX_POINT('',#2401);
#604=VERTEX_POINT('',#2403);
#605=VERTEX_POINT('',#2407);
#606=VERTEX_POINT('',#2409);
#607=VERTEX_POINT('',#2411);
#608=VERTEX_POINT('',#2413);
#609=VERTEX_POINT('',#2415);
#610=VERTEX_POINT('',#2417);
#611=VERTEX_POINT('',#2419);
#612=VERTEX_POINT('',#2421);
#613=VERTEX_POINT('',#2423);
#614=VERTEX_POINT('',#2425);
#615=VERTEX_POINT('',#2427);
#616=VERTEX_POINT('',#2429);
#617=VERTEX_POINT('',#2431);
#618=VERTEX_POINT('',#2434);
#619=VERTEX_POINT('',#2436);
#620=VERTEX_POINT('',#2438);
#621=VERTEX_POINT('',#2440);
#622=VERTEX_POINT('',#2468);
#623=VERTEX_POINT('',#2470);
#624=VERTEX_POINT('',#2472);
#625=VERTEX_POINT('',#2474);
#626=VERTEX_POINT('',#2476);
#627=VERTEX_POINT('',#2478);
#628=VERTEX_POINT('',#2493);
#629=VERTEX_POINT('',#2508);
#630=VERTEX_POINT('',#2510);
#631=VERTEX_POINT('',#2512);
#632=VERTEX_POINT('',#2514);
#633=VERTEX_POINT('',#2516);
#634=VERTEX_POINT('',#2518);
#635=VERTEX_POINT('',#2520);
#636=VERTEX_POINT('',#2522);
#637=VERTEX_POINT('',#2526);
#638=VERTEX_POINT('',#2530);
#639=VERTEX_POINT('',#2549);
#640=VERTEX_POINT('',#2551);
#641=VERTEX_POINT('',#2571);
#642=VERTEX_POINT('',#2572);
#643=VERTEX_POINT('',#2574);
#644=VERTEX_POINT('',#2576);
#645=VERTEX_POINT('',#2583);
#646=VERTEX_POINT('',#2585);
#647=VERTEX_POINT('',#2589);
#648=VERTEX_POINT('',#2591);
#649=VERTEX_POINT('',#2595);
#650=VERTEX_POINT('',#2597);
#651=VERTEX_POINT('',#2601);
#652=VERTEX_POINT('',#2602);
#653=VERTEX_POINT('',#2604);
#654=VERTEX_POINT('',#2606);
#655=VERTEX_POINT('',#2613);
#656=VERTEX_POINT('',#2614);
#657=VERTEX_POINT('',#2616);
#658=VERTEX_POINT('',#2618);
#659=VERTEX_POINT('',#2622);
#660=VERTEX_POINT('',#2624);
#661=VERTEX_POINT('',#2626);
#662=VERTEX_POINT('',#2628);
#663=VERTEX_POINT('',#2639);
#664=VERTEX_POINT('',#2641);
#665=VERTEX_POINT('',#2655);
#666=VERTEX_POINT('',#2657);
#667=VERTEX_POINT('',#2661);
#668=VERTEX_POINT('',#2663);
#669=VERTEX_POINT('',#2670);
#670=VERTEX_POINT('',#2672);
#671=VERTEX_POINT('',#2676);
#672=VERTEX_POINT('',#2678);
#673=VERTEX_POINT('',#2685);
#674=VERTEX_POINT('',#2687);
#675=VERTEX_POINT('',#2695);
#676=VERTEX_POINT('',#2697);
#677=VERTEX_POINT('',#2699);
#678=VERTEX_POINT('',#2702);
#679=VERTEX_POINT('',#2704);
#680=VERTEX_POINT('',#2706);
#681=VERTEX_POINT('',#2708);
#682=VERTEX_POINT('',#2710);
#683=VERTEX_POINT('',#2712);
#684=VERTEX_POINT('',#2715);
#685=VERTEX_POINT('',#2717);
#686=VERTEX_POINT('',#2719);
#687=VERTEX_POINT('',#2722);
#688=VERTEX_POINT('',#2727);
#689=VERTEX_POINT('',#2729);
#690=VERTEX_POINT('',#2740);
#691=VERTEX_POINT('',#2742);
#692=VERTEX_POINT('',#2753);
#693=VERTEX_POINT('',#2762);
#694=VERTEX_POINT('',#2764);
#695=VERTEX_POINT('',#2767);
#696=VERTEX_POINT('',#2771);
#697=VERTEX_POINT('',#2773);
#698=VERTEX_POINT('',#2776);
#699=VERTEX_POINT('',#2796);
#700=VERTEX_POINT('',#2800);
#701=VERTEX_POINT('',#2804);
#702=VERTEX_POINT('',#2808);
#703=VERTEX_POINT('',#2812);
#704=VERTEX_POINT('',#2816);
#705=VERTEX_POINT('',#2826);
#706=VERTEX_POINT('',#2830);
#707=VERTEX_POINT('',#2834);
#708=VERTEX_POINT('',#2838);
#709=VERTEX_POINT('',#2840);
#710=VERTEX_POINT('',#2848);
#711=EDGE_CURVE('',#562,#562,#458,.T.);
#712=EDGE_CURVE('',#562,#563,#286,.T.);
#713=EDGE_CURVE('',#563,#563,#459,.T.);
#714=EDGE_CURVE('',#564,#564,#460,.T.);
#715=EDGE_CURVE('',#564,#562,#287,.T.);
#716=EDGE_CURVE('',#565,#566,#49,.T.);
#717=EDGE_CURVE('',#566,#567,#50,.T.);
#718=EDGE_CURVE('',#567,#565,#51,.T.);
#719=EDGE_CURVE('',#568,#569,#52,.T.);
#720=EDGE_CURVE('',#569,#570,#53,.T.);
#721=EDGE_CURVE('',#570,#568,#54,.T.);
#722=EDGE_CURVE('',#571,#572,#55,.T.);
#723=EDGE_CURVE('',#572,#573,#56,.T.);
#724=EDGE_CURVE('',#573,#571,#57,.T.);
#725=EDGE_CURVE('',#574,#575,#461,.T.);
#726=EDGE_CURVE('',#576,#575,#58,.T.);
#727=EDGE_CURVE('',#576,#577,#288,.T.);
#728=EDGE_CURVE('',#578,#577,#59,.T.);
#729=EDGE_CURVE('',#578,#579,#462,.T.);
#730=EDGE_CURVE('',#580,#579,#60,.T.);
#731=EDGE_CURVE('',#580,#581,#289,.T.);
#732=EDGE_CURVE('',#574,#581,#61,.T.);
#733=EDGE_CURVE('',#582,#582,#463,.T.);
#734=EDGE_CURVE('',#582,#564,#290,.T.);
#735=EDGE_CURVE('',#583,#583,#464,.T.);
#736=EDGE_CURVE('',#583,#584,#291,.T.);
#737=EDGE_CURVE('',#584,#584,#465,.T.);
#738=EDGE_CURVE('',#584,#585,#292,.T.);
#739=EDGE_CURVE('',#585,#585,#466,.T.);
#740=EDGE_CURVE('',#586,#587,#62,.T.);
#741=EDGE_CURVE('',#586,#588,#467,.T.);
#742=EDGE_CURVE('',#589,#588,#63,.T.);
#743=EDGE_CURVE('',#589,#587,#468,.T.);
#744=EDGE_CURVE('',#586,#588,#469,.T.);
#745=EDGE_CURVE('',#590,#590,#470,.T.);
#746=EDGE_CURVE('',#590,#591,#293,.T.);
#747=EDGE_CURVE('',#592,#592,#471,.T.);
#748=EDGE_CURVE('',#592,#590,#294,.T.);
#749=EDGE_CURVE('',#593,#593,#472,.T.);
#750=EDGE_CURVE('',#593,#594,#295,.T.);
#751=EDGE_CURVE('',#595,#595,#473,.T.);
#752=EDGE_CURVE('',#595,#593,#296,.T.);
#753=EDGE_CURVE('',#566,#596,#297,.T.);
#754=EDGE_CURVE('',#597,#596,#64,.T.);
#755=EDGE_CURVE('',#598,#597,#65,.T.);
#756=EDGE_CURVE('',#599,#598,#66,.T.);
#757=EDGE_CURVE('',#600,#599,#67,.T.);
#758=EDGE_CURVE('',#596,#600,#68,.T.);
#759=EDGE_CURVE('',#600,#601,#298,.T.);
#760=EDGE_CURVE('',#601,#602,#474,.T.);
#761=EDGE_CURVE('',#603,#602,#299,.T.);
#762=EDGE_CURVE('',#604,#603,#475,.T.);
#763=EDGE_CURVE('',#604,#597,#300,.T.);
#764=EDGE_CURVE('',#605,#589,#301,.T.);
#765=EDGE_CURVE('',#605,#606,#476,.T.);
#766=EDGE_CURVE('',#607,#606,#302,.T.);
#767=EDGE_CURVE('',#608,#607,#477,.T.);
#768=EDGE_CURVE('',#609,#608,#303,.T.);
#769=EDGE_CURVE('',#609,#610,#478,.T.);
#770=EDGE_CURVE('',#611,#610,#304,.T.);
#771=EDGE_CURVE('',#612,#611,#479,.T.);
#772=EDGE_CURVE('',#613,#612,#305,.T.);
#773=EDGE_CURVE('',#613,#614,#480,.T.);
#774=EDGE_CURVE('',#615,#614,#306,.T.);
#775=EDGE_CURVE('',#615,#616,#481,.T.);
#776=EDGE_CURVE('',#617,#616,#307,.T.);
#777=EDGE_CURVE('',#617,#601,#482,.T.);
#778=EDGE_CURVE('',#618,#599,#308,.T.);
#779=EDGE_CURVE('',#618,#619,#483,.T.);
#780=EDGE_CURVE('',#620,#619,#309,.T.);
#781=EDGE_CURVE('',#620,#621,#69,.T.);
#782=EDGE_CURVE('',#622,#621,#310,.T.);
#783=EDGE_CURVE('',#623,#622,#484,.T.);
#784=EDGE_CURVE('',#624,#623,#311,.T.);
#785=EDGE_CURVE('',#624,#625,#485,.T.);
#786=EDGE_CURVE('',#626,#625,#312,.T.);
#787=EDGE_CURVE('',#626,#627,#70,.T.);
#788=EDGE_CURVE('',#627,#628,#71,.T.);
#789=EDGE_CURVE('',#629,#628,#313,.T.);
#790=EDGE_CURVE('',#630,#629,#486,.T.);
#791=EDGE_CURVE('',#631,#630,#314,.T.);
#792=EDGE_CURVE('',#631,#632,#487,.T.);
#793=EDGE_CURVE('',#633,#632,#315,.T.);
#794=EDGE_CURVE('',#634,#633,#488,.T.);
#795=EDGE_CURVE('',#635,#634,#316,.T.);
#796=EDGE_CURVE('',#635,#636,#489,.T.);
#797=EDGE_CURVE('',#636,#587,#317,.T.);
#798=EDGE_CURVE('',#637,#604,#490,.T.);
#799=EDGE_CURVE('',#598,#637,#318,.T.);
#800=EDGE_CURVE('',#569,#638,#319,.T.);
#801=EDGE_CURVE('',#621,#638,#72,.T.);
#802=EDGE_CURVE('',#638,#620,#73,.T.);
#803=EDGE_CURVE('',#619,#639,#491,.T.);
#804=EDGE_CURVE('',#640,#639,#320,.T.);
#805=EDGE_CURVE('',#622,#640,#492,.T.);
#806=EDGE_CURVE('',#573,#627,#321,.T.);
#807=EDGE_CURVE('',#628,#626,#74,.T.);
#808=EDGE_CURVE('',#641,#642,#493,.T.);
#809=EDGE_CURVE('',#642,#643,#322,.T.);
#810=EDGE_CURVE('',#643,#644,#494,.F.);
#811=EDGE_CURVE('',#644,#641,#323,.T.);
#812=EDGE_CURVE('',#625,#641,#495,.T.);
#813=EDGE_CURVE('',#629,#644,#496,.T.);
#814=EDGE_CURVE('',#639,#645,#497,.T.);
#815=EDGE_CURVE('',#645,#646,#324,.T.);
#816=EDGE_CURVE('',#646,#640,#498,.F.);
#817=EDGE_CURVE('',#618,#647,#499,.F.);
#818=EDGE_CURVE('',#648,#647,#500,.T.);
#819=EDGE_CURVE('',#645,#648,#501,.F.);
#820=EDGE_CURVE('',#602,#649,#502,.T.);
#821=EDGE_CURVE('',#649,#650,#325,.T.);
#822=EDGE_CURVE('',#650,#603,#503,.F.);
#823=EDGE_CURVE('',#651,#652,#504,.T.);
#824=EDGE_CURVE('',#652,#653,#326,.T.);
#825=EDGE_CURVE('',#653,#654,#505,.F.);
#826=EDGE_CURVE('',#654,#651,#327,.T.);
#827=EDGE_CURVE('',#649,#651,#506,.F.);
#828=EDGE_CURVE('',#650,#654,#507,.T.);
#829=EDGE_CURVE('',#655,#656,#508,.T.);
#830=EDGE_CURVE('',#656,#657,#328,.T.);
#831=EDGE_CURVE('',#657,#658,#509,.F.);
#832=EDGE_CURVE('',#658,#655,#329,.T.);
#833=EDGE_CURVE('',#659,#658,#510,.T.);
#834=EDGE_CURVE('',#659,#660,#330,.T.);
#835=EDGE_CURVE('',#660,#661,#511,.T.);
#836=EDGE_CURVE('',#662,#661,#75,.F.);
#837=EDGE_CURVE('',#663,#662,#331,.F.);
#838=EDGE_CURVE('',#664,#663,#76,.F.);
#839=EDGE_CURVE('',#664,#615,#512,.T.);
#840=EDGE_CURVE('',#614,#655,#513,.T.);
#841=EDGE_CURVE('',#665,#612,#514,.T.);
#842=EDGE_CURVE('',#665,#666,#332,.T.);
#843=EDGE_CURVE('',#666,#613,#515,.T.);
#844=EDGE_CURVE('',#667,#665,#516,.T.);
#845=EDGE_CURVE('',#667,#668,#333,.T.);
#846=EDGE_CURVE('',#668,#666,#517,.T.);
#847=EDGE_CURVE('',#656,#668,#518,.F.);
#848=EDGE_CURVE('',#657,#667,#519,.T.);
#849=EDGE_CURVE('',#669,#623,#520,.T.);
#850=EDGE_CURVE('',#669,#670,#334,.T.);
#851=EDGE_CURVE('',#670,#624,#521,.T.);
#852=EDGE_CURVE('',#671,#669,#522,.T.);
#853=EDGE_CURVE('',#671,#672,#335,.T.);
#854=EDGE_CURVE('',#672,#670,#523,.T.);
#855=EDGE_CURVE('',#642,#672,#524,.F.);
#856=EDGE_CURVE('',#643,#671,#525,.T.);
#857=EDGE_CURVE('',#647,#673,#336,.T.);
#858=EDGE_CURVE('',#673,#674,#526,.F.);
#859=EDGE_CURVE('',#674,#648,#337,.T.);
#860=EDGE_CURVE('',#646,#674,#527,.T.);
#861=EDGE_CURVE('',#673,#637,#528,.T.);
#862=EDGE_CURVE('',#611,#675,#529,.T.);
#863=EDGE_CURVE('',#675,#676,#338,.T.);
#864=EDGE_CURVE('',#676,#677,#530,.T.);
#865=EDGE_CURVE('',#677,#608,#531,.T.);
#866=EDGE_CURVE('',#607,#678,#532,.T.);
#867=EDGE_CURVE('',#678,#679,#533,.T.);
#868=EDGE_CURVE('',#679,#680,#339,.T.);
#869=EDGE_CURVE('',#680,#681,#534,.T.);
#870=EDGE_CURVE('',#681,#682,#340,.T.);
#871=EDGE_CURVE('',#682,#683,#535,.T.);
#872=EDGE_CURVE('',#683,#634,#536,.T.);
#873=EDGE_CURVE('',#633,#684,#537,.T.);
#874=EDGE_CURVE('',#684,#685,#538,.T.);
#875=EDGE_CURVE('',#685,#686,#341,.T.);
#876=EDGE_CURVE('',#686,#630,#539,.T.);
#877=EDGE_CURVE('',#653,#687,#540,.T.);
#878=EDGE_CURVE('',#687,#659,#541,.T.);
#879=EDGE_CURVE('',#617,#652,#542,.F.);
#880=EDGE_CURVE('',#688,#616,#543,.F.);
#881=EDGE_CURVE('',#688,#689,#77,.T.);
#882=EDGE_CURVE('',#689,#690,#342,.T.);
#883=EDGE_CURVE('',#690,#691,#78,.T.);
#884=EDGE_CURVE('',#692,#691,#544,.F.);
#885=EDGE_CURVE('',#692,#687,#343,.T.);
#886=EDGE_CURVE('',#692,#660,#545,.T.);
#887=EDGE_CURVE('',#693,#693,#546,.T.);
#888=EDGE_CURVE('',#693,#694,#344,.T.);
#889=EDGE_CURVE('',#695,#695,#547,.T.);
#890=EDGE_CURVE('',#695,#693,#345,.T.);
#891=EDGE_CURVE('',#696,#696,#548,.T.);
#892=EDGE_CURVE('',#696,#697,#346,.T.);
#893=EDGE_CURVE('',#698,#698,#549,.T.);
#894=EDGE_CURVE('',#698,#696,#347,.T.);
#895=EDGE_CURVE('',#581,#662,#348,.T.);
#896=EDGE_CURVE('',#661,#574,#349,.T.);
#897=EDGE_CURVE('',#663,#580,#350,.T.);
#898=EDGE_CURVE('',#579,#664,#351,.T.);
#899=EDGE_CURVE('',#688,#578,#352,.T.);
#900=EDGE_CURVE('',#577,#689,#353,.T.);
#901=EDGE_CURVE('',#690,#576,#354,.T.);
#902=EDGE_CURVE('',#575,#691,#355,.T.);
#903=EDGE_CURVE('',#610,#699,#550,.T.);
#904=EDGE_CURVE('',#699,#675,#356,.T.);
#905=EDGE_CURVE('',#677,#700,#357,.T.);
#906=EDGE_CURVE('',#609,#700,#551,.F.);
#907=EDGE_CURVE('',#676,#701,#358,.T.);
#908=EDGE_CURVE('',#700,#701,#552,.T.);
#909=EDGE_CURVE('',#632,#702,#553,.T.);
#910=EDGE_CURVE('',#702,#684,#359,.T.);
#911=EDGE_CURVE('',#703,#702,#554,.T.);
#912=EDGE_CURVE('',#685,#703,#360,.T.);
#913=EDGE_CURVE('',#686,#704,#361,.T.);
#914=EDGE_CURVE('',#704,#631,#555,.T.);
#915=EDGE_CURVE('',#704,#703,#362,.T.);
#916=EDGE_CURVE('',#701,#699,#363,.T.);
#917=EDGE_CURVE('',#606,#705,#556,.T.);
#918=EDGE_CURVE('',#705,#678,#364,.T.);
#919=EDGE_CURVE('',#706,#705,#557,.T.);
#920=EDGE_CURVE('',#679,#706,#365,.T.);
#921=EDGE_CURVE('',#683,#707,#366,.T.);
#922=EDGE_CURVE('',#707,#635,#558,.T.);
#923=EDGE_CURVE('',#681,#708,#367,.T.);
#924=EDGE_CURVE('',#709,#708,#368,.T.);
#925=EDGE_CURVE('',#682,#709,#369,.T.);
#926=EDGE_CURVE('',#707,#709,#559,.T.);
#927=EDGE_CURVE('',#708,#636,#560,.T.);
#928=EDGE_CURVE('',#710,#706,#370,.T.);
#929=EDGE_CURVE('',#680,#710,#371,.T.);
#930=EDGE_CURVE('',#605,#710,#561,.T.);
#931=ORIENTED_EDGE('',*,*,#711,.T.);
#932=ORIENTED_EDGE('',*,*,#712,.T.);
#933=ORIENTED_EDGE('',*,*,#713,.T.);
#934=ORIENTED_EDGE('',*,*,#712,.F.);
#935=ORIENTED_EDGE('',*,*,#714,.F.);
#936=ORIENTED_EDGE('',*,*,#715,.T.);
#937=ORIENTED_EDGE('',*,*,#711,.F.);
#938=ORIENTED_EDGE('',*,*,#715,.F.);
#939=ORIENTED_EDGE('',*,*,#716,.T.);
#940=ORIENTED_EDGE('',*,*,#717,.T.);
#941=ORIENTED_EDGE('',*,*,#718,.T.);
#942=ORIENTED_EDGE('',*,*,#719,.T.);
#943=ORIENTED_EDGE('',*,*,#720,.T.);
#944=ORIENTED_EDGE('',*,*,#721,.T.);
#945=ORIENTED_EDGE('',*,*,#722,.T.);
#946=ORIENTED_EDGE('',*,*,#723,.T.);
#947=ORIENTED_EDGE('',*,*,#724,.T.);
#948=ORIENTED_EDGE('',*,*,#725,.T.);
#949=ORIENTED_EDGE('',*,*,#726,.F.);
#950=ORIENTED_EDGE('',*,*,#727,.T.);
#951=ORIENTED_EDGE('',*,*,#728,.F.);
#952=ORIENTED_EDGE('',*,*,#729,.T.);
#953=ORIENTED_EDGE('',*,*,#730,.F.);
#954=ORIENTED_EDGE('',*,*,#731,.T.);
#955=ORIENTED_EDGE('',*,*,#732,.F.);
#956=ORIENTED_EDGE('',*,*,#713,.F.);
#957=ORIENTED_EDGE('',*,*,#733,.T.);
#958=ORIENTED_EDGE('',*,*,#734,.T.);
#959=ORIENTED_EDGE('',*,*,#714,.T.);
#960=ORIENTED_EDGE('',*,*,#734,.F.);
#961=ORIENTED_EDGE('',*,*,#733,.F.);
#962=ORIENTED_EDGE('',*,*,#735,.F.);
#963=ORIENTED_EDGE('',*,*,#735,.T.);
#964=ORIENTED_EDGE('',*,*,#736,.T.);
#965=ORIENTED_EDGE('',*,*,#737,.T.);
#966=ORIENTED_EDGE('',*,*,#736,.F.);
#967=ORIENTED_EDGE('',*,*,#737,.F.);
#968=ORIENTED_EDGE('',*,*,#738,.T.);
#969=ORIENTED_EDGE('',*,*,#739,.T.);
#970=ORIENTED_EDGE('',*,*,#738,.F.);
#971=ORIENTED_EDGE('',*,*,#740,.F.);
#972=ORIENTED_EDGE('',*,*,#741,.T.);
#973=ORIENTED_EDGE('',*,*,#742,.F.);
#974=ORIENTED_EDGE('',*,*,#743,.T.);
#975=ORIENTED_EDGE('',*,*,#739,.F.);
#976=ORIENTED_EDGE('',*,*,#741,.F.);
#977=ORIENTED_EDGE('',*,*,#744,.T.);
#978=ORIENTED_EDGE('',*,*,#745,.F.);
#979=ORIENTED_EDGE('',*,*,#746,.T.);
#980=ORIENTED_EDGE('',*,*,#746,.F.);
#981=ORIENTED_EDGE('',*,*,#747,.F.);
#982=ORIENTED_EDGE('',*,*,#748,.T.);
#983=ORIENTED_EDGE('',*,*,#745,.T.);
#984=ORIENTED_EDGE('',*,*,#748,.F.);
#985=ORIENTED_EDGE('',*,*,#749,.F.);
#986=ORIENTED_EDGE('',*,*,#750,.T.);
#987=ORIENTED_EDGE('',*,*,#750,.F.);
#988=ORIENTED_EDGE('',*,*,#751,.F.);
#989=ORIENTED_EDGE('',*,*,#752,.T.);
#990=ORIENTED_EDGE('',*,*,#749,.T.);
#991=ORIENTED_EDGE('',*,*,#752,.F.);
#992=ORIENTED_EDGE('',*,*,#716,.F.);
#993=ORIENTED_EDGE('',*,*,#718,.F.);
#994=ORIENTED_EDGE('',*,*,#717,.F.);
#995=ORIENTED_EDGE('',*,*,#753,.T.);
#996=ORIENTED_EDGE('',*,*,#754,.F.);
#997=ORIENTED_EDGE('',*,*,#755,.F.);
#998=ORIENTED_EDGE('',*,*,#756,.F.);
#999=ORIENTED_EDGE('',*,*,#757,.F.);
#1000=ORIENTED_EDGE('',*,*,#758,.F.);
#1001=ORIENTED_EDGE('',*,*,#753,.F.);
#1002=ORIENTED_EDGE('',*,*,#754,.T.);
#1003=ORIENTED_EDGE('',*,*,#758,.T.);
#1004=ORIENTED_EDGE('',*,*,#759,.T.);
#1005=ORIENTED_EDGE('',*,*,#760,.T.);
#1006=ORIENTED_EDGE('',*,*,#761,.F.);
#1007=ORIENTED_EDGE('',*,*,#762,.F.);
#1008=ORIENTED_EDGE('',*,*,#763,.T.);
#1009=ORIENTED_EDGE('',*,*,#743,.F.);
#1010=ORIENTED_EDGE('',*,*,#764,.F.);
#1011=ORIENTED_EDGE('',*,*,#765,.T.);
#1012=ORIENTED_EDGE('',*,*,#766,.F.);
#1013=ORIENTED_EDGE('',*,*,#767,.F.);
#1014=ORIENTED_EDGE('',*,*,#768,.F.);
#1015=ORIENTED_EDGE('',*,*,#769,.T.);
#1016=ORIENTED_EDGE('',*,*,#770,.F.);
#1017=ORIENTED_EDGE('',*,*,#771,.F.);
#1018=ORIENTED_EDGE('',*,*,#772,.F.);
#1019=ORIENTED_EDGE('',*,*,#773,.T.);
#1020=ORIENTED_EDGE('',*,*,#774,.F.);
#1021=ORIENTED_EDGE('',*,*,#775,.T.);
#1022=ORIENTED_EDGE('',*,*,#776,.F.);
#1023=ORIENTED_EDGE('',*,*,#777,.T.);
#1024=ORIENTED_EDGE('',*,*,#759,.F.);
#1025=ORIENTED_EDGE('',*,*,#757,.T.);
#1026=ORIENTED_EDGE('',*,*,#778,.F.);
#1027=ORIENTED_EDGE('',*,*,#779,.T.);
#1028=ORIENTED_EDGE('',*,*,#780,.F.);
#1029=ORIENTED_EDGE('',*,*,#781,.T.);
#1030=ORIENTED_EDGE('',*,*,#782,.F.);
#1031=ORIENTED_EDGE('',*,*,#783,.F.);
#1032=ORIENTED_EDGE('',*,*,#784,.F.);
#1033=ORIENTED_EDGE('',*,*,#785,.T.);
#1034=ORIENTED_EDGE('',*,*,#786,.F.);
#1035=ORIENTED_EDGE('',*,*,#787,.T.);
#1036=ORIENTED_EDGE('',*,*,#788,.T.);
#1037=ORIENTED_EDGE('',*,*,#789,.F.);
#1038=ORIENTED_EDGE('',*,*,#790,.F.);
#1039=ORIENTED_EDGE('',*,*,#791,.F.);
#1040=ORIENTED_EDGE('',*,*,#792,.T.);
#1041=ORIENTED_EDGE('',*,*,#793,.F.);
#1042=ORIENTED_EDGE('',*,*,#794,.F.);
#1043=ORIENTED_EDGE('',*,*,#795,.F.);
#1044=ORIENTED_EDGE('',*,*,#796,.T.);
#1045=ORIENTED_EDGE('',*,*,#797,.T.);
#1046=ORIENTED_EDGE('',*,*,#755,.T.);
#1047=ORIENTED_EDGE('',*,*,#763,.F.);
#1048=ORIENTED_EDGE('',*,*,#798,.F.);
#1049=ORIENTED_EDGE('',*,*,#799,.F.);
#1050=ORIENTED_EDGE('',*,*,#719,.F.);
#1051=ORIENTED_EDGE('',*,*,#721,.F.);
#1052=ORIENTED_EDGE('',*,*,#720,.F.);
#1053=ORIENTED_EDGE('',*,*,#800,.T.);
#1054=ORIENTED_EDGE('',*,*,#801,.F.);
#1055=ORIENTED_EDGE('',*,*,#781,.F.);
#1056=ORIENTED_EDGE('',*,*,#802,.F.);
#1057=ORIENTED_EDGE('',*,*,#800,.F.);
#1058=ORIENTED_EDGE('',*,*,#801,.T.);
#1059=ORIENTED_EDGE('',*,*,#802,.T.);
#1060=ORIENTED_EDGE('',*,*,#780,.T.);
#1061=ORIENTED_EDGE('',*,*,#803,.T.);
#1062=ORIENTED_EDGE('',*,*,#804,.F.);
#1063=ORIENTED_EDGE('',*,*,#805,.F.);
#1064=ORIENTED_EDGE('',*,*,#782,.T.);
#1065=ORIENTED_EDGE('',*,*,#722,.F.);
#1066=ORIENTED_EDGE('',*,*,#724,.F.);
#1067=ORIENTED_EDGE('',*,*,#806,.T.);
#1068=ORIENTED_EDGE('',*,*,#787,.F.);
#1069=ORIENTED_EDGE('',*,*,#807,.F.);
#1070=ORIENTED_EDGE('',*,*,#788,.F.);
#1071=ORIENTED_EDGE('',*,*,#806,.F.);
#1072=ORIENTED_EDGE('',*,*,#723,.F.);
#1073=ORIENTED_EDGE('',*,*,#808,.T.);
#1074=ORIENTED_EDGE('',*,*,#809,.T.);
#1075=ORIENTED_EDGE('',*,*,#810,.T.);
#1076=ORIENTED_EDGE('',*,*,#811,.T.);
#1077=ORIENTED_EDGE('',*,*,#807,.T.);
#1078=ORIENTED_EDGE('',*,*,#786,.T.);
#1079=ORIENTED_EDGE('',*,*,#812,.T.);
#1080=ORIENTED_EDGE('',*,*,#811,.F.);
#1081=ORIENTED_EDGE('',*,*,#813,.F.);
#1082=ORIENTED_EDGE('',*,*,#789,.T.);
#1083=ORIENTED_EDGE('',*,*,#814,.T.);
#1084=ORIENTED_EDGE('',*,*,#815,.T.);
#1085=ORIENTED_EDGE('',*,*,#816,.T.);
#1086=ORIENTED_EDGE('',*,*,#804,.T.);
#1087=ORIENTED_EDGE('',*,*,#814,.F.);
#1088=ORIENTED_EDGE('',*,*,#803,.F.);
#1089=ORIENTED_EDGE('',*,*,#779,.F.);
#1090=ORIENTED_EDGE('',*,*,#817,.T.);
#1091=ORIENTED_EDGE('',*,*,#818,.F.);
#1092=ORIENTED_EDGE('',*,*,#819,.F.);
#1093=ORIENTED_EDGE('',*,*,#820,.T.);
#1094=ORIENTED_EDGE('',*,*,#821,.T.);
#1095=ORIENTED_EDGE('',*,*,#822,.T.);
#1096=ORIENTED_EDGE('',*,*,#761,.T.);
#1097=ORIENTED_EDGE('',*,*,#823,.T.);
#1098=ORIENTED_EDGE('',*,*,#824,.T.);
#1099=ORIENTED_EDGE('',*,*,#825,.T.);
#1100=ORIENTED_EDGE('',*,*,#826,.T.);
#1101=ORIENTED_EDGE('',*,*,#821,.F.);
#1102=ORIENTED_EDGE('',*,*,#827,.T.);
#1103=ORIENTED_EDGE('',*,*,#826,.F.);
#1104=ORIENTED_EDGE('',*,*,#828,.F.);
#1105=ORIENTED_EDGE('',*,*,#829,.T.);
#1106=ORIENTED_EDGE('',*,*,#830,.T.);
#1107=ORIENTED_EDGE('',*,*,#831,.T.);
#1108=ORIENTED_EDGE('',*,*,#832,.T.);
#1109=ORIENTED_EDGE('',*,*,#832,.F.);
#1110=ORIENTED_EDGE('',*,*,#833,.F.);
#1111=ORIENTED_EDGE('',*,*,#834,.T.);
#1112=ORIENTED_EDGE('',*,*,#835,.T.);
#1113=ORIENTED_EDGE('',*,*,#836,.F.);
#1114=ORIENTED_EDGE('',*,*,#837,.F.);
#1115=ORIENTED_EDGE('',*,*,#838,.F.);
#1116=ORIENTED_EDGE('',*,*,#839,.T.);
#1117=ORIENTED_EDGE('',*,*,#774,.T.);
#1118=ORIENTED_EDGE('',*,*,#840,.T.);
#1119=ORIENTED_EDGE('',*,*,#841,.F.);
#1120=ORIENTED_EDGE('',*,*,#842,.T.);
#1121=ORIENTED_EDGE('',*,*,#843,.T.);
#1122=ORIENTED_EDGE('',*,*,#772,.T.);
#1123=ORIENTED_EDGE('',*,*,#842,.F.);
#1124=ORIENTED_EDGE('',*,*,#844,.F.);
#1125=ORIENTED_EDGE('',*,*,#845,.T.);
#1126=ORIENTED_EDGE('',*,*,#846,.T.);
#1127=ORIENTED_EDGE('',*,*,#830,.F.);
#1128=ORIENTED_EDGE('',*,*,#847,.T.);
#1129=ORIENTED_EDGE('',*,*,#845,.F.);
#1130=ORIENTED_EDGE('',*,*,#848,.F.);
#1131=ORIENTED_EDGE('',*,*,#849,.F.);
#1132=ORIENTED_EDGE('',*,*,#850,.T.);
#1133=ORIENTED_EDGE('',*,*,#851,.T.);
#1134=ORIENTED_EDGE('',*,*,#784,.T.);
#1135=ORIENTED_EDGE('',*,*,#850,.F.);
#1136=ORIENTED_EDGE('',*,*,#852,.F.);
#1137=ORIENTED_EDGE('',*,*,#853,.T.);
#1138=ORIENTED_EDGE('',*,*,#854,.T.);
#1139=ORIENTED_EDGE('',*,*,#809,.F.);
#1140=ORIENTED_EDGE('',*,*,#855,.T.);
#1141=ORIENTED_EDGE('',*,*,#853,.F.);
#1142=ORIENTED_EDGE('',*,*,#856,.F.);
#1143=ORIENTED_EDGE('',*,*,#818,.T.);
#1144=ORIENTED_EDGE('',*,*,#857,.T.);
#1145=ORIENTED_EDGE('',*,*,#858,.T.);
#1146=ORIENTED_EDGE('',*,*,#859,.T.);
#1147=ORIENTED_EDGE('',*,*,#815,.F.);
#1148=ORIENTED_EDGE('',*,*,#819,.T.);
#1149=ORIENTED_EDGE('',*,*,#859,.F.);
#1150=ORIENTED_EDGE('',*,*,#860,.F.);
#1151=ORIENTED_EDGE('',*,*,#756,.T.);
#1152=ORIENTED_EDGE('',*,*,#799,.T.);
#1153=ORIENTED_EDGE('',*,*,#861,.F.);
#1154=ORIENTED_EDGE('',*,*,#857,.F.);
#1155=ORIENTED_EDGE('',*,*,#817,.F.);
#1156=ORIENTED_EDGE('',*,*,#778,.T.);
#1157=ORIENTED_EDGE('',*,*,#841,.T.);
#1158=ORIENTED_EDGE('',*,*,#771,.T.);
#1159=ORIENTED_EDGE('',*,*,#862,.T.);
#1160=ORIENTED_EDGE('',*,*,#863,.T.);
#1161=ORIENTED_EDGE('',*,*,#864,.T.);
#1162=ORIENTED_EDGE('',*,*,#865,.T.);
#1163=ORIENTED_EDGE('',*,*,#767,.T.);
#1164=ORIENTED_EDGE('',*,*,#866,.T.);
#1165=ORIENTED_EDGE('',*,*,#867,.T.);
#1166=ORIENTED_EDGE('',*,*,#868,.T.);
#1167=ORIENTED_EDGE('',*,*,#869,.T.);
#1168=ORIENTED_EDGE('',*,*,#870,.T.);
#1169=ORIENTED_EDGE('',*,*,#871,.T.);
#1170=ORIENTED_EDGE('',*,*,#872,.T.);
#1171=ORIENTED_EDGE('',*,*,#794,.T.);
#1172=ORIENTED_EDGE('',*,*,#873,.T.);
#1173=ORIENTED_EDGE('',*,*,#874,.T.);
#1174=ORIENTED_EDGE('',*,*,#875,.T.);
#1175=ORIENTED_EDGE('',*,*,#876,.T.);
#1176=ORIENTED_EDGE('',*,*,#790,.T.);
#1177=ORIENTED_EDGE('',*,*,#813,.T.);
#1178=ORIENTED_EDGE('',*,*,#810,.F.);
#1179=ORIENTED_EDGE('',*,*,#856,.T.);
#1180=ORIENTED_EDGE('',*,*,#852,.T.);
#1181=ORIENTED_EDGE('',*,*,#849,.T.);
#1182=ORIENTED_EDGE('',*,*,#783,.T.);
#1183=ORIENTED_EDGE('',*,*,#805,.T.);
#1184=ORIENTED_EDGE('',*,*,#816,.F.);
#1185=ORIENTED_EDGE('',*,*,#860,.T.);
#1186=ORIENTED_EDGE('',*,*,#858,.F.);
#1187=ORIENTED_EDGE('',*,*,#861,.T.);
#1188=ORIENTED_EDGE('',*,*,#798,.T.);
#1189=ORIENTED_EDGE('',*,*,#762,.T.);
#1190=ORIENTED_EDGE('',*,*,#822,.F.);
#1191=ORIENTED_EDGE('',*,*,#828,.T.);
#1192=ORIENTED_EDGE('',*,*,#825,.F.);
#1193=ORIENTED_EDGE('',*,*,#877,.T.);
#1194=ORIENTED_EDGE('',*,*,#878,.T.);
#1195=ORIENTED_EDGE('',*,*,#833,.T.);
#1196=ORIENTED_EDGE('',*,*,#831,.F.);
#1197=ORIENTED_EDGE('',*,*,#848,.T.);
#1198=ORIENTED_EDGE('',*,*,#844,.T.);
#1199=ORIENTED_EDGE('',*,*,#824,.F.);
#1200=ORIENTED_EDGE('',*,*,#879,.F.);
#1201=ORIENTED_EDGE('',*,*,#776,.T.);
#1202=ORIENTED_EDGE('',*,*,#880,.F.);
#1203=ORIENTED_EDGE('',*,*,#881,.T.);
#1204=ORIENTED_EDGE('',*,*,#882,.T.);
#1205=ORIENTED_EDGE('',*,*,#883,.T.);
#1206=ORIENTED_EDGE('',*,*,#884,.F.);
#1207=ORIENTED_EDGE('',*,*,#885,.T.);
#1208=ORIENTED_EDGE('',*,*,#877,.F.);
#1209=ORIENTED_EDGE('',*,*,#885,.F.);
#1210=ORIENTED_EDGE('',*,*,#886,.T.);
#1211=ORIENTED_EDGE('',*,*,#834,.F.);
#1212=ORIENTED_EDGE('',*,*,#878,.F.);
#1213=ORIENTED_EDGE('',*,*,#820,.F.);
#1214=ORIENTED_EDGE('',*,*,#760,.F.);
#1215=ORIENTED_EDGE('',*,*,#777,.F.);
#1216=ORIENTED_EDGE('',*,*,#879,.T.);
#1217=ORIENTED_EDGE('',*,*,#823,.F.);
#1218=ORIENTED_EDGE('',*,*,#827,.F.);
#1219=ORIENTED_EDGE('',*,*,#808,.F.);
#1220=ORIENTED_EDGE('',*,*,#812,.F.);
#1221=ORIENTED_EDGE('',*,*,#785,.F.);
#1222=ORIENTED_EDGE('',*,*,#851,.F.);
#1223=ORIENTED_EDGE('',*,*,#854,.F.);
#1224=ORIENTED_EDGE('',*,*,#855,.F.);
#1225=ORIENTED_EDGE('',*,*,#829,.F.);
#1226=ORIENTED_EDGE('',*,*,#840,.F.);
#1227=ORIENTED_EDGE('',*,*,#773,.F.);
#1228=ORIENTED_EDGE('',*,*,#843,.F.);
#1229=ORIENTED_EDGE('',*,*,#846,.F.);
#1230=ORIENTED_EDGE('',*,*,#847,.F.);
#1231=ORIENTED_EDGE('',*,*,#887,.F.);
#1232=ORIENTED_EDGE('',*,*,#888,.T.);
#1233=ORIENTED_EDGE('',*,*,#888,.F.);
#1234=ORIENTED_EDGE('',*,*,#889,.F.);
#1235=ORIENTED_EDGE('',*,*,#890,.T.);
#1236=ORIENTED_EDGE('',*,*,#887,.T.);
#1237=ORIENTED_EDGE('',*,*,#890,.F.);
#1238=ORIENTED_EDGE('',*,*,#891,.F.);
#1239=ORIENTED_EDGE('',*,*,#892,.T.);
#1240=ORIENTED_EDGE('',*,*,#892,.F.);
#1241=ORIENTED_EDGE('',*,*,#893,.F.);
#1242=ORIENTED_EDGE('',*,*,#894,.T.);
#1243=ORIENTED_EDGE('',*,*,#891,.T.);
#1244=ORIENTED_EDGE('',*,*,#894,.F.);
#1245=ORIENTED_EDGE('',*,*,#732,.T.);
#1246=ORIENTED_EDGE('',*,*,#895,.T.);
#1247=ORIENTED_EDGE('',*,*,#836,.T.);
#1248=ORIENTED_EDGE('',*,*,#896,.T.);
#1249=ORIENTED_EDGE('',*,*,#895,.F.);
#1250=ORIENTED_EDGE('',*,*,#731,.F.);
#1251=ORIENTED_EDGE('',*,*,#897,.F.);
#1252=ORIENTED_EDGE('',*,*,#837,.T.);
#1253=ORIENTED_EDGE('',*,*,#730,.T.);
#1254=ORIENTED_EDGE('',*,*,#898,.T.);
#1255=ORIENTED_EDGE('',*,*,#838,.T.);
#1256=ORIENTED_EDGE('',*,*,#897,.T.);
#1257=ORIENTED_EDGE('',*,*,#898,.F.);
#1258=ORIENTED_EDGE('',*,*,#729,.F.);
#1259=ORIENTED_EDGE('',*,*,#899,.F.);
#1260=ORIENTED_EDGE('',*,*,#880,.T.);
#1261=ORIENTED_EDGE('',*,*,#775,.F.);
#1262=ORIENTED_EDGE('',*,*,#839,.F.);
#1263=ORIENTED_EDGE('',*,*,#728,.T.);
#1264=ORIENTED_EDGE('',*,*,#900,.T.);
#1265=ORIENTED_EDGE('',*,*,#881,.F.);
#1266=ORIENTED_EDGE('',*,*,#899,.T.);
#1267=ORIENTED_EDGE('',*,*,#900,.F.);
#1268=ORIENTED_EDGE('',*,*,#727,.F.);
#1269=ORIENTED_EDGE('',*,*,#901,.F.);
#1270=ORIENTED_EDGE('',*,*,#882,.F.);
#1271=ORIENTED_EDGE('',*,*,#726,.T.);
#1272=ORIENTED_EDGE('',*,*,#902,.T.);
#1273=ORIENTED_EDGE('',*,*,#883,.F.);
#1274=ORIENTED_EDGE('',*,*,#901,.T.);
#1275=ORIENTED_EDGE('',*,*,#896,.F.);
#1276=ORIENTED_EDGE('',*,*,#835,.F.);
#1277=ORIENTED_EDGE('',*,*,#886,.F.);
#1278=ORIENTED_EDGE('',*,*,#884,.T.);
#1279=ORIENTED_EDGE('',*,*,#902,.F.);
#1280=ORIENTED_EDGE('',*,*,#725,.F.);
#1281=ORIENTED_EDGE('',*,*,#862,.F.);
#1282=ORIENTED_EDGE('',*,*,#770,.T.);
#1283=ORIENTED_EDGE('',*,*,#903,.T.);
#1284=ORIENTED_EDGE('',*,*,#904,.T.);
#1285=ORIENTED_EDGE('',*,*,#865,.F.);
#1286=ORIENTED_EDGE('',*,*,#905,.T.);
#1287=ORIENTED_EDGE('',*,*,#906,.F.);
#1288=ORIENTED_EDGE('',*,*,#768,.T.);
#1289=ORIENTED_EDGE('',*,*,#905,.F.);
#1290=ORIENTED_EDGE('',*,*,#864,.F.);
#1291=ORIENTED_EDGE('',*,*,#907,.T.);
#1292=ORIENTED_EDGE('',*,*,#908,.F.);
#1293=ORIENTED_EDGE('',*,*,#909,.T.);
#1294=ORIENTED_EDGE('',*,*,#910,.T.);
#1295=ORIENTED_EDGE('',*,*,#873,.F.);
#1296=ORIENTED_EDGE('',*,*,#793,.T.);
#1297=ORIENTED_EDGE('',*,*,#910,.F.);
#1298=ORIENTED_EDGE('',*,*,#911,.F.);
#1299=ORIENTED_EDGE('',*,*,#912,.F.);
#1300=ORIENTED_EDGE('',*,*,#874,.F.);
#1301=ORIENTED_EDGE('',*,*,#876,.F.);
#1302=ORIENTED_EDGE('',*,*,#913,.T.);
#1303=ORIENTED_EDGE('',*,*,#914,.T.);
#1304=ORIENTED_EDGE('',*,*,#791,.T.);
#1305=ORIENTED_EDGE('',*,*,#913,.F.);
#1306=ORIENTED_EDGE('',*,*,#875,.F.);
#1307=ORIENTED_EDGE('',*,*,#912,.T.);
#1308=ORIENTED_EDGE('',*,*,#915,.F.);
#1309=ORIENTED_EDGE('',*,*,#792,.F.);
#1310=ORIENTED_EDGE('',*,*,#914,.F.);
#1311=ORIENTED_EDGE('',*,*,#915,.T.);
#1312=ORIENTED_EDGE('',*,*,#911,.T.);
#1313=ORIENTED_EDGE('',*,*,#909,.F.);
#1314=ORIENTED_EDGE('',*,*,#893,.T.);
#1315=ORIENTED_EDGE('',*,*,#904,.F.);
#1316=ORIENTED_EDGE('',*,*,#916,.F.);
#1317=ORIENTED_EDGE('',*,*,#907,.F.);
#1318=ORIENTED_EDGE('',*,*,#863,.F.);
#1319=ORIENTED_EDGE('',*,*,#916,.T.);
#1320=ORIENTED_EDGE('',*,*,#903,.F.);
#1321=ORIENTED_EDGE('',*,*,#769,.F.);
#1322=ORIENTED_EDGE('',*,*,#906,.T.);
#1323=ORIENTED_EDGE('',*,*,#908,.T.);
#1324=ORIENTED_EDGE('',*,*,#889,.T.);
#1325=ORIENTED_EDGE('',*,*,#866,.F.);
#1326=ORIENTED_EDGE('',*,*,#766,.T.);
#1327=ORIENTED_EDGE('',*,*,#917,.T.);
#1328=ORIENTED_EDGE('',*,*,#918,.T.);
#1329=ORIENTED_EDGE('',*,*,#918,.F.);
#1330=ORIENTED_EDGE('',*,*,#919,.F.);
#1331=ORIENTED_EDGE('',*,*,#920,.F.);
#1332=ORIENTED_EDGE('',*,*,#867,.F.);
#1333=ORIENTED_EDGE('',*,*,#872,.F.);
#1334=ORIENTED_EDGE('',*,*,#921,.T.);
#1335=ORIENTED_EDGE('',*,*,#922,.T.);
#1336=ORIENTED_EDGE('',*,*,#795,.T.);
#1337=ORIENTED_EDGE('',*,*,#870,.F.);
#1338=ORIENTED_EDGE('',*,*,#923,.T.);
#1339=ORIENTED_EDGE('',*,*,#924,.F.);
#1340=ORIENTED_EDGE('',*,*,#925,.F.);
#1341=ORIENTED_EDGE('',*,*,#921,.F.);
#1342=ORIENTED_EDGE('',*,*,#871,.F.);
#1343=ORIENTED_EDGE('',*,*,#925,.T.);
#1344=ORIENTED_EDGE('',*,*,#926,.F.);
#1345=ORIENTED_EDGE('',*,*,#927,.T.);
#1346=ORIENTED_EDGE('',*,*,#796,.F.);
#1347=ORIENTED_EDGE('',*,*,#922,.F.);
#1348=ORIENTED_EDGE('',*,*,#926,.T.);
#1349=ORIENTED_EDGE('',*,*,#924,.T.);
#1350=ORIENTED_EDGE('',*,*,#751,.T.);
#1351=ORIENTED_EDGE('',*,*,#868,.F.);
#1352=ORIENTED_EDGE('',*,*,#920,.T.);
#1353=ORIENTED_EDGE('',*,*,#928,.F.);
#1354=ORIENTED_EDGE('',*,*,#929,.F.);
#1355=ORIENTED_EDGE('',*,*,#928,.T.);
#1356=ORIENTED_EDGE('',*,*,#919,.T.);
#1357=ORIENTED_EDGE('',*,*,#917,.F.);
#1358=ORIENTED_EDGE('',*,*,#765,.F.);
#1359=ORIENTED_EDGE('',*,*,#930,.T.);
#1360=ORIENTED_EDGE('',*,*,#747,.T.);
#1361=ORIENTED_EDGE('',*,*,#742,.T.);
#1362=ORIENTED_EDGE('',*,*,#744,.F.);
#1363=ORIENTED_EDGE('',*,*,#740,.T.);
#1364=ORIENTED_EDGE('',*,*,#797,.F.);
#1365=ORIENTED_EDGE('',*,*,#927,.F.);
#1366=ORIENTED_EDGE('',*,*,#923,.F.);
#1367=ORIENTED_EDGE('',*,*,#869,.F.);
#1368=ORIENTED_EDGE('',*,*,#929,.T.);
#1369=ORIENTED_EDGE('',*,*,#930,.F.);
#1370=ORIENTED_EDGE('',*,*,#764,.T.);
#1371=CONICAL_SURFACE('',#1469,24.95,0.785398163397438);
#1372=CONICAL_SURFACE('',#1477,24.95,0.785398163397448);
#1373=CONICAL_SURFACE('',#1481,24.3,0.785398163397448);
#1374=CONICAL_SURFACE('',#1485,23.05,0.785398163397448);
#1375=CONICAL_SURFACE('',#1490,0.40575,1.02974425867665);
#1376=CONICAL_SURFACE('',#1494,0.40575,1.02974425867665);
#1377=CONICAL_SURFACE('',#1601,0.40575,1.02974425867665);
#1378=CONICAL_SURFACE('',#1605,0.40575,1.02974425867665);
#1379=ADVANCED_FACE('',(#126),#1371,.T.);
#1380=ADVANCED_FACE('',(#127,#39,#40,#41,#42),#79,.T.);
#1381=ADVANCED_FACE('',(#128),#19,.F.);
#1382=ADVANCED_FACE('',(#129),#1372,.T.);
#1383=ADVANCED_FACE('',(#130,#43),#20,.T.);
#1384=ADVANCED_FACE('',(#131),#1373,.F.);
#1385=ADVANCED_FACE('',(#132),#80,.F.);
#1386=ADVANCED_FACE('',(#133),#1374,.F.);
#1387=ADVANCED_FACE('',(#134,#44),#21,.T.);
#1388=ADVANCED_FACE('',(#135),#1375,.F.);
#1389=ADVANCED_FACE('',(#136),#81,.F.);
#1390=ADVANCED_FACE('',(#137),#1376,.F.);
#1391=ADVANCED_FACE('',(#138),#82,.F.);
#1392=ADVANCED_FACE('',(#139),#83,.F.);
#1393=ADVANCED_FACE('',(#140),#84,.F.);
#1394=ADVANCED_FACE('',(#141),#85,.F.);
#1395=ADVANCED_FACE('',(#142),#86,.F.);
#1396=ADVANCED_FACE('',(#143),#87,.F.);
#1397=ADVANCED_FACE('',(#144),#88,.F.);
#1398=ADVANCED_FACE('',(#145),#89,.F.);
#1399=ADVANCED_FACE('',(#146),#90,.T.);
#1400=ADVANCED_FACE('',(#147),#91,.F.);
#1401=ADVANCED_FACE('',(#148),#92,.T.);
#1402=ADVANCED_FACE('',(#149),#22,.T.);
#1403=ADVANCED_FACE('',(#150),#93,.T.);
#1404=ADVANCED_FACE('',(#151),#94,.T.);
#1405=ADVANCED_FACE('',(#152),#95,.F.);
#1406=ADVANCED_FACE('',(#153),#96,.T.);
#1407=ADVANCED_FACE('',(#154),#97,.F.);
#1408=ADVANCED_FACE('',(#155),#98,.F.);
#1409=ADVANCED_FACE('',(#156),#99,.T.);
#1410=ADVANCED_FACE('',(#157),#100,.F.);
#1411=ADVANCED_FACE('',(#158),#101,.F.);
#1412=ADVANCED_FACE('',(#159),#102,.T.);
#1413=ADVANCED_FACE('',(#160),#103,.F.);
#1414=ADVANCED_FACE('',(#161),#104,.T.);
#1415=ADVANCED_FACE('',(#162),#105,.F.);
#1416=ADVANCED_FACE('',(#163),#106,.F.);
#1417=ADVANCED_FACE('',(#164),#23,.T.);
#1418=ADVANCED_FACE('',(#165),#107,.F.);
#1419=ADVANCED_FACE('',(#166),#108,.F.);
#1420=ADVANCED_FACE('',(#167),#24,.T.);
#1421=ADVANCED_FACE('',(#168),#25,.T.);
#1422=ADVANCED_FACE('',(#169),#26,.T.);
#1423=ADVANCED_FACE('',(#170),#1377,.F.);
#1424=ADVANCED_FACE('',(#171),#109,.F.);
#1425=ADVANCED_FACE('',(#172),#1378,.F.);
#1426=ADVANCED_FACE('',(#173),#110,.F.);
#1427=ADVANCED_FACE('',(#174),#111,.F.);
#1428=ADVANCED_FACE('',(#175),#27,.F.);
#1429=ADVANCED_FACE('',(#176),#112,.F.);
#1430=ADVANCED_FACE('',(#177),#28,.F.);
#1431=ADVANCED_FACE('',(#178),#113,.F.);
#1432=ADVANCED_FACE('',(#179),#29,.F.);
#1433=ADVANCED_FACE('',(#180),#114,.F.);
#1434=ADVANCED_FACE('',(#181),#30,.F.);
#1435=ADVANCED_FACE('',(#182),#115,.F.);
#1436=ADVANCED_FACE('',(#183),#116,.F.);
#1437=ADVANCED_FACE('',(#184),#117,.T.);
#1438=ADVANCED_FACE('',(#185),#118,.F.);
#1439=ADVANCED_FACE('',(#186),#119,.T.);
#1440=ADVANCED_FACE('',(#187),#120,.F.);
#1441=ADVANCED_FACE('',(#188),#31,.T.);
#1442=ADVANCED_FACE('',(#189,#45),#32,.T.);
#1443=ADVANCED_FACE('',(#190),#33,.T.);
#1444=ADVANCED_FACE('',(#191,#46),#34,.T.);
#1445=ADVANCED_FACE('',(#192),#121,.F.);
#1446=ADVANCED_FACE('',(#193),#122,.T.);
#1447=ADVANCED_FACE('',(#194),#123,.F.);
#1448=ADVANCED_FACE('',(#195),#35,.T.);
#1449=ADVANCED_FACE('',(#196),#124,.T.);
#1450=ADVANCED_FACE('',(#197,#47),#36,.T.);
#1451=ADVANCED_FACE('',(#198),#37,.T.);
#1452=ADVANCED_FACE('',(#199,#48),#38,.T.);
#1453=ADVANCED_FACE('',(#200),#125,.F.);
#1454=CLOSED_SHELL('',(#1379,#1380,#1381,#1382,#1383,#1384,#1385,#1386,
#1387,#1388,#1389,#1390,#1391,#1392,#1393,#1394,#1395,#1396,#1397,#1398,
#1399,#1400,#1401,#1402,#1403,#1404,#1405,#1406,#1407,#1408,#1409,#1410,
#1411,#1412,#1413,#1414,#1415,#1416,#1417,#1418,#1419,#1420,#1421,#1422,
#1423,#1424,#1425,#1426,#1427,#1428,#1429,#1430,#1431,#1432,#1433,#1434,
#1435,#1436,#1437,#1438,#1439,#1440,#1441,#1442,#1443,#1444,#1445,#1446,
#1447,#1448,#1449,#1450,#1451,#1452,#1453));
#1455=DERIVED_UNIT_ELEMENT(#1457,1.);
#1456=DERIVED_UNIT_ELEMENT(#2862,-3.);
#1457=(
MASS_UNIT()
NAMED_UNIT(*)
SI_UNIT(.KILO.,.GRAM.)
);
#1458=DERIVED_UNIT((#1455,#1456));
#1459=MEASURE_REPRESENTATION_ITEM('density measure',
POSITIVE_RATIO_MEASURE(7850.),#1458);
#1460=PROPERTY_DEFINITION_REPRESENTATION(#1465,#1462);
#1461=PROPERTY_DEFINITION_REPRESENTATION(#1466,#1463);
#1462=REPRESENTATION('material name',(#1464),#2859);
#1463=REPRESENTATION('density',(#1459),#2859);
#1464=DESCRIPTIVE_REPRESENTATION_ITEM('Steel','Steel');
#1465=PROPERTY_DEFINITION('material property','material name',#2874);
#1466=PROPERTY_DEFINITION('material property','density of part',#2874);
#1467=AXIS2_PLACEMENT_3D('',#2099,#1649,#1650);
#1468=AXIS2_PLACEMENT_3D('',#2100,#1651,#1652);
#1469=AXIS2_PLACEMENT_3D('',#2101,#1653,#1654);
#1470=AXIS2_PLACEMENT_3D('',#2103,#1655,#1656);
#1471=AXIS2_PLACEMENT_3D('',#2106,#1658,#1659);
#1472=AXIS2_PLACEMENT_3D('',#2107,#1660,#1661);
#1473=AXIS2_PLACEMENT_3D('',#2109,#1662,#1663);
#1474=AXIS2_PLACEMENT_3D('',#2238,#1665,#1666);
#1475=AXIS2_PLACEMENT_3D('',#2264,#1668,#1669);
#1476=AXIS2_PLACEMENT_3D('',#2288,#1671,#1672);
#1477=AXIS2_PLACEMENT_3D('',#2289,#1673,#1674);
#1478=AXIS2_PLACEMENT_3D('',#2291,#1675,#1676);
#1479=AXIS2_PLACEMENT_3D('',#2293,#1678,#1679);
#1480=AXIS2_PLACEMENT_3D('',#2295,#1680,#1681);
#1481=AXIS2_PLACEMENT_3D('',#2296,#1682,#1683);
#1482=AXIS2_PLACEMENT_3D('',#2299,#1685,#1686);
#1483=AXIS2_PLACEMENT_3D('',#2300,#1687,#1688);
#1484=AXIS2_PLACEMENT_3D('',#2303,#1690,#1691);
#1485=AXIS2_PLACEMENT_3D('',#2304,#1692,#1693);
#1486=AXIS2_PLACEMENT_3D('',#2312,#1694,#1695);
#1487=AXIS2_PLACEMENT_3D('',#2318,#1696,#1697);
#1488=AXIS2_PLACEMENT_3D('',#2319,#1698,#1699);
#1489=AXIS2_PLACEMENT_3D('',#2320,#1700,#1701);
#1490=AXIS2_PLACEMENT_3D('',#2321,#1702,#1703);
#1491=AXIS2_PLACEMENT_3D('',#2323,#1704,#1705);
#1492=AXIS2_PLACEMENT_3D('',#2326,#1707,#1708);
#1493=AXIS2_PLACEMENT_3D('',#2328,#1709,#1710);
#1494=AXIS2_PLACEMENT_3D('',#2330,#1712,#1713);
#1495=AXIS2_PLACEMENT_3D('',#2332,#1714,#1715);
#1496=AXIS2_PLACEMENT_3D('',#2335,#1717,#1718);
#1497=AXIS2_PLACEMENT_3D('',#2337,#1719,#1720);
#1498=AXIS2_PLACEMENT_3D('',#2339,#1722,#1723);
#1499=AXIS2_PLACEMENT_3D('',#2396,#1725,#1726);
#1500=AXIS2_PLACEMENT_3D('',#2400,#1728,#1729);
#1501=AXIS2_PLACEMENT_3D('',#2404,#1731,#1732);
#1502=AXIS2_PLACEMENT_3D('',#2406,#1734,#1735);
#1503=AXIS2_PLACEMENT_3D('',#2410,#1737,#1738);
#1504=AXIS2_PLACEMENT_3D('',#2414,#1740,#1741);
#1505=AXIS2_PLACEMENT_3D('',#2418,#1743,#1744);
#1506=AXIS2_PLACEMENT_3D('',#2422,#1746,#1747);
#1507=AXIS2_PLACEMENT_3D('',#2426,#1749,#1750);
#1508=AXIS2_PLACEMENT_3D('',#2430,#1752,#1753);
#1509=AXIS2_PLACEMENT_3D('',#2433,#1755,#1756);
#1510=AXIS2_PLACEMENT_3D('',#2437,#1758,#1759);
#1511=AXIS2_PLACEMENT_3D('',#2471,#1762,#1763);
#1512=AXIS2_PLACEMENT_3D('',#2475,#1765,#1766);
#1513=AXIS2_PLACEMENT_3D('',#2511,#1769,#1770);
#1514=AXIS2_PLACEMENT_3D('',#2515,#1772,#1773);
#1515=AXIS2_PLACEMENT_3D('',#2519,#1775,#1776);
#1516=AXIS2_PLACEMENT_3D('',#2523,#1778,#1779);
#1517=AXIS2_PLACEMENT_3D('',#2525,#1781,#1782);
#1518=AXIS2_PLACEMENT_3D('',#2527,#1783,#1784);
#1519=AXIS2_PLACEMENT_3D('',#2529,#1786,#1787);
#1520=AXIS2_PLACEMENT_3D('',#2548,#1789,#1790);
#1521=AXIS2_PLACEMENT_3D('',#2550,#1791,#1792);
#1522=AXIS2_PLACEMENT_3D('',#2553,#1794,#1795);
#1523=AXIS2_PLACEMENT_3D('',#2554,#1796,#1797);
#1524=AXIS2_PLACEMENT_3D('',#2570,#1799,#1800);
#1525=AXIS2_PLACEMENT_3D('',#2573,#1801,#1802);
#1526=AXIS2_PLACEMENT_3D('',#2577,#1804,#1805);
#1527=AXIS2_PLACEMENT_3D('',#2579,#1807,#1808);
#1528=AXIS2_PLACEMENT_3D('',#2580,#1809,#1810);
#1529=AXIS2_PLACEMENT_3D('',#2581,#1811,#1812);
#1530=AXIS2_PLACEMENT_3D('',#2582,#1813,#1814);
#1531=AXIS2_PLACEMENT_3D('',#2584,#1815,#1816);
#1532=AXIS2_PLACEMENT_3D('',#2587,#1818,#1819);
#1533=AXIS2_PLACEMENT_3D('',#2588,#1820,#1821);
#1534=AXIS2_PLACEMENT_3D('',#2590,#1822,#1823);
#1535=AXIS2_PLACEMENT_3D('',#2592,#1824,#1825);
#1536=AXIS2_PLACEMENT_3D('',#2593,#1826,#1827);
#1537=AXIS2_PLACEMENT_3D('',#2594,#1828,#1829);
#1538=AXIS2_PLACEMENT_3D('',#2596,#1830,#1831);
#1539=AXIS2_PLACEMENT_3D('',#2599,#1833,#1834);
#1540=AXIS2_PLACEMENT_3D('',#2600,#1835,#1836);
#1541=AXIS2_PLACEMENT_3D('',#2603,#1837,#1838);
#1542=AXIS2_PLACEMENT_3D('',#2607,#1840,#1841);
#1543=AXIS2_PLACEMENT_3D('',#2609,#1843,#1844);
#1544=AXIS2_PLACEMENT_3D('',#2610,#1845,#1846);
#1545=AXIS2_PLACEMENT_3D('',#2611,#1847,#1848);
#1546=AXIS2_PLACEMENT_3D('',#2612,#1849,#1850);
#1547=AXIS2_PLACEMENT_3D('',#2615,#1851,#1852);
#1548=AXIS2_PLACEMENT_3D('',#2619,#1854,#1855);
#1549=AXIS2_PLACEMENT_3D('',#2621,#1857,#1858);
#1550=AXIS2_PLACEMENT_3D('',#2623,#1859,#1860);
#1551=AXIS2_PLACEMENT_3D('',#2627,#1862,#1863);
#1552=AXIS2_PLACEMENT_3D('',#2652,#1865,#1866);
#1553=AXIS2_PLACEMENT_3D('',#2653,#1867,#1868);
#1554=AXIS2_PLACEMENT_3D('',#2654,#1869,#1870);
#1555=AXIS2_PLACEMENT_3D('',#2656,#1871,#1872);
#1556=AXIS2_PLACEMENT_3D('',#2659,#1874,#1875);
#1557=AXIS2_PLACEMENT_3D('',#2660,#1876,#1877);
#1558=AXIS2_PLACEMENT_3D('',#2662,#1878,#1879);
#1559=AXIS2_PLACEMENT_3D('',#2665,#1881,#1882);
#1560=AXIS2_PLACEMENT_3D('',#2666,#1883,#1884);
#1561=AXIS2_PLACEMENT_3D('',#2667,#1885,#1886);
#1562=AXIS2_PLACEMENT_3D('',#2668,#1887,#1888);
#1563=AXIS2_PLACEMENT_3D('',#2669,#1889,#1890);
#1564=AXIS2_PLACEMENT_3D('',#2671,#1891,#1892);
#1565=AXIS2_PLACEMENT_3D('',#2674,#1894,#1895);
#1566=AXIS2_PLACEMENT_3D('',#2675,#1896,#1897);
#1567=AXIS2_PLACEMENT_3D('',#2677,#1898,#1899);
#1568=AXIS2_PLACEMENT_3D('',#2680,#1901,#1902);
#1569=AXIS2_PLACEMENT_3D('',#2681,#1903,#1904);
#1570=AXIS2_PLACEMENT_3D('',#2682,#1905,#1906);
#1571=AXIS2_PLACEMENT_3D('',#2683,#1907,#1908);
#1572=AXIS2_PLACEMENT_3D('',#2684,#1909,#1910);
#1573=AXIS2_PLACEMENT_3D('',#2688,#1912,#1913);
#1574=AXIS2_PLACEMENT_3D('',#2690,#1915,#1916);
#1575=AXIS2_PLACEMENT_3D('',#2691,#1917,#1918);
#1576=AXIS2_PLACEMENT_3D('',#2692,#1919,#1920);
#1577=AXIS2_PLACEMENT_3D('',#2693,#1921,#1922);
#1578=AXIS2_PLACEMENT_3D('',#2694,#1923,#1924);
#1579=AXIS2_PLACEMENT_3D('',#2696,#1925,#1926);
#1580=AXIS2_PLACEMENT_3D('',#2700,#1928,#1929);
#1581=AXIS2_PLACEMENT_3D('',#2701,#1930,#1931);
#1582=AXIS2_PLACEMENT_3D('',#2703,#1932,#1933);
#1583=AXIS2_PLACEMENT_3D('',#2705,#1934,#1935);
#1584=AXIS2_PLACEMENT_3D('',#2709,#1937,#1938);
#1585=AXIS2_PLACEMENT_3D('',#2713,#1940,#1941);
#1586=AXIS2_PLACEMENT_3D('',#2714,#1942,#1943);
#1587=AXIS2_PLACEMENT_3D('',#2716,#1944,#1945);
#1588=AXIS2_PLACEMENT_3D('',#2718,#1946,#1947);
#1589=AXIS2_PLACEMENT_3D('',#2721,#1949,#1950);
#1590=AXIS2_PLACEMENT_3D('',#2723,#1951,#1952);
#1591=AXIS2_PLACEMENT_3D('',#2724,#1953,#1954);
#1592=AXIS2_PLACEMENT_3D('',#2725,#1955,#1956);
#1593=AXIS2_PLACEMENT_3D('',#2726,#1957,#1958);
#1594=AXIS2_PLACEMENT_3D('',#2728,#1959,#1960);
#1595=AXIS2_PLACEMENT_3D('',#2754,#1962,#1963);
#1596=AXIS2_PLACEMENT_3D('',#2756,#1965,#1966);
#1597=AXIS2_PLACEMENT_3D('',#2757,#1967,#1968);
#1598=AXIS2_PLACEMENT_3D('',#2758,#1969,#1970);
#1599=AXIS2_PLACEMENT_3D('',#2759,#1971,#1972);
#1600=AXIS2_PLACEMENT_3D('',#2760,#1973,#1974);
#1601=AXIS2_PLACEMENT_3D('',#2761,#1975,#1976);
#1602=AXIS2_PLACEMENT_3D('',#2763,#1977,#1978);
#1603=AXIS2_PLACEMENT_3D('',#2766,#1980,#1981);
#1604=AXIS2_PLACEMENT_3D('',#2768,#1982,#1983);
#1605=AXIS2_PLACEMENT_3D('',#2770,#1985,#1986);
#1606=AXIS2_PLACEMENT_3D('',#2772,#1987,#1988);
#1607=AXIS2_PLACEMENT_3D('',#2775,#1990,#1991);
#1608=AXIS2_PLACEMENT_3D('',#2777,#1992,#1993);
#1609=AXIS2_PLACEMENT_3D('',#2779,#1995,#1996);
#1610=AXIS2_PLACEMENT_3D('',#2782,#1999,#2000);
#1611=AXIS2_PLACEMENT_3D('',#2784,#2002,#2003);
#1612=AXIS2_PLACEMENT_3D('',#2786,#2005,#2006);
#1613=AXIS2_PLACEMENT_3D('',#2788,#2008,#2009);
#1614=AXIS2_PLACEMENT_3D('',#2790,#2011,#2012);
#1615=AXIS2_PLACEMENT_3D('',#2792,#2014,#2015);
#1616=AXIS2_PLACEMENT_3D('',#2794,#2017,#2018);
#1617=AXIS2_PLACEMENT_3D('',#2795,#2019,#2020);
#1618=AXIS2_PLACEMENT_3D('',#2797,#2021,#2022);
#1619=AXIS2_PLACEMENT_3D('',#2799,#2024,#2025);
#1620=AXIS2_PLACEMENT_3D('',#2802,#2027,#2028);
#1621=AXIS2_PLACEMENT_3D('',#2803,#2029,#2030);
#1622=AXIS2_PLACEMENT_3D('',#2806,#2032,#2033);
#1623=AXIS2_PLACEMENT_3D('',#2807,#2034,#2035);
#1624=AXIS2_PLACEMENT_3D('',#2809,#2036,#2037);
#1625=AXIS2_PLACEMENT_3D('',#2811,#2039,#2040);
#1626=AXIS2_PLACEMENT_3D('',#2813,#2041,#2042);
#1627=AXIS2_PLACEMENT_3D('',#2815,#2044,#2045);
#1628=AXIS2_PLACEMENT_3D('',#2818,#2047,#2048);
#1629=AXIS2_PLACEMENT_3D('',#2819,#2049,#2050);
#1630=AXIS2_PLACEMENT_3D('',#2821,#2052,#2053);
#1631=AXIS2_PLACEMENT_3D('',#2822,#2054,#2055);
#1632=AXIS2_PLACEMENT_3D('',#2824,#2057,#2058);
#1633=AXIS2_PLACEMENT_3D('',#2825,#2059,#2060);
#1634=AXIS2_PLACEMENT_3D('',#2827,#2061,#2062);
#1635=AXIS2_PLACEMENT_3D('',#2829,#2064,#2065);
#1636=AXIS2_PLACEMENT_3D('',#2831,#2066,#2067);
#1637=AXIS2_PLACEMENT_3D('',#2833,#2069,#2070);
#1638=AXIS2_PLACEMENT_3D('',#2836,#2072,#2073);
#1639=AXIS2_PLACEMENT_3D('',#2837,#2074,#2075);
#1640=AXIS2_PLACEMENT_3D('',#2843,#2079,#2080);
#1641=AXIS2_PLACEMENT_3D('',#2844,#2081,#2082);
#1642=AXIS2_PLACEMENT_3D('',#2845,#2083,#2084);
#1643=AXIS2_PLACEMENT_3D('',#2846,#2085,#2086);
#1644=AXIS2_PLACEMENT_3D('',#2847,#2087,#2088);
#1645=AXIS2_PLACEMENT_3D('',#2851,#2091,#2092);
#1646=AXIS2_PLACEMENT_3D('',#2852,#2093,#2094);
#1647=AXIS2_PLACEMENT_3D('',#2853,#2095,#2096);
#1648=AXIS2_PLACEMENT_3D('',#2854,#2097,#2098);
#1649=DIRECTION('axis',(0.,0.,1.));
#1650=DIRECTION('refdir',(1.,0.,0.));
#1651=DIRECTION('axis',(0.,0.,1.));
#1652=DIRECTION('refdir',(1.,0.,0.));
#1653=DIRECTION('center_axis',(0.,0.,1.));
#1654=DIRECTION('ref_axis',(1.,0.,0.));
#1655=DIRECTION('center_axis',(0.,0.,-1.));
#1656=DIRECTION('ref_axis',(1.,0.,0.));
#1657=DIRECTION('',(0.70710678118654,8.65956056235484E-17,-0.707106781186555));
#1658=DIRECTION('center_axis',(0.,0.,1.));
#1659=DIRECTION('ref_axis',(1.,0.,0.));
#1660=DIRECTION('center_axis',(0.,0.,1.));
#1661=DIRECTION('ref_axis',(1.,0.,0.));
#1662=DIRECTION('center_axis',(0.,0.,1.));
#1663=DIRECTION('ref_axis',(1.,0.,0.));
#1664=DIRECTION('',(0.,0.,-1.));
#1665=DIRECTION('center_axis',(-4.72435329627726E-16,0.,-1.));
#1666=DIRECTION('ref_axis',(1.,0.,0.));
#1667=DIRECTION('',(0.,0.,1.));
#1668=DIRECTION('center_axis',(4.72435329627726E-16,0.,1.));
#1669=DIRECTION('ref_axis',(1.,0.,0.));
#1670=DIRECTION('',(0.,0.,-1.));
#1671=DIRECTION('center_axis',(0.,0.,1.));
#1672=DIRECTION('ref_axis',(1.,0.,0.));
#1673=DIRECTION('center_axis',(0.,0.,-1.));
#1674=DIRECTION('ref_axis',(1.,0.,0.));
#1675=DIRECTION('center_axis',(0.,0.,-1.));
#1676=DIRECTION('ref_axis',(1.,0.,0.));
#1677=DIRECTION('',(-0.707106781186548,-8.65956056235493E-17,-0.707106781186548));
#1678=DIRECTION('center_axis',(0.,0.,1.));
#1679=DIRECTION('ref_axis',(1.,0.,0.));
#1680=DIRECTION('center_axis',(0.,0.,1.));
#1681=DIRECTION('ref_axis',(1.,0.,0.));
#1682=DIRECTION('center_axis',(0.,0.,1.));
#1683=DIRECTION('ref_axis',(1.,0.,0.));
#1684=DIRECTION('',(0.707106781186548,8.65956056235493E-17,-0.707106781186548));
#1685=DIRECTION('center_axis',(0.,0.,-1.));
#1686=DIRECTION('ref_axis',(1.,0.,0.));
#1687=DIRECTION('center_axis',(0.,0.,1.));
#1688=DIRECTION('ref_axis',(1.,0.,0.));
#1689=DIRECTION('',(0.,0.,-1.));
#1690=DIRECTION('center_axis',(0.,0.,-1.));
#1691=DIRECTION('ref_axis',(1.,0.,0.));
#1692=DIRECTION('center_axis',(0.,0.,1.));
#1693=DIRECTION('ref_axis',(6.12323399573677E-17,1.,0.));
#1694=DIRECTION('center_axis',(0.,0.,1.));
#1695=DIRECTION('ref_axis',(1.,0.,0.));
#1696=DIRECTION('center_axis',(0.,0.,-1.));
#1697=DIRECTION('ref_axis',(1.,0.,0.));
#1698=DIRECTION('center_axis',(0.,0.,1.));
#1699=DIRECTION('ref_axis',(1.,0.,0.));
#1700=DIRECTION('center_axis',(0.,0.,-1.));
#1701=DIRECTION('ref_axis',(1.,0.,0.));
#1702=DIRECTION('center_axis',(0.,0.,1.));
#1703=DIRECTION('ref_axis',(1.,0.,0.));
#1704=DIRECTION('center_axis',(0.,0.,-1.));
#1705=DIRECTION('ref_axis',(1.,0.,0.));
#1706=DIRECTION('',(0.857167300702112,-1.04972719113862E-16,-0.515038074910054));
#1707=DIRECTION('center_axis',(0.,0.,-1.));
#1708=DIRECTION('ref_axis',(1.,0.,0.));
#1709=DIRECTION('center_axis',(0.,0.,-1.));
#1710=DIRECTION('ref_axis',(1.,0.,0.));
#1711=DIRECTION('',(0.,0.,-1.));
#1712=DIRECTION('center_axis',(0.,0.,1.));
#1713=DIRECTION('ref_axis',(1.,0.,0.));
#1714=DIRECTION('center_axis',(0.,0.,-1.));
#1715=DIRECTION('ref_axis',(1.,0.,0.));
#1716=DIRECTION('',(0.857167300702112,-1.04972719113862E-16,-0.515038074910054));
#1717=DIRECTION('center_axis',(0.,0.,-1.));
#1718=DIRECTION('ref_axis',(1.,0.,0.));
#1719=DIRECTION('center_axis',(0.,0.,-1.));
#1720=DIRECTION('ref_axis',(1.,0.,0.));
#1721=DIRECTION('',(0.,0.,-1.));
#1722=DIRECTION('center_axis',(-0.5,-0.866025403784438,0.));
#1723=DIRECTION('ref_axis',(0.866025403784438,-0.5,0.));
#1724=DIRECTION('',(-0.5,-0.866025403784438,0.));
#1725=DIRECTION('center_axis',(0.,0.,-1.));
#1726=DIRECTION('ref_axis',(0.44010602667394,0.897945814225601,0.));
#1727=DIRECTION('',(0.,0.,1.));
#1728=DIRECTION('center_axis',(0.,0.,1.));
#1729=DIRECTION('ref_axis',(0.44010602667394,0.897945814225601,0.));
#1730=DIRECTION('',(0.,0.,1.));
#1731=DIRECTION('center_axis',(0.,0.,1.));
#1732=DIRECTION('ref_axis',(0.44010602667394,0.897945814225601,0.));
#1733=DIRECTION('',(0.,0.,1.));
#1734=DIRECTION('center_axis',(0.,0.,1.));
#1735=DIRECTION('ref_axis',(6.12323399573676E-17,1.,0.));
#1736=DIRECTION('',(0.,0.,1.));
#1737=DIRECTION('center_axis',(0.,0.,-1.));
#1738=DIRECTION('ref_axis',(1.,0.,0.));
#1739=DIRECTION('',(0.,0.,1.));
#1740=DIRECTION('center_axis',(0.,0.,1.));
#1741=DIRECTION('ref_axis',(1.,0.,0.));
#1742=DIRECTION('',(0.,0.,-1.));
#1743=DIRECTION('center_axis',(0.,0.,-1.));
#1744=DIRECTION('ref_axis',(1.,0.,0.));
#1745=DIRECTION('',(0.,0.,1.));
#1746=DIRECTION('center_axis',(0.,0.,1.));
#1747=DIRECTION('ref_axis',(1.,0.,0.));
#1748=DIRECTION('',(0.,0.,-1.));
#1749=DIRECTION('center_axis',(0.,0.,-1.));
#1750=DIRECTION('ref_axis',(1.,0.,0.));
#1751=DIRECTION('',(0.,0.,1.));
#1752=DIRECTION('center_axis',(-4.72435329627726E-16,0.,-1.));
#1753=DIRECTION('ref_axis',(1.,0.,0.));
#1754=DIRECTION('',(0.,0.,-1.));
#1755=DIRECTION('center_axis',(0.,0.,-1.));
#1756=DIRECTION('ref_axis',(1.,0.,0.));
#1757=DIRECTION('',(0.,0.,-1.));
#1758=DIRECTION('center_axis',(0.,0.,-1.));
#1759=DIRECTION('ref_axis',(1.,0.,0.));
#1760=DIRECTION('',(0.,0.,1.));
#1761=DIRECTION('',(0.,0.,1.));
#1762=DIRECTION('center_axis',(0.,0.,1.));
#1763=DIRECTION('ref_axis',(1.,0.,0.));
#1764=DIRECTION('',(0.,0.,-1.));
#1765=DIRECTION('center_axis',(0.,0.,-1.));
#1766=DIRECTION('ref_axis',(1.,0.,0.));
#1767=DIRECTION('',(0.,0.,1.));
#1768=DIRECTION('',(0.,0.,1.));
#1769=DIRECTION('center_axis',(0.,0.,1.));
#1770=DIRECTION('ref_axis',(1.,0.,0.));
#1771=DIRECTION('',(0.,0.,-1.));
#1772=DIRECTION('center_axis',(0.,0.,-1.));
#1773=DIRECTION('ref_axis',(1.,0.,0.));
#1774=DIRECTION('',(0.,0.,1.));
#1775=DIRECTION('center_axis',(0.,0.,1.));
#1776=DIRECTION('ref_axis',(1.,0.,0.));
#1777=DIRECTION('',(0.,0.,-1.));
#1778=DIRECTION('center_axis',(0.,0.,-1.));
#1779=DIRECTION('ref_axis',(1.,0.,0.));
#1780=DIRECTION('',(0.,0.,1.));
#1781=DIRECTION('center_axis',(0.,0.,1.));
#1782=DIRECTION('ref_axis',(1.,0.,0.));
#1783=DIRECTION('center_axis',(0.,0.,1.));
#1784=DIRECTION('ref_axis',(1.,0.,0.));
#1785=DIRECTION('',(0.,0.,-1.));
#1786=DIRECTION('center_axis',(-0.866025403784439,-0.5,0.));
#1787=DIRECTION('ref_axis',(0.5,-0.866025403784439,0.));
#1788=DIRECTION('',(-0.866025403784439,-0.5,0.));
#1789=DIRECTION('center_axis',(0.,0.,-1.));
#1790=DIRECTION('ref_axis',(0.830115906571065,0.557590873004302,0.));
#1791=DIRECTION('center_axis',(0.,0.,1.));
#1792=DIRECTION('ref_axis',(0.830115906571065,0.557590873004302,0.));
#1793=DIRECTION('',(0.,0.,1.));
#1794=DIRECTION('center_axis',(0.,0.,1.));
#1795=DIRECTION('ref_axis',(0.830115906571065,0.557590873004302,0.));
#1796=DIRECTION('center_axis',(-1.,0.,0.));
#1797=DIRECTION('ref_axis',(0.,1.,0.));
#1798=DIRECTION('',(-1.,0.,0.));
#1799=DIRECTION('center_axis',(0.,0.,1.));
#1800=DIRECTION('ref_axis',(-0.889686022092162,-0.456572866138392,0.));
#1801=DIRECTION('center_axis',(0.,0.,-1.));
#1802=DIRECTION('ref_axis',(-0.889686022092162,-0.456572866138392,0.));
#1803=DIRECTION('',(0.,0.,-1.));
#1804=DIRECTION('center_axis',(0.,0.,-1.));
#1805=DIRECTION('ref_axis',(-0.889686022092162,-0.456572866138392,0.));
#1806=DIRECTION('',(0.,0.,1.));
#1807=DIRECTION('center_axis',(0.,0.,-1.));
#1808=DIRECTION('ref_axis',(0.997696899678242,0.0678299076545361,0.));
#1809=DIRECTION('center_axis',(0.,0.,1.));
#1810=DIRECTION('ref_axis',(0.997696899678242,0.0678299076545361,0.));
#1811=DIRECTION('center_axis',(0.,0.,1.));
#1812=DIRECTION('ref_axis',(0.997696899678242,0.0678299076545361,0.));
#1813=DIRECTION('center_axis',(0.,0.,1.));
#1814=DIRECTION('ref_axis',(-0.54220426345454,-0.8402467118006,0.));
#1815=DIRECTION('center_axis',(0.,0.,-1.));
#1816=DIRECTION('ref_axis',(-0.54220426345454,-0.8402467118006,0.));
#1817=DIRECTION('',(0.,0.,-1.));
#1818=DIRECTION('center_axis',(0.,0.,-1.));
#1819=DIRECTION('ref_axis',(-0.54220426345454,-0.8402467118006,0.));
#1820=DIRECTION('center_axis',(0.,0.,1.));
#1821=DIRECTION('ref_axis',(1.,0.,0.));
#1822=DIRECTION('center_axis',(0.,0.,1.));
#1823=DIRECTION('ref_axis',(0.557590873004301,0.830115906571065,0.));
#1824=DIRECTION('center_axis',(0.,0.,-1.));
#1825=DIRECTION('ref_axis',(-0.840246711800601,-0.542204263454538,0.));
#1826=DIRECTION('center_axis',(0.,0.,-1.));
#1827=DIRECTION('ref_axis',(-1.,0.,0.));
#1828=DIRECTION('center_axis',(0.,0.,1.));
#1829=DIRECTION('ref_axis',(-0.049439310291561,-0.998777129592931,0.));
#1830=DIRECTION('center_axis',(0.,0.,-1.));
#1831=DIRECTION('ref_axis',(-0.049439310291561,-0.998777129592931,0.));
#1832=DIRECTION('',(0.,0.,-1.));
#1833=DIRECTION('center_axis',(0.,0.,-1.));
#1834=DIRECTION('ref_axis',(-0.049439310291561,-0.998777129592931,0.));
#1835=DIRECTION('center_axis',(0.,0.,1.));
#1836=DIRECTION('ref_axis',(-0.532376714607272,-0.846507550907827,0.));
#1837=DIRECTION('center_axis',(0.,0.,-1.));
#1838=DIRECTION('ref_axis',(-0.532376714607272,-0.846507550907827,0.));
#1839=DIRECTION('',(0.,0.,-1.));
#1840=DIRECTION('center_axis',(0.,0.,-1.));
#1841=DIRECTION('ref_axis',(-0.532376714607272,-0.846507550907827,0.));
#1842=DIRECTION('',(0.,0.,1.));
#1843=DIRECTION('center_axis',(0.,0.,1.));
#1844=DIRECTION('ref_axis',(-1.,0.,0.));
#1845=DIRECTION('center_axis',(0.,0.,-1.));
#1846=DIRECTION('ref_axis',(-1.,0.,0.));
#1847=DIRECTION('center_axis',(0.,0.,1.));
#1848=DIRECTION('ref_axis',(-1.,0.,0.));
#1849=DIRECTION('center_axis',(0.,0.,1.));
#1850=DIRECTION('ref_axis',(0.53237671460727,-0.846507550907828,0.));
#1851=DIRECTION('center_axis',(0.,0.,-1.));
#1852=DIRECTION('ref_axis',(0.53237671460727,-0.846507550907828,0.));
#1853=DIRECTION('',(0.,0.,-1.));
#1854=DIRECTION('center_axis',(0.,0.,-1.));
#1855=DIRECTION('ref_axis',(0.53237671460727,-0.846507550907828,0.));
#1856=DIRECTION('',(0.,0.,1.));
#1857=DIRECTION('center_axis',(0.,0.,-1.));
#1858=DIRECTION('ref_axis',(-0.154526808705995,0.987988595779901,0.));
#1859=DIRECTION('center_axis',(0.,0.,1.));
#1860=DIRECTION('ref_axis',(-0.154526808705995,0.987988595779901,0.));
#1861=DIRECTION('',(0.,0.,1.));
#1862=DIRECTION('center_axis',(4.72435329627726E-16,0.,1.));
#1863=DIRECTION('ref_axis',(-0.154526808705995,0.987988595779901,0.));
#1864=DIRECTION('',(0.,0.,1.));
#1865=DIRECTION('center_axis',(-4.72435329627726E-16,0.,-1.));
#1866=DIRECTION('ref_axis',(-0.154526808705995,0.987988595779901,0.));
#1867=DIRECTION('center_axis',(0.,0.,1.));
#1868=DIRECTION('ref_axis',(-0.154526808705995,0.987988595779901,0.));
#1869=DIRECTION('center_axis',(0.,0.,1.));
#1870=DIRECTION('ref_axis',(-0.934438358645134,0.356124913327597,0.));
#1871=DIRECTION('center_axis',(0.,0.,1.));
#1872=DIRECTION('ref_axis',(-0.934438358645134,0.356124913327597,0.));
#1873=DIRECTION('',(0.,0.,1.));
#1874=DIRECTION('center_axis',(0.,0.,1.));
#1875=DIRECTION('ref_axis',(-0.934438358645134,0.356124913327597,0.));
#1876=DIRECTION('center_axis',(0.,0.,-1.));
#1877=DIRECTION('ref_axis',(0.983744940727993,-0.179571410842808,0.));
#1878=DIRECTION('center_axis',(0.,0.,-1.));
#1879=DIRECTION('ref_axis',(0.983744940727993,-0.179571410842808,0.));
#1880=DIRECTION('',(0.,0.,1.));
#1881=DIRECTION('center_axis',(0.,0.,-1.));
#1882=DIRECTION('ref_axis',(0.983744940727993,-0.179571410842808,0.));
#1883=DIRECTION('center_axis',(0.,0.,1.));
#1884=DIRECTION('ref_axis',(-1.,0.,0.));
#1885=DIRECTION('center_axis',(0.,0.,-1.));
#1886=DIRECTION('ref_axis',(-1.,0.,0.));
#1887=DIRECTION('center_axis',(0.,0.,1.));
#1888=DIRECTION('ref_axis',(-1.,0.,0.));
#1889=DIRECTION('center_axis',(0.,0.,1.));
#1890=DIRECTION('ref_axis',(0.997393652778897,0.0721519327278861,0.));
#1891=DIRECTION('center_axis',(0.,0.,1.));
#1892=DIRECTION('ref_axis',(0.997393652778897,0.0721519327278861,0.));
#1893=DIRECTION('',(0.,0.,1.));
#1894=DIRECTION('center_axis',(0.,0.,1.));
#1895=DIRECTION('ref_axis',(0.997393652778897,0.0721519327278861,0.));
#1896=DIRECTION('center_axis',(0.,0.,-1.));
#1897=DIRECTION('ref_axis',(-0.967465857748401,-0.253001608870678,0.));
#1898=DIRECTION('center_axis',(0.,0.,-1.));
#1899=DIRECTION('ref_axis',(-0.967465857748401,-0.253001608870678,0.));
#1900=DIRECTION('',(0.,0.,1.));
#1901=DIRECTION('center_axis',(0.,0.,-1.));
#1902=DIRECTION('ref_axis',(-0.967465857748401,-0.253001608870678,0.));
#1903=DIRECTION('center_axis',(0.,0.,1.));
#1904=DIRECTION('ref_axis',(-1.,0.,0.));
#1905=DIRECTION('center_axis',(0.,0.,-1.));
#1906=DIRECTION('ref_axis',(-1.,0.,0.));
#1907=DIRECTION('center_axis',(0.,0.,1.));
#1908=DIRECTION('ref_axis',(-1.,0.,0.));
#1909=DIRECTION('center_axis',(0.,0.,1.));
#1910=DIRECTION('ref_axis',(-0.840246711800601,-0.542204263454538,0.));
#1911=DIRECTION('',(0.,0.,-1.));
#1912=DIRECTION('center_axis',(0.,0.,-1.));
#1913=DIRECTION('ref_axis',(-0.840246711800601,-0.542204263454538,0.));
#1914=DIRECTION('',(0.,0.,1.));
#1915=DIRECTION('center_axis',(0.,0.,1.));
#1916=DIRECTION('ref_axis',(-1.,0.,0.));
#1917=DIRECTION('center_axis',(0.,0.,1.));
#1918=DIRECTION('ref_axis',(-1.,0.,0.));
#1919=DIRECTION('center_axis',(0.,0.,1.));
#1920=DIRECTION('ref_axis',(0.557590873004301,0.830115906571065,0.));
#1921=DIRECTION('center_axis',(0.,0.,1.));
#1922=DIRECTION('ref_axis',(0.557590873004301,0.830115906571065,0.));
#1923=DIRECTION('center_axis',(0.,0.,1.));
#1924=DIRECTION('ref_axis',(1.,0.,0.));
#1925=DIRECTION('center_axis',(0.,0.,1.));
#1926=DIRECTION('ref_axis',(-0.680073524204273,-0.73314391607404,0.));
#1927=DIRECTION('',(1.,0.,0.));
#1928=DIRECTION('center_axis',(0.,0.,-1.));
#1929=DIRECTION('ref_axis',(-1.,0.,0.));
#1930=DIRECTION('center_axis',(0.,0.,1.));
#1931=DIRECTION('ref_axis',(0.809865097455877,0.586616164048334,0.));
#1932=DIRECTION('center_axis',(0.,0.,1.));
#1933=DIRECTION('ref_axis',(0.0954502655218774,-0.995434200141729,0.));
#1934=DIRECTION('center_axis',(0.,0.,-1.));
#1935=DIRECTION('ref_axis',(-0.70312243118252,0.71106880593089,0.));
#1936=DIRECTION('',(1.,-2.25569946567377E-16,0.));
#1937=DIRECTION('center_axis',(0.,0.,1.));
#1938=DIRECTION('ref_axis',(1.,0.,0.));
#1939=DIRECTION('',(1.,2.04874333993603E-16,0.));
#1940=DIRECTION('center_axis',(0.,0.,-1.));
#1941=DIRECTION('ref_axis',(0.932330552459718,0.361607163853478,0.));
#1942=DIRECTION('center_axis',(0.,0.,1.));
#1943=DIRECTION('ref_axis',(-0.0954502655218762,-0.995434200141729,0.));
#1944=DIRECTION('center_axis',(0.,0.,1.));
#1945=DIRECTION('ref_axis',(-0.809865097455876,0.586616164048336,0.));
#1946=DIRECTION('center_axis',(0.,0.,-1.));
#1947=DIRECTION('ref_axis',(-1.,0.,0.));
#1948=DIRECTION('',(1.,1.56128117155068E-16,0.));
#1949=DIRECTION('center_axis',(0.,0.,1.));
#1950=DIRECTION('ref_axis',(0.680073525436773,-0.733143914930758,0.));
#1951=DIRECTION('center_axis',(0.,0.,1.));
#1952=DIRECTION('ref_axis',(0.154526808705995,0.987988595779901,0.));
#1953=DIRECTION('center_axis',(0.,0.,1.));
#1954=DIRECTION('ref_axis',(1.,0.,0.));
#1955=DIRECTION('center_axis',(0.,0.,1.));
#1956=DIRECTION('ref_axis',(0.154526808705995,0.987988595779901,0.));
#1957=DIRECTION('center_axis',(0.,0.,1.));
#1958=DIRECTION('ref_axis',(0.154526808705995,0.987988595779901,0.));
#1959=DIRECTION('center_axis',(-4.72435329627726E-16,0.,-1.));
#1960=DIRECTION('ref_axis',(0.154526808705995,0.987988595779901,0.));
#1961=DIRECTION('',(0.,0.,-1.));
#1962=DIRECTION('center_axis',(4.72435329627726E-16,0.,1.));
#1963=DIRECTION('ref_axis',(0.154526808705995,0.987988595779901,0.));
#1964=DIRECTION('',(0.,0.,-1.));
#1965=DIRECTION('center_axis',(0.,0.,1.));
#1966=DIRECTION('ref_axis',(1.,0.,0.));
#1967=DIRECTION('center_axis',(4.72435329627726E-16,0.,1.));
#1968=DIRECTION('ref_axis',(1.,0.,0.));
#1969=DIRECTION('center_axis',(0.,0.,1.));
#1970=DIRECTION('ref_axis',(1.,0.,0.));
#1971=DIRECTION('center_axis',(0.,0.,1.));
#1972=DIRECTION('ref_axis',(1.,0.,0.));
#1973=DIRECTION('center_axis',(0.,0.,1.));
#1974=DIRECTION('ref_axis',(1.,0.,0.));
#1975=DIRECTION('center_axis',(0.,0.,1.));
#1976=DIRECTION('ref_axis',(1.,0.,0.));
#1977=DIRECTION('center_axis',(0.,0.,-1.));
#1978=DIRECTION('ref_axis',(1.,0.,0.));
#1979=DIRECTION('',(0.857167300702112,-1.04972719113862E-16,-0.515038074910054));
#1980=DIRECTION('center_axis',(0.,0.,-1.));
#1981=DIRECTION('ref_axis',(1.,0.,0.));
#1982=DIRECTION('center_axis',(0.,0.,-1.));
#1983=DIRECTION('ref_axis',(1.,0.,0.));
#1984=DIRECTION('',(0.,0.,-1.));
#1985=DIRECTION('center_axis',(0.,0.,1.));
#1986=DIRECTION('ref_axis',(1.,0.,0.));
#1987=DIRECTION('center_axis',(0.,0.,-1.));
#1988=DIRECTION('ref_axis',(1.,0.,0.));
#1989=DIRECTION('',(0.857167300702112,-1.04972719113862E-16,-0.515038074910054));
#1990=DIRECTION('center_axis',(0.,0.,-1.));
#1991=DIRECTION('ref_axis',(1.,0.,0.));
#1992=DIRECTION('center_axis',(0.,0.,-1.));
#1993=DIRECTION('ref_axis',(1.,0.,0.));
#1994=DIRECTION('',(0.,0.,-1.));
#1995=DIRECTION('center_axis',(0.,-1.,0.));
#1996=DIRECTION('ref_axis',(-0.707106781186548,0.,-0.707106781186547));
#1997=DIRECTION('',(0.,-1.,0.));
#1998=DIRECTION('',(0.,1.,0.));
#1999=DIRECTION('center_axis',(-1.,0.,0.));
#2000=DIRECTION('ref_axis',(0.,0.,-1.));
#2001=DIRECTION('',(0.,1.,0.));
#2002=DIRECTION('center_axis',(0.,-1.,0.));
#2003=DIRECTION('ref_axis',(-0.707106781186548,0.,0.707106781186548));
#2004=DIRECTION('',(0.,-1.,0.));
#2005=DIRECTION('center_axis',(4.72435329627726E-16,0.,1.));
#2006=DIRECTION('ref_axis',(-1.,0.,4.72435329627726E-16));
#2007=DIRECTION('',(0.,1.,0.));
#2008=DIRECTION('center_axis',(0.,-1.,0.));
#2009=DIRECTION('ref_axis',(0.707106781186548,0.,0.707106781186547));
#2010=DIRECTION('',(0.,-1.,0.));
#2011=DIRECTION('center_axis',(1.,0.,-6.16790569236198E-16));
#2012=DIRECTION('ref_axis',(6.16790569236198E-16,0.,1.));
#2013=DIRECTION('',(0.,1.,0.));
#2014=DIRECTION('center_axis',(0.,-1.,0.));
#2015=DIRECTION('ref_axis',(0.707106781186546,0.,-0.707106781186549));
#2016=DIRECTION('',(0.,-1.,0.));
#2017=DIRECTION('center_axis',(-4.72435329627726E-16,0.,-1.));
#2018=DIRECTION('ref_axis',(1.,0.,-4.72435329627726E-16));
#2019=DIRECTION('center_axis',(0.,0.,-1.));
#2020=DIRECTION('ref_axis',(-0.680073524204273,-0.73314391607404,0.));
#2021=DIRECTION('center_axis',(0.,0.,1.));
#2022=DIRECTION('ref_axis',(-0.680073524204273,-0.73314391607404,0.));
#2023=DIRECTION('',(0.,0.,-1.));
#2024=DIRECTION('center_axis',(0.,0.,-1.));
#2025=DIRECTION('ref_axis',(0.809865097455877,0.586616164048334,0.));
#2026=DIRECTION('',(0.,0.,1.));
#2027=DIRECTION('center_axis',(0.,0.,1.));
#2028=DIRECTION('ref_axis',(0.809865097455877,0.586616164048334,0.));
#2029=DIRECTION('center_axis',(0.,0.,1.));
#2030=DIRECTION('ref_axis',(0.964474560839143,0.264175739791039,0.));
#2031=DIRECTION('',(0.,0.,1.));
#2032=DIRECTION('center_axis',(0.,0.,1.));
#2033=DIRECTION('ref_axis',(-1.,0.,0.));
#2034=DIRECTION('center_axis',(0.,0.,1.));
#2035=DIRECTION('ref_axis',(-0.809865097455876,0.586616164048336,0.));
#2036=DIRECTION('center_axis',(0.,0.,1.));
#2037=DIRECTION('ref_axis',(-0.809865097455876,0.586616164048336,0.));
#2038=DIRECTION('',(0.,0.,-1.));
#2039=DIRECTION('center_axis',(0.,0.,1.));
#2040=DIRECTION('ref_axis',(-1.,0.,0.));
#2041=DIRECTION('center_axis',(0.,0.,1.));
#2042=DIRECTION('ref_axis',(-1.,0.,0.));
#2043=DIRECTION('',(0.,0.,1.));
#2044=DIRECTION('center_axis',(0.,0.,1.));
#2045=DIRECTION('ref_axis',(0.680073525436773,-0.733143914930758,0.));
#2046=DIRECTION('',(0.,0.,1.));
#2047=DIRECTION('center_axis',(0.,0.,1.));
#2048=DIRECTION('ref_axis',(0.680073525436773,-0.733143914930758,0.));
#2049=DIRECTION('center_axis',(-1.56128117155068E-16,1.,0.));
#2050=DIRECTION('ref_axis',(-1.,-1.56128117155068E-16,0.));
#2051=DIRECTION('',(-1.,-1.56128117155068E-16,0.));
#2052=DIRECTION('center_axis',(0.,0.,1.));
#2053=DIRECTION('ref_axis',(-1.,0.,0.));
#2054=DIRECTION('center_axis',(0.,1.,0.));
#2055=DIRECTION('ref_axis',(-1.,0.,2.34192195262417E-16));
#2056=DIRECTION('',(-1.,0.,2.34192195262417E-16));
#2057=DIRECTION('center_axis',(0.,0.,1.));
#2058=DIRECTION('ref_axis',(-1.,0.,0.));
#2059=DIRECTION('center_axis',(0.,0.,-1.));
#2060=DIRECTION('ref_axis',(0.0954502655218774,-0.995434200141729,0.));
#2061=DIRECTION('center_axis',(0.,0.,1.));
#2062=DIRECTION('ref_axis',(0.0954502655218774,-0.995434200141729,0.));
#2063=DIRECTION('',(0.,0.,-1.));
#2064=DIRECTION('center_axis',(0.,0.,1.));
#2065=DIRECTION('ref_axis',(-0.70312243118252,0.71106880593089,0.));
#2066=DIRECTION('center_axis',(0.,0.,1.));
#2067=DIRECTION('ref_axis',(-0.70312243118252,0.71106880593089,0.));
#2068=DIRECTION('',(0.,0.,1.));
#2069=DIRECTION('center_axis',(0.,0.,1.));
#2070=DIRECTION('ref_axis',(-0.0954502655218762,-0.995434200141729,0.));
#2071=DIRECTION('',(0.,0.,1.));
#2072=DIRECTION('center_axis',(0.,0.,1.));
#2073=DIRECTION('ref_axis',(-0.0954502655218762,-0.995434200141729,0.));
#2074=DIRECTION('center_axis',(-2.04874333993603E-16,1.,0.));
#2075=DIRECTION('ref_axis',(-1.,-2.04874333993603E-16,0.));
#2076=DIRECTION('',(0.,0.,1.));
#2077=DIRECTION('',(-1.,-2.04874333993603E-16,0.));
#2078=DIRECTION('',(0.,0.,1.));
#2079=DIRECTION('center_axis',(0.,0.,1.));
#2080=DIRECTION('ref_axis',(0.932330552459718,0.361607163853478,0.));
#2081=DIRECTION('center_axis',(0.,0.,1.));
#2082=DIRECTION('ref_axis',(0.932330552459718,0.361607163853478,0.));
#2083=DIRECTION('center_axis',(0.,0.,1.));
#2084=DIRECTION('ref_axis',(-1.,0.,0.));
#2085=DIRECTION('center_axis',(0.,0.,-1.));
#2086=DIRECTION('ref_axis',(-1.,0.,0.));
#2087=DIRECTION('center_axis',(2.25569946567377E-16,1.,0.));
#2088=DIRECTION('ref_axis',(-1.,2.25569946567377E-16,0.));
#2089=DIRECTION('',(-1.,2.25569946567377E-16,0.));
#2090=DIRECTION('',(0.,0.,1.));
#2091=DIRECTION('center_axis',(0.,0.,1.));
#2092=DIRECTION('ref_axis',(-1.,0.,0.));
#2093=DIRECTION('center_axis',(0.,0.,-1.));
#2094=DIRECTION('ref_axis',(-1.,0.,0.));
#2095=DIRECTION('center_axis',(0.,0.,1.));
#2096=DIRECTION('ref_axis',(6.12323399573676E-17,-1.,0.));
#2097=DIRECTION('',(0.,0.,1.));
#2098=DIRECTION('',(1.,0.,0.));
#2099=CARTESIAN_POINT('',(0.,0.,0.));
#2100=CARTESIAN_POINT('',(0.,0.,0.));
#2101=CARTESIAN_POINT('Origin',(0.,0.,0.05));
#2102=CARTESIAN_POINT('',(-25.,3.06161699786838E-15,0.1));
#2103=CARTESIAN_POINT('Origin',(0.,0.,0.1));
#2104=CARTESIAN_POINT('',(-24.9,-3.04937052987691E-15,0.));
#2105=CARTESIAN_POINT('',(-24.95,-3.05549376387265E-15,0.05));
#2106=CARTESIAN_POINT('Origin',(0.,0.,0.));
#2107=CARTESIAN_POINT('Origin',(0.,0.,0.));
#2108=CARTESIAN_POINT('',(-25.,-3.06161699786838E-15,23.4));
#2109=CARTESIAN_POINT('Origin',(0.,0.,23.4));
#2110=CARTESIAN_POINT('',(-25.,-3.06161699786838E-15,0.));
#2111=CARTESIAN_POINT('',(12.5,21.650635094611,13.6221242911535));
#2112=CARTESIAN_POINT('',(10.5007149085579,22.6877717374182,11.3721242911535));
#2113=CARTESIAN_POINT('Ctrl Pts',(12.5,21.650635094611,13.6221242911535));
#2114=CARTESIAN_POINT('Ctrl Pts',(12.2551929127101,21.7919745323573,13.6221242911535));
#2115=CARTESIAN_POINT('Ctrl Pts',(11.9915154520047,21.9381052726838,13.565599553479));
#2116=CARTESIAN_POINT('Ctrl Pts',(11.5019164433976,22.1987122131305,13.3359310852365));
#2117=CARTESIAN_POINT('Ctrl Pts',(11.2761196011463,22.3134300699002,13.1627958022472));
#2118=CARTESIAN_POINT('Ctrl Pts',(10.9175276766582,22.4910565414695,12.763432850264));
#2119=CARTESIAN_POINT('Ctrl Pts',(10.760801489007,22.5658686950056,12.5105283163774));
#2120=CARTESIAN_POINT('Ctrl Pts',(10.5523218575802,22.6641077941897,11.9562203196747));
#2121=CARTESIAN_POINT('Ctrl Pts',(10.5007149085579,22.6877717374182,11.6548037968023));
#2122=CARTESIAN_POINT('Ctrl Pts',(10.5007149085579,22.6877717374182,11.3721242911535));
#2123=CARTESIAN_POINT('',(12.5,21.650635094611,9.12212429115353));
#2124=CARTESIAN_POINT('Ctrl Pts',(10.5007149085579,22.6877717374182,11.3721242911535));
#2125=CARTESIAN_POINT('Ctrl Pts',(10.5007149085579,22.6877717374182,11.0894447855047));
#2126=CARTESIAN_POINT('Ctrl Pts',(10.5523218575802,22.6641077941897,10.7880282626324));
#2127=CARTESIAN_POINT('Ctrl Pts',(10.760801489007,22.5658686950056,10.2337202659297));
#2128=CARTESIAN_POINT('Ctrl Pts',(10.9175276766582,22.4910565414695,9.98081573204309));
#2129=CARTESIAN_POINT('Ctrl Pts',(11.2761196011463,22.3134300699002,9.58145278005984));
#2130=CARTESIAN_POINT('Ctrl Pts',(11.5019164433976,22.1987122131305,9.40831749707056));
#2131=CARTESIAN_POINT('Ctrl Pts',(11.9915154520047,21.9381052726838,9.17864902882807));
#2132=CARTESIAN_POINT('Ctrl Pts',(12.2551929127101,21.7919745323573,9.12212429115353));
#2133=CARTESIAN_POINT('Ctrl Pts',(12.5,21.650635094611,9.12212429115353));
#2134=CARTESIAN_POINT('Ctrl Pts',(12.5,21.650635094611,9.12212429115353));
#2135=CARTESIAN_POINT('Ctrl Pts',(12.7448070872899,21.5092956568646,9.12212429115353));
#2136=CARTESIAN_POINT('Ctrl Pts',(13.0031987510392,21.3540096476517,9.17864902882807));
#2137=CARTESIAN_POINT('Ctrl Pts',(13.4736904861721,21.0603079387536,9.40831749707056));
#2138=CARTESIAN_POINT('Ctrl Pts',(13.685937485528,20.9221210656544,9.58145278005984));
#2139=CARTESIAN_POINT('Ctrl Pts',(14.0190624845356,20.7003845852404,9.98081573204309));
#2140=CARTESIAN_POINT('Ctrl Pts',(14.1622148038354,20.6020618020643,10.2337202659297));
#2141=CARTESIAN_POINT('Ctrl Pts',(14.3515321750871,20.4706326946691,10.7880282626324));
#2142=CARTESIAN_POINT('Ctrl Pts',(14.3978292255878,20.4377717374182,11.0894447855047));
#2143=CARTESIAN_POINT('Ctrl Pts',(14.3978292255878,20.4377717374182,11.3721242911535));
#2144=CARTESIAN_POINT('Ctrl Pts',(14.3978292255878,20.4377717374182,11.6548037968023));
#2145=CARTESIAN_POINT('Ctrl Pts',(14.3515321750871,20.4706326946691,11.9562203196747));
#2146=CARTESIAN_POINT('Ctrl Pts',(14.1622148038354,20.6020618020643,12.5105283163774));
#2147=CARTESIAN_POINT('Ctrl Pts',(14.0190624845356,20.7003845852404,12.763432850264));
#2148=CARTESIAN_POINT('Ctrl Pts',(13.685937485528,20.9221210656544,13.1627958022472));
#2149=CARTESIAN_POINT('Ctrl Pts',(13.4736904861721,21.0603079387536,13.3359310852365));
#2150=CARTESIAN_POINT('Ctrl Pts',(13.0031987510392,21.3540096476517,13.565599553479));
#2151=CARTESIAN_POINT('Ctrl Pts',(12.7448070872899,21.5092956568646,13.6221242911535));
#2152=CARTESIAN_POINT('Ctrl Pts',(12.5,21.650635094611,13.6221242911535));
#2153=CARTESIAN_POINT('',(21.650635094611,12.5,13.6221242911535));
#2154=CARTESIAN_POINT('',(20.4377717374182,14.3978292255878,11.3721242911535));
#2155=CARTESIAN_POINT('Ctrl Pts',(21.650635094611,12.5,13.6221242911535));
#2156=CARTESIAN_POINT('Ctrl Pts',(21.5092956568646,12.7448070872899,13.6221242911535));
#2157=CARTESIAN_POINT('Ctrl Pts',(21.3540096476517,13.0031987510392,13.565599553479));
#2158=CARTESIAN_POINT('Ctrl Pts',(21.0603079387536,13.4736904861721,13.3359310852365));
#2159=CARTESIAN_POINT('Ctrl Pts',(20.9221210656544,13.685937485528,13.1627958022472));
#2160=CARTESIAN_POINT('Ctrl Pts',(20.7003845852405,14.0190624845356,12.763432850264));
#2161=CARTESIAN_POINT('Ctrl Pts',(20.6020618020643,14.1622148038354,12.5105283163774));
#2162=CARTESIAN_POINT('Ctrl Pts',(20.4706326946691,14.3515321750871,11.9562203196747));
#2163=CARTESIAN_POINT('Ctrl Pts',(20.4377717374182,14.3978292255878,11.6548037968023));
#2164=CARTESIAN_POINT('Ctrl Pts',(20.4377717374182,14.3978292255878,11.3721242911535));
#2165=CARTESIAN_POINT('',(21.650635094611,12.5,9.12212429115353));
#2166=CARTESIAN_POINT('Ctrl Pts',(20.4377717374182,14.3978292255878,11.3721242911535));
#2167=CARTESIAN_POINT('Ctrl Pts',(20.4377717374182,14.3978292255878,11.0894447855047));
#2168=CARTESIAN_POINT('Ctrl Pts',(20.4706326946691,14.3515321750871,10.7880282626324));
#2169=CARTESIAN_POINT('Ctrl Pts',(20.6020618020643,14.1622148038354,10.2337202659297));
#2170=CARTESIAN_POINT('Ctrl Pts',(20.7003845852405,14.0190624845356,9.98081573204309));
#2171=CARTESIAN_POINT('Ctrl Pts',(20.9221210656544,13.685937485528,9.58145278005984));
#2172=CARTESIAN_POINT('Ctrl Pts',(21.0603079387536,13.4736904861721,9.40831749707056));
#2173=CARTESIAN_POINT('Ctrl Pts',(21.3540096476517,13.0031987510392,9.17864902882807));
#2174=CARTESIAN_POINT('Ctrl Pts',(21.5092956568646,12.7448070872899,9.12212429115353));
#2175=CARTESIAN_POINT('Ctrl Pts',(21.650635094611,12.5,9.12212429115353));
#2176=CARTESIAN_POINT('Ctrl Pts',(21.650635094611,12.5,9.12212429115353));
#2177=CARTESIAN_POINT('Ctrl Pts',(21.7919745323573,12.2551929127101,9.12212429115353));
#2178=CARTESIAN_POINT('Ctrl Pts',(21.9381052726839,11.9915154520047,9.17864902882807));
#2179=CARTESIAN_POINT('Ctrl Pts',(22.1987122131305,11.5019164433976,9.40831749707056));
#2180=CARTESIAN_POINT('Ctrl Pts',(22.3134300699002,11.2761196011463,9.58145278005984));
#2181=CARTESIAN_POINT('Ctrl Pts',(22.4910565414695,10.9175276766582,9.98081573204309));
#2182=CARTESIAN_POINT('Ctrl Pts',(22.5658686950056,10.760801489007,10.2337202659297));
#2183=CARTESIAN_POINT('Ctrl Pts',(22.6641077941897,10.5523218575802,10.7880282626324));
#2184=CARTESIAN_POINT('Ctrl Pts',(22.6877717374182,10.5007149085578,11.0894447855047));
#2185=CARTESIAN_POINT('Ctrl Pts',(22.6877717374182,10.5007149085578,11.3721242911535));
#2186=CARTESIAN_POINT('Ctrl Pts',(22.6877717374182,10.5007149085578,11.6548037968023));
#2187=CARTESIAN_POINT('Ctrl Pts',(22.6641077941897,10.5523218575802,11.9562203196747));
#2188=CARTESIAN_POINT('Ctrl Pts',(22.5658686950056,10.760801489007,12.5105283163774));
#2189=CARTESIAN_POINT('Ctrl Pts',(22.4910565414695,10.9175276766582,12.763432850264));
#2190=CARTESIAN_POINT('Ctrl Pts',(22.3134300699002,11.2761196011463,13.1627958022472));
#2191=CARTESIAN_POINT('Ctrl Pts',(22.1987122131305,11.5019164433976,13.3359310852365));
#2192=CARTESIAN_POINT('Ctrl Pts',(21.9381052726839,11.9915154520047,13.565599553479));
#2193=CARTESIAN_POINT('Ctrl Pts',(21.7919745323573,12.2551929127101,13.6221242911535));
#2194=CARTESIAN_POINT('Ctrl Pts',(21.650635094611,12.5,13.6221242911535));
#2195=CARTESIAN_POINT('',(25.,-2.46519032881566E-30,13.6221242911535));
#2196=CARTESIAN_POINT('',(25.,-2.46519032881566E-30,9.12212429115353));
#2197=CARTESIAN_POINT('Ctrl Pts',(25.,-1.45716771982052E-15,13.6221242911535));
#2198=CARTESIAN_POINT('Ctrl Pts',(25.,0.282678875492731,13.6221242911535));
#2199=CARTESIAN_POINT('Ctrl Pts',(24.9947142030439,0.584095625032182,13.565599553479));
#2200=CARTESIAN_POINT('Ctrl Pts',(24.9756069295697,1.13840427437695,13.3359310852365));
#2201=CARTESIAN_POINT('Ctrl Pts',(24.9620570866743,1.39130900424577,13.1627958022472));
#2202=CARTESIAN_POINT('Ctrl Pts',(24.9365901611938,1.79067195622902,12.763432850264));
#2203=CARTESIAN_POINT('Ctrl Pts',(24.9230162928424,1.96380689294134,12.5105283163774));
#2204=CARTESIAN_POINT('Ctrl Pts',(24.9038540326673,2.19347509952063,11.9562203196747));
#2205=CARTESIAN_POINT('Ctrl Pts',(24.8985441341457,2.25,11.6548037968023));
#2206=CARTESIAN_POINT('Ctrl Pts',(24.8985441341457,2.25,11.0894447855047));
#2207=CARTESIAN_POINT('Ctrl Pts',(24.9038540326673,2.19347509952063,10.7880282626324));
#2208=CARTESIAN_POINT('Ctrl Pts',(24.9230162928424,1.96380689294134,10.2337202659297));
#2209=CARTESIAN_POINT('Ctrl Pts',(24.9365901611938,1.79067195622902,9.98081573204309));
#2210=CARTESIAN_POINT('Ctrl Pts',(24.9620570866743,1.39130900424577,9.58145278005984));
#2211=CARTESIAN_POINT('Ctrl Pts',(24.9756069295697,1.13840427437695,9.40831749707056));
#2212=CARTESIAN_POINT('Ctrl Pts',(24.9947142030439,0.584095625032183,9.17864902882807));
#2213=CARTESIAN_POINT('Ctrl Pts',(25.,0.282678875492731,9.12212429115353));
#2214=CARTESIAN_POINT('Ctrl Pts',(25.,-1.11022302462516E-15,9.12212429115353));
#2215=CARTESIAN_POINT('',(24.8985441341457,-2.25,11.3721242911535));
#2216=CARTESIAN_POINT('Ctrl Pts',(25.,-4.85722573273506E-16,9.12212429115353));
#2217=CARTESIAN_POINT('Ctrl Pts',(25.,-0.282678875492733,9.12212429115353));
#2218=CARTESIAN_POINT('Ctrl Pts',(24.9947142030439,-0.584095625032183,9.17864902882807));
#2219=CARTESIAN_POINT('Ctrl Pts',(24.9756069295697,-1.13840427437695,9.40831749707056));
#2220=CARTESIAN_POINT('Ctrl Pts',(24.9620570866743,-1.39130900424577,9.58145278005984));
#2221=CARTESIAN_POINT('Ctrl Pts',(24.9365901611938,-1.79067195622902,9.98081573204309));
#2222=CARTESIAN_POINT('Ctrl Pts',(24.9230162928424,-1.96380689294134,10.2337202659297));
#2223=CARTESIAN_POINT('Ctrl Pts',(24.9038540326673,-2.19347509952063,10.7880282626324));
#2224=CARTESIAN_POINT('Ctrl Pts',(24.8985441341457,-2.25,11.0894447855047));
#2225=CARTESIAN_POINT('Ctrl Pts',(24.8985441341457,-2.25,11.3721242911535));
#2226=CARTESIAN_POINT('Ctrl Pts',(24.8985441341457,-2.25,11.3721242911535));
#2227=CARTESIAN_POINT('Ctrl Pts',(24.8985441341457,-2.25,11.6548037968023));
#2228=CARTESIAN_POINT('Ctrl Pts',(24.9038540326673,-2.19347509952063,11.9562203196747));
#2229=CARTESIAN_POINT('Ctrl Pts',(24.9230162928424,-1.96380689294134,12.5105283163774));
#2230=CARTESIAN_POINT('Ctrl Pts',(24.9365901611938,-1.79067195622902,12.763432850264));
#2231=CARTESIAN_POINT('Ctrl Pts',(24.9620570866743,-1.39130900424577,13.1627958022472));
#2232=CARTESIAN_POINT('Ctrl Pts',(24.9756069295697,-1.13840427437696,13.3359310852365));
#2233=CARTESIAN_POINT('Ctrl Pts',(24.9947142030439,-0.584095625032185,13.565599553479));
#2234=CARTESIAN_POINT('Ctrl Pts',(25.,-0.282678875492734,13.6221242911535));
#2235=CARTESIAN_POINT('Ctrl Pts',(25.,-1.2490009027033E-15,13.6221242911535));
#2236=CARTESIAN_POINT('',(-3.69999999999999,24.7246840222479,5.50000000000001));
#2237=CARTESIAN_POINT('',(3.70000000000001,24.7246840222479,5.5));
#2238=CARTESIAN_POINT('Origin',(0.,0.,5.5));
#2239=CARTESIAN_POINT('',(4.7,24.5542257055685,6.5));
#2240=CARTESIAN_POINT('Ctrl Pts',(4.70000000000001,24.5542257055685,6.5));
#2241=CARTESIAN_POINT('Ctrl Pts',(4.70000000000001,24.5542257055685,6.37446382536214));
#2242=CARTESIAN_POINT('Ctrl Pts',(4.67490718150228,24.559069872629,6.24073189638595));
#2243=CARTESIAN_POINT('Ctrl Pts',(4.57334324981548,24.5781854837666,5.99508858077024));
#2244=CARTESIAN_POINT('Ctrl Pts',(4.49688657220653,24.5923966224811,5.88316653673322));
#2245=CARTESIAN_POINT('Ctrl Pts',(4.31997139849719,24.624094690766,5.70526811572654));
#2246=CARTESIAN_POINT('Ctrl Pts',(4.20720687789511,24.6437635441937,5.62786023326102));
#2247=CARTESIAN_POINT('Ctrl Pts',(3.9601993221915,24.6846610805882,5.52522674115584));
#2248=CARTESIAN_POINT('Ctrl Pts',(3.8259478867013,24.705836170426,5.5));
#2249=CARTESIAN_POINT('Ctrl Pts',(3.70000000000001,24.7246840222479,5.5));
#2250=CARTESIAN_POINT('',(4.7,24.5542257055685,8.1));
#2251=CARTESIAN_POINT('',(4.7,24.5542257055685,0.));
#2252=CARTESIAN_POINT('',(3.70000000000001,24.7246840222479,9.09999999999999));
#2253=CARTESIAN_POINT('Ctrl Pts',(3.70000000000001,24.7246840222479,9.1));
#2254=CARTESIAN_POINT('Ctrl Pts',(3.8259478867013,24.705836170426,9.1));
#2255=CARTESIAN_POINT('Ctrl Pts',(3.9601993221915,24.6846610805882,9.07477325884415));
#2256=CARTESIAN_POINT('Ctrl Pts',(4.20720687789511,24.6437635441937,8.97213976673898));
#2257=CARTESIAN_POINT('Ctrl Pts',(4.31997139849719,24.624094690766,8.89473188427345));
#2258=CARTESIAN_POINT('Ctrl Pts',(4.49688657220653,24.5923966224811,8.71683346326677));
#2259=CARTESIAN_POINT('Ctrl Pts',(4.57334324981548,24.5781854837666,8.60491141922975));
#2260=CARTESIAN_POINT('Ctrl Pts',(4.67490718150228,24.559069872629,8.35926810361404));
#2261=CARTESIAN_POINT('Ctrl Pts',(4.70000000000001,24.5542257055685,8.22553617463785));
#2262=CARTESIAN_POINT('Ctrl Pts',(4.70000000000001,24.5542257055685,8.1));
#2263=CARTESIAN_POINT('',(-3.69999999999999,24.7246840222479,9.1));
#2264=CARTESIAN_POINT('Origin',(0.,0.,9.1));
#2265=CARTESIAN_POINT('',(-4.69999999999999,24.5542257055685,8.1));
#2266=CARTESIAN_POINT('Ctrl Pts',(-4.69999999999999,24.5542257055685,8.1));
#2267=CARTESIAN_POINT('Ctrl Pts',(-4.69999999999999,24.5542257055685,8.22553617463786));
#2268=CARTESIAN_POINT('Ctrl Pts',(-4.67490718150227,24.559069872629,8.35926810361405));
#2269=CARTESIAN_POINT('Ctrl Pts',(-4.57334324981547,24.5781854837666,8.60491141922976));
#2270=CARTESIAN_POINT('Ctrl Pts',(-4.49688657220652,24.5923966224811,8.71683346326677));
#2271=CARTESIAN_POINT('Ctrl Pts',(-4.31997139849717,24.624094690766,8.89473188427346));
#2272=CARTESIAN_POINT('Ctrl Pts',(-4.20720687789509,24.6437635441937,8.97213976673899));
#2273=CARTESIAN_POINT('Ctrl Pts',(-3.96019932219148,24.6846610805882,9.07477325884416));
#2274=CARTESIAN_POINT('Ctrl Pts',(-3.82594788670129,24.705836170426,9.1));
#2275=CARTESIAN_POINT('Ctrl Pts',(-3.69999999999999,24.7246840222479,9.1));
#2276=CARTESIAN_POINT('',(-4.69999999999999,24.5542257055685,6.5));
#2277=CARTESIAN_POINT('',(-4.69999999999999,24.5542257055685,0.));
#2278=CARTESIAN_POINT('Ctrl Pts',(-3.69999999999999,24.7246840222479,5.5));
#2279=CARTESIAN_POINT('Ctrl Pts',(-3.82548581588791,24.7059053184081,5.5));
#2280=CARTESIAN_POINT('Ctrl Pts',(-3.95927616513096,24.68480734972,5.52504357285247));
#2281=CARTESIAN_POINT('Ctrl Pts',(-4.20557797728183,24.6440397565435,5.62698506891874));
#2282=CARTESIAN_POINT('Ctrl Pts',(-4.31809771163687,24.6244230159409,5.70388414926378));
#2283=CARTESIAN_POINT('Ctrl Pts',(-4.49549893447559,24.5926524208669,5.8812853721025));
#2284=CARTESIAN_POINT('Ctrl Pts',(-4.57246380330235,24.578349853207,5.99344973641502));
#2285=CARTESIAN_POINT('Ctrl Pts',(-4.67472155446665,24.5591059514952,6.23979981262731));
#2286=CARTESIAN_POINT('Ctrl Pts',(-4.69999999999999,24.5542257055685,6.37399628496628));
#2287=CARTESIAN_POINT('Ctrl Pts',(-4.69999999999999,24.5542257055685,6.5));
#2288=CARTESIAN_POINT('Origin',(0.,-16.000000372529,0.));
#2289=CARTESIAN_POINT('Origin',(0.,0.,23.45));
#2290=CARTESIAN_POINT('',(-24.9,3.04937052987691E-15,23.5));
#2291=CARTESIAN_POINT('Origin',(0.,0.,23.5));
#2292=CARTESIAN_POINT('',(-24.95,-3.05549376387265E-15,23.45));
#2293=CARTESIAN_POINT('Origin',(0.,0.,23.5));
#2294=CARTESIAN_POINT('',(-24.35,-2.9820149559238E-15,23.5));
#2295=CARTESIAN_POINT('Origin',(0.,0.,23.5));
#2296=CARTESIAN_POINT('Origin',(0.,0.,23.45));
#2297=CARTESIAN_POINT('',(-24.25,2.96976848793233E-15,23.4));
#2298=CARTESIAN_POINT('',(-24.3,-2.97589172192807E-15,23.45));
#2299=CARTESIAN_POINT('Origin',(0.,0.,23.4));
#2300=CARTESIAN_POINT('Origin',(0.,0.,0.));
#2301=CARTESIAN_POINT('',(-24.25,-4.44089209850063E-15,22.));
#2302=CARTESIAN_POINT('',(-24.25,-2.96976848793233E-15,0.));
#2303=CARTESIAN_POINT('Origin',(0.,0.,22.));
#2304=CARTESIAN_POINT('Origin',(0.,0.,21.95));
#2305=CARTESIAN_POINT('',(4.40910536002669,-22.6753123445783,22.));
#2306=CARTESIAN_POINT('',(4.61982470338888,-22.5312498479325,21.9));
#2307=CARTESIAN_POINT('Ctrl Pts',(4.40910536002669,-22.6753123445783,22.));
#2308=CARTESIAN_POINT('Ctrl Pts',(4.47991576545667,-22.6285414162031,21.9676045510205));
#2309=CARTESIAN_POINT('Ctrl Pts',(4.55021711516068,-22.5804861934206,21.9342513715718));
#2310=CARTESIAN_POINT('Ctrl Pts',(4.61982470338888,-22.5312498479325,21.9));
#2311=CARTESIAN_POINT('',(-4.40910536002669,-22.6753123445783,22.));
#2312=CARTESIAN_POINT('Origin',(0.,0.,22.));
#2313=CARTESIAN_POINT('',(-4.61982470338888,-22.5312498479325,21.9));
#2314=CARTESIAN_POINT('Ctrl Pts',(-4.61982470338888,-22.5312498479325,21.9));
#2315=CARTESIAN_POINT('Ctrl Pts',(-4.55021645219022,-22.5804866623672,21.9342516977955));
#2316=CARTESIAN_POINT('Ctrl Pts',(-4.47991990230044,-22.6285386837794,21.9676026584326));
#2317=CARTESIAN_POINT('Ctrl Pts',(-4.40910536002669,-22.6753123445783,22.));
#2318=CARTESIAN_POINT('Origin',(0.,0.,21.9));
#2319=CARTESIAN_POINT('Origin',(0.,0.,22.));
#2320=CARTESIAN_POINT('Origin',(0.,-16.000000372529,22.));
#2321=CARTESIAN_POINT('Origin',(-9.50000000000001,-16.000000372529,10.7562008038296));
#2322=CARTESIAN_POINT('',(-10.3115,-16.000000372529,11.));
#2323=CARTESIAN_POINT('Origin',(-9.50000000000001,-16.000000372529,11.));
#2324=CARTESIAN_POINT('',(-9.50000000000001,-16.000000372529,10.5124016076591));
#2325=CARTESIAN_POINT('',(-9.90575,-16.000000372529,10.7562008038296));
#2326=CARTESIAN_POINT('Origin',(-9.50000000000001,-16.000000372529,15.));
#2327=CARTESIAN_POINT('',(-10.3115,-16.000000372529,19.));
#2328=CARTESIAN_POINT('Origin',(-9.50000000000001,-16.000000372529,19.));
#2329=CARTESIAN_POINT('',(-10.3115,-16.000000372529,15.));
#2330=CARTESIAN_POINT('Origin',(9.5,-16.000000372529,10.7562008038296));
#2331=CARTESIAN_POINT('',(8.6885,-16.000000372529,11.));
#2332=CARTESIAN_POINT('Origin',(9.5,-16.000000372529,11.));
#2333=CARTESIAN_POINT('',(9.5,-16.000000372529,10.5124016076591));
#2334=CARTESIAN_POINT('',(9.09425,-16.000000372529,10.7562008038296));
#2335=CARTESIAN_POINT('Origin',(9.5,-16.000000372529,15.));
#2336=CARTESIAN_POINT('',(8.6885,-16.000000372529,19.));
#2337=CARTESIAN_POINT('Origin',(9.5,-16.000000372529,19.));
#2338=CARTESIAN_POINT('',(8.6885,-16.000000372529,15.));
#2339=CARTESIAN_POINT('Origin',(12.5,21.650635094611,11.3721242911535));
#2340=CARTESIAN_POINT('',(9.46035397571042,20.8858137435167,11.3721242911535));
#2341=CARTESIAN_POINT('',(10.551442841485,22.775635094611,11.3721242911535));
#2342=CARTESIAN_POINT('',(10.1224386135006,20.6527537271888,9.75082055064461));
#2343=CARTESIAN_POINT('Ctrl Pts',(10.1224386135006,20.6527537271888,9.75082055064461));
#2344=CARTESIAN_POINT('Ctrl Pts',(10.0221518628595,20.7019068082027,9.85804077943293));
#2345=CARTESIAN_POINT('Ctrl Pts',(9.93040257942075,20.7399017372305,9.97551558662589));
#2346=CARTESIAN_POINT('Ctrl Pts',(9.73662139317017,20.8123417562974,10.2712094539714));
#2347=CARTESIAN_POINT('Ctrl Pts',(9.63290307164771,20.8424763375068,10.4808476109004));
#2348=CARTESIAN_POINT('Ctrl Pts',(9.49450448124764,20.8788003689346,10.923269644483));
#2349=CARTESIAN_POINT('Ctrl Pts',(9.46035397571042,20.8858137435167,11.156151047907));
#2350=CARTESIAN_POINT('Ctrl Pts',(9.46035397571042,20.8858137435167,11.3721242911535));
#2351=CARTESIAN_POINT('',(12.8245900790989,19.0926658511345,9.75082055064456));
#2352=CARTESIAN_POINT('Ctrl Pts',(12.8245900790989,19.0926658511345,9.75082055064456));
#2353=CARTESIAN_POINT('Ctrl Pts',(12.6628558083478,19.201303154081,9.56377532870139));
#2354=CARTESIAN_POINT('Ctrl Pts',(12.4606979224927,19.3339155794052,9.40248895273743));
#2355=CARTESIAN_POINT('Ctrl Pts',(12.0030054652897,19.6215386739722,9.17866068265127));
#2356=CARTESIAN_POINT('Ctrl Pts',(11.7448328989787,19.7772299469102,9.12212429115353));
#2357=CARTESIAN_POINT('Ctrl Pts',(11.2551671010213,20.0599386271739,9.12212429115353));
#2358=CARTESIAN_POINT('Ctrl Pts',(10.9912482203539,20.2056769916904,9.17866068265127));
#2359=CARTESIAN_POINT('Ctrl Pts',(10.5133130851423,20.4582387394652,9.40248895273744));
#2360=CARTESIAN_POINT('Ctrl Pts',(10.2973884130264,20.567006391529,9.56377532870142));
#2361=CARTESIAN_POINT('Ctrl Pts',(10.1224386135006,20.6527537271888,9.75082055064461));
#2362=CARTESIAN_POINT('',(12.8245900790989,19.0926658511345,12.9934280316625));
#2363=CARTESIAN_POINT('Ctrl Pts',(12.8245900790989,19.0926658511345,12.9934280316625));
#2364=CARTESIAN_POINT('Ctrl Pts',(12.9173012712518,19.0303915179232,12.8862078028742));
#2365=CARTESIAN_POINT('Ctrl Pts',(12.9960804867242,18.9699317722001,12.7687329956812));
#2366=CARTESIAN_POINT('Ctrl Pts',(13.1557059766121,18.8383323516651,12.4730391283357));
#2367=CARTESIAN_POINT('Ctrl Pts',(13.2336624502331,18.7635769409934,12.2634009714067));
#2368=CARTESIAN_POINT('Ctrl Pts',(13.3343192794174,18.6618822615729,11.8209789378241));
#2369=CARTESIAN_POINT('Ctrl Pts',(13.3574682927404,18.6358137435167,11.5880975344001));
#2370=CARTESIAN_POINT('Ctrl Pts',(13.3574682927404,18.6358137435167,11.156151047907));
#2371=CARTESIAN_POINT('Ctrl Pts',(13.3343192794174,18.6618822615729,10.923269644483));
#2372=CARTESIAN_POINT('Ctrl Pts',(13.2336624502331,18.7635769409934,10.4808476109004));
#2373=CARTESIAN_POINT('Ctrl Pts',(13.1557059766121,18.8383323516651,10.2712094539714));
#2374=CARTESIAN_POINT('Ctrl Pts',(12.9960804867242,18.9699317722001,9.97551558662586));
#2375=CARTESIAN_POINT('Ctrl Pts',(12.9173012712518,19.0303915179232,9.85804077943289));
#2376=CARTESIAN_POINT('Ctrl Pts',(12.8245900790989,19.0926658511345,9.75082055064456));
#2377=CARTESIAN_POINT('',(10.1224386135006,20.6527537271888,12.9934280316625));
#2378=CARTESIAN_POINT('Ctrl Pts',(10.1224386135006,20.6527537271888,12.9934280316625));
#2379=CARTESIAN_POINT('Ctrl Pts',(10.2973884130264,20.567006391529,13.1804732536056));
#2380=CARTESIAN_POINT('Ctrl Pts',(10.5133130851423,20.4582387394652,13.3417596295696));
#2381=CARTESIAN_POINT('Ctrl Pts',(10.9912482203539,20.2056769916904,13.5655878996558));
#2382=CARTESIAN_POINT('Ctrl Pts',(11.2551671010213,20.0599386271739,13.6221242911535));
#2383=CARTESIAN_POINT('Ctrl Pts',(11.7448328989787,19.7772299469102,13.6221242911535));
#2384=CARTESIAN_POINT('Ctrl Pts',(12.0030054652897,19.6215386739722,13.5655878996558));
#2385=CARTESIAN_POINT('Ctrl Pts',(12.4606979224927,19.3339155794052,13.3417596295696));
#2386=CARTESIAN_POINT('Ctrl Pts',(12.6628558083478,19.201303154081,13.1804732536057));
#2387=CARTESIAN_POINT('Ctrl Pts',(12.8245900790989,19.0926658511345,12.9934280316625));
#2388=CARTESIAN_POINT('Ctrl Pts',(9.46035397571042,20.8858137435167,11.3721242911535));
#2389=CARTESIAN_POINT('Ctrl Pts',(9.46035397571042,20.8858137435167,11.5880975344001));
#2390=CARTESIAN_POINT('Ctrl Pts',(9.49450448124764,20.8788003689346,11.8209789378241));
#2391=CARTESIAN_POINT('Ctrl Pts',(9.63290307164771,20.8424763375068,12.2634009714067));
#2392=CARTESIAN_POINT('Ctrl Pts',(9.73662139317017,20.8123417562974,12.4730391283357));
#2393=CARTESIAN_POINT('Ctrl Pts',(9.93040257942075,20.7399017372305,12.7687329956812));
#2394=CARTESIAN_POINT('Ctrl Pts',(10.0221518628595,20.7019068082027,12.8862078028741));
#2395=CARTESIAN_POINT('Ctrl Pts',(10.1224386135006,20.6527537271888,12.9934280316625));
#2396=CARTESIAN_POINT('Origin',(8.80212053347879,17.958916284512,1.));
#2397=CARTESIAN_POINT('',(10.1224386135006,20.6527537271888,17.));
#2398=CARTESIAN_POINT('',(10.1224386135006,20.6527537271888,1.));
#2399=CARTESIAN_POINT('',(8.18161953605787,20.8940446483489,17.));
#2400=CARTESIAN_POINT('Origin',(8.80212053347879,17.958916284512,17.));
#2401=CARTESIAN_POINT('',(8.18161953605787,20.8940446483489,1.));
#2402=CARTESIAN_POINT('',(8.18161953605787,20.8940446483489,1.));
#2403=CARTESIAN_POINT('',(10.1224386135006,20.6527537271888,1.));
#2404=CARTESIAN_POINT('Origin',(8.80212053347879,17.958916284512,1.));
#2405=CARTESIAN_POINT('',(10.1224386135006,20.6527537271888,1.));
#2406=CARTESIAN_POINT('Origin',(0.,0.,0.));
#2407=CARTESIAN_POINT('',(-4.6198247033889,-22.5312498479325,19.));
#2408=CARTESIAN_POINT('',(-4.61982470338888,-22.5312498479325,0.));
#2409=CARTESIAN_POINT('',(-16.0651476469061,-16.4593751729253,19.));
#2410=CARTESIAN_POINT('Origin',(0.,0.,19.));
#2411=CARTESIAN_POINT('',(-16.0651476469061,-16.4593751729253,1.));
#2412=CARTESIAN_POINT('',(-16.0651476469061,-16.4593751729253,0.));
#2413=CARTESIAN_POINT('',(-18.6268972414852,-13.4921717731117,1.));
#2414=CARTESIAN_POINT('Origin',(0.,0.,1.));
#2415=CARTESIAN_POINT('',(-18.6268972414852,-13.4921717731117,9.));
#2416=CARTESIAN_POINT('',(-18.6268972414852,-13.4921717731117,0.));
#2417=CARTESIAN_POINT('',(-22.9352212706562,-1.72500007711351,9.));
#2418=CARTESIAN_POINT('Origin',(0.,0.,9.));
#2419=CARTESIAN_POINT('',(-22.9352212706562,-1.72500007711351,1.));
#2420=CARTESIAN_POINT('',(-22.9352212706562,-1.72500007711351,0.));
#2421=CARTESIAN_POINT('',(-22.9881583200593,0.737954640805842,1.));
#2422=CARTESIAN_POINT('Origin',(0.,0.,1.));
#2423=CARTESIAN_POINT('',(-22.9881583200593,0.737954640805842,17.));
#2424=CARTESIAN_POINT('',(-22.9881583200593,0.737954640805842,0.));
#2425=CARTESIAN_POINT('',(-3.55411660023787,22.7237377029377,17.));
#2426=CARTESIAN_POINT('Origin',(0.,0.,17.));
#2427=CARTESIAN_POINT('',(-3.55411660023787,22.7237377029377,9.1));
#2428=CARTESIAN_POINT('',(-3.55411660023787,22.7237377029377,1.));
#2429=CARTESIAN_POINT('',(3.55411660023787,22.7237377029377,9.09999999999999));
#2430=CARTESIAN_POINT('Origin',(0.,0.,9.1));
#2431=CARTESIAN_POINT('',(3.55411660023787,22.7237377029377,17.));
#2432=CARTESIAN_POINT('',(3.55411660023787,22.7237377029377,1.));
#2433=CARTESIAN_POINT('Origin',(0.,0.,17.));
#2434=CARTESIAN_POINT('',(12.8245900790989,19.0926658511345,17.));
#2435=CARTESIAN_POINT('',(12.8245900790989,19.0926658511345,1.));
#2436=CARTESIAN_POINT('',(19.0926658511345,12.824590079099,17.));
#2437=CARTESIAN_POINT('Origin',(0.,0.,17.));
#2438=CARTESIAN_POINT('',(19.0926658511345,12.824590079099,12.9934280316625));
#2439=CARTESIAN_POINT('',(19.0926658511345,12.824590079099,1.));
#2440=CARTESIAN_POINT('',(19.0926658511345,12.824590079099,9.75082055064461));
#2441=CARTESIAN_POINT('Ctrl Pts',(19.0926658511345,12.824590079099,12.9934280316625));
#2442=CARTESIAN_POINT('Ctrl Pts',(19.2013031540809,12.6628558083478,13.1804732536056));
#2443=CARTESIAN_POINT('Ctrl Pts',(19.3339155794052,12.4606979224927,13.3417596295696));
#2444=CARTESIAN_POINT('Ctrl Pts',(19.6215386739722,12.0030054652897,13.5655878996558));
#2445=CARTESIAN_POINT('Ctrl Pts',(19.7772299469102,11.7448328989787,13.6221242911535));
#2446=CARTESIAN_POINT('Ctrl Pts',(20.0599386271739,11.2551671010213,13.6221242911535));
#2447=CARTESIAN_POINT('Ctrl Pts',(20.2056769916904,10.9912482203539,13.5655878996558));
#2448=CARTESIAN_POINT('Ctrl Pts',(20.4648384854689,10.5008240580967,13.3359107243255));
#2449=CARTESIAN_POINT('Ctrl Pts',(20.5785245291649,10.2744530822597,13.1627799211388));
#2450=CARTESIAN_POINT('Ctrl Pts',(20.7542104279562,9.91477723898792,12.7634485543422));
#2451=CARTESIAN_POINT('Ctrl Pts',(20.8279918703001,9.75746130319639,12.5105627897524));
#2452=CARTESIAN_POINT('Ctrl Pts',(20.9247802880446,9.54813418343279,11.9562631730797));
#2453=CARTESIAN_POINT('Ctrl Pts',(20.9480453008613,9.49628338209543,11.6548338523492));
#2454=CARTESIAN_POINT('Ctrl Pts',(20.9480453008613,9.49628338209543,11.3721242911535));
#2455=CARTESIAN_POINT('Ctrl Pts',(20.9480453008613,9.49628338209543,11.0894147299579));
#2456=CARTESIAN_POINT('Ctrl Pts',(20.9247802880446,9.54813418343279,10.7879854092274));
#2457=CARTESIAN_POINT('Ctrl Pts',(20.8279918703001,9.75746130319639,10.2336857925547));
#2458=CARTESIAN_POINT('Ctrl Pts',(20.7542104279562,9.91477723898792,9.98080002796489));
#2459=CARTESIAN_POINT('Ctrl Pts',(20.5785245291649,10.2744530822597,9.58146866116829));
#2460=CARTESIAN_POINT('Ctrl Pts',(20.4648384854689,10.5008240580967,9.40833785798152));
#2461=CARTESIAN_POINT('Ctrl Pts',(20.2056769916904,10.9912482203539,9.17866068265127));
#2462=CARTESIAN_POINT('Ctrl Pts',(20.0599386271739,11.2551671010213,9.12212429115353));
#2463=CARTESIAN_POINT('Ctrl Pts',(19.7772299469102,11.7448328989787,9.12212429115353));
#2464=CARTESIAN_POINT('Ctrl Pts',(19.6215386739722,12.0030054652897,9.17866068265127));
#2465=CARTESIAN_POINT('Ctrl Pts',(19.3339155794052,12.4606979224927,9.40248895273744));
#2466=CARTESIAN_POINT('Ctrl Pts',(19.2013031540809,12.6628558083478,9.56377532870142));
#2467=CARTESIAN_POINT('Ctrl Pts',(19.0926658511345,12.824590079099,9.75082055064461));
#2468=CARTESIAN_POINT('',(19.0926658511345,12.824590079099,1.));
#2469=CARTESIAN_POINT('',(19.0926658511345,12.824590079099,1.));
#2470=CARTESIAN_POINT('',(21.146220002642,9.04640147240132,1.));
#2471=CARTESIAN_POINT('Origin',(0.,0.,1.));
#2472=CARTESIAN_POINT('',(21.146220002642,9.04640147240132,17.));
#2473=CARTESIAN_POINT('',(21.146220002642,9.04640147240132,0.));
#2474=CARTESIAN_POINT('',(22.9470286925996,1.56008787605433,17.));
#2475=CARTESIAN_POINT('Origin',(0.,0.,17.));
#2476=CARTESIAN_POINT('',(22.9470286925996,1.56008787605433,12.9934280316625));
#2477=CARTESIAN_POINT('',(22.9470286925996,1.56008787605433,1.));
#2478=CARTESIAN_POINT('',(22.8896810812209,-2.25,11.3721242911535));
#2479=CARTESIAN_POINT('Ctrl Pts',(22.9470286925996,1.56008787605433,12.9934280316625));
#2480=CARTESIAN_POINT('Ctrl Pts',(22.9602442213743,1.36570323744809,13.1804732536057));
#2481=CARTESIAN_POINT('Ctrl Pts',(22.974011007635,1.12432316006006,13.3417596295696));
#2482=CARTESIAN_POINT('Ctrl Pts',(22.9942536856436,0.584138317718243,13.5655878996558));
#2483=CARTESIAN_POINT('Ctrl Pts',(23.,0.2827086802637,13.6221242911535));
#2484=CARTESIAN_POINT('Ctrl Pts',(23.,-0.282708680263703,13.6221242911535));
#2485=CARTESIAN_POINT('Ctrl Pts',(22.9942536856436,-0.584138317718245,13.5655878996558));
#2486=CARTESIAN_POINT('Ctrl Pts',(22.9734820418099,-1.13843884775194,13.3359107243255));
#2487=CARTESIAN_POINT('Ctrl Pts',(22.9587515557878,-1.39132488535422,13.1627799211388));
#2488=CARTESIAN_POINT('Ctrl Pts',(22.931062085592,-1.79065625215082,12.7634485543422));
#2489=CARTESIAN_POINT('Ctrl Pts',(22.9163007210938,-1.96378657013833,12.5105627897523));
#2490=CARTESIAN_POINT('Ctrl Pts',(22.8954583897709,-2.19346338242692,11.9562631730797));
#2491=CARTESIAN_POINT('Ctrl Pts',(22.8896810812209,-2.25,11.6548338523492));
#2492=CARTESIAN_POINT('Ctrl Pts',(22.8896810812209,-2.25,11.3721242911535));
#2493=CARTESIAN_POINT('',(22.9470286925996,1.56008787605433,9.75082055064459));
#2494=CARTESIAN_POINT('Ctrl Pts',(22.8896810812209,-2.25,11.3721242911535));
#2495=CARTESIAN_POINT('Ctrl Pts',(22.8896810812209,-2.25,11.0894147299579));
#2496=CARTESIAN_POINT('Ctrl Pts',(22.8954583897709,-2.19346338242692,10.7879854092274));
#2497=CARTESIAN_POINT('Ctrl Pts',(22.9163007210938,-1.96378657013833,10.2336857925547));
#2498=CARTESIAN_POINT('Ctrl Pts',(22.931062085592,-1.79065625215082,9.98080002796489));
#2499=CARTESIAN_POINT('Ctrl Pts',(22.9587515557878,-1.39132488535422,9.58146866116829));
#2500=CARTESIAN_POINT('Ctrl Pts',(22.9734820418099,-1.13843884775194,9.40833785798152));
#2501=CARTESIAN_POINT('Ctrl Pts',(22.9942536856436,-0.584138317718244,9.17866068265127));
#2502=CARTESIAN_POINT('Ctrl Pts',(23.,-0.282708680263703,9.12212429115353));
#2503=CARTESIAN_POINT('Ctrl Pts',(23.,0.282708680263701,9.12212429115353));
#2504=CARTESIAN_POINT('Ctrl Pts',(22.9942536856436,0.584138317718242,9.17866068265127));
#2505=CARTESIAN_POINT('Ctrl Pts',(22.974011007635,1.12432316006006,9.40248895273744));
#2506=CARTESIAN_POINT('Ctrl Pts',(22.9602442213743,1.36570323744809,9.56377532870141));
#2507=CARTESIAN_POINT('Ctrl Pts',(22.9470286925996,1.56008787605433,9.75082055064459));
#2508=CARTESIAN_POINT('',(22.9470286925996,1.56008787605433,1.));
#2509=CARTESIAN_POINT('',(22.9470286925996,1.56008787605433,1.));
#2510=CARTESIAN_POINT('',(22.935221276456,-1.725,1.));
#2511=CARTESIAN_POINT('Origin',(0.,0.,1.));
#2512=CARTESIAN_POINT('',(22.935221276456,-1.725,9.));
#2513=CARTESIAN_POINT('',(22.935221276456,-1.725,0.));
#2514=CARTESIAN_POINT('',(18.6268972414852,-13.4921717731117,9.));
#2515=CARTESIAN_POINT('Origin',(0.,0.,9.));
#2516=CARTESIAN_POINT('',(18.6268972414852,-13.4921717731117,1.));
#2517=CARTESIAN_POINT('',(18.6268972414852,-13.4921717731117,0.));
#2518=CARTESIAN_POINT('',(16.0651476469061,-16.4593751729253,1.));
#2519=CARTESIAN_POINT('Origin',(0.,0.,1.));
#2520=CARTESIAN_POINT('',(16.0651476469061,-16.4593751729253,19.));
#2521=CARTESIAN_POINT('',(16.0651476469061,-16.4593751729253,0.));
#2522=CARTESIAN_POINT('',(4.61982470338888,-22.5312498479325,19.));
#2523=CARTESIAN_POINT('Origin',(0.,0.,19.));
#2524=CARTESIAN_POINT('',(4.61982470338888,-22.5312498479325,0.));
#2525=CARTESIAN_POINT('Origin',(0.,0.,0.));
#2526=CARTESIAN_POINT('',(12.8245900790989,19.0926658511345,1.));
#2527=CARTESIAN_POINT('Origin',(0.,0.,1.));
#2528=CARTESIAN_POINT('',(12.8245900790989,19.0926658511345,1.));
#2529=CARTESIAN_POINT('Origin',(21.650635094611,12.5,11.3721242911535));
#2530=CARTESIAN_POINT('',(18.6358137435167,13.3574682927404,11.3721242911535));
#2531=CARTESIAN_POINT('',(20.525635094611,14.448557158515,11.3721242911535));
#2532=CARTESIAN_POINT('Ctrl Pts',(19.0926658511345,12.824590079099,9.75082055064461));
#2533=CARTESIAN_POINT('Ctrl Pts',(19.0303915179232,12.9173012712518,9.85804077943293));
#2534=CARTESIAN_POINT('Ctrl Pts',(18.9699317722001,12.9960804867242,9.97551558662589));
#2535=CARTESIAN_POINT('Ctrl Pts',(18.8383323516651,13.1557059766121,10.2712094539714));
#2536=CARTESIAN_POINT('Ctrl Pts',(18.7635769409935,13.2336624502331,10.4808476109004));
#2537=CARTESIAN_POINT('Ctrl Pts',(18.6618822615729,13.3343192794174,10.923269644483));
#2538=CARTESIAN_POINT('Ctrl Pts',(18.6358137435167,13.3574682927404,11.156151047907));
#2539=CARTESIAN_POINT('Ctrl Pts',(18.6358137435167,13.3574682927404,11.3721242911535));
#2540=CARTESIAN_POINT('Ctrl Pts',(18.6358137435167,13.3574682927404,11.3721242911535));
#2541=CARTESIAN_POINT('Ctrl Pts',(18.6358137435167,13.3574682927404,11.5880975344001));
#2542=CARTESIAN_POINT('Ctrl Pts',(18.6618822615729,13.3343192794174,11.8209789378241));
#2543=CARTESIAN_POINT('Ctrl Pts',(18.7635769409935,13.2336624502331,12.2634009714067));
#2544=CARTESIAN_POINT('Ctrl Pts',(18.8383323516651,13.1557059766121,12.4730391283357));
#2545=CARTESIAN_POINT('Ctrl Pts',(18.9699317722001,12.9960804867242,12.7687329956812));
#2546=CARTESIAN_POINT('Ctrl Pts',(19.0303915179232,12.9173012712518,12.8862078028741));
#2547=CARTESIAN_POINT('Ctrl Pts',(19.0926658511345,12.824590079099,12.9934280316625));
#2548=CARTESIAN_POINT('Origin',(16.6023181314213,11.151817460086,1.));
#2549=CARTESIAN_POINT('',(17.5325126864996,14.0039636852475,17.));
#2550=CARTESIAN_POINT('Origin',(16.6023181314213,11.151817460086,17.));
#2551=CARTESIAN_POINT('',(17.5325126864996,14.0039636852475,1.));
#2552=CARTESIAN_POINT('',(17.5325126864996,14.0039636852475,1.));
#2553=CARTESIAN_POINT('Origin',(16.6023181314213,11.151817460086,1.));
#2554=CARTESIAN_POINT('Origin',(25.,-1.19483649925091E-15,11.3721242911535));
#2555=CARTESIAN_POINT('',(25.,-2.25,11.3721242911535));
#2556=CARTESIAN_POINT('Ctrl Pts',(22.9470286925996,1.56008787605433,9.75082055064459));
#2557=CARTESIAN_POINT('Ctrl Pts',(22.9394531341113,1.67151529027948,9.85804077943292));
#2558=CARTESIAN_POINT('Ctrl Pts',(22.926483066145,1.76996996503034,9.97551558662588));
#2559=CARTESIAN_POINT('Ctrl Pts',(22.8923273697823,1.97400940463231,10.2712094539714));
#2560=CARTESIAN_POINT('Ctrl Pts',(22.8665655218808,2.07889939651333,10.4808476109004));
#2561=CARTESIAN_POINT('Ctrl Pts',(22.8288237606651,2.21691810736165,10.923269644483));
#2562=CARTESIAN_POINT('Ctrl Pts',(22.8178222684508,2.25,11.156151047907));
#2563=CARTESIAN_POINT('Ctrl Pts',(22.8178222684508,2.25,11.5880975344001));
#2564=CARTESIAN_POINT('Ctrl Pts',(22.8288237606651,2.21691810736165,11.8209789378241));
#2565=CARTESIAN_POINT('Ctrl Pts',(22.8665655218808,2.07889939651333,12.2634009714067));
#2566=CARTESIAN_POINT('Ctrl Pts',(22.8923273697823,1.97400940463231,12.4730391283357));
#2567=CARTESIAN_POINT('Ctrl Pts',(22.926483066145,1.76996996503034,12.7687329956812));
#2568=CARTESIAN_POINT('Ctrl Pts',(22.9394531341113,1.67151529027948,12.8862078028742));
#2569=CARTESIAN_POINT('Ctrl Pts',(22.9470286925996,1.56008787605433,12.9934280316625));
#2570=CARTESIAN_POINT('Origin',(24.4172284490459,5.36646577060778,1.));
#2571=CARTESIAN_POINT('',(22.1855832213054,3.36153196184926,17.));
#2572=CARTESIAN_POINT('',(21.4871610351604,4.72248987813485,17.));
#2573=CARTESIAN_POINT('Origin',(24.4172284490459,5.36646577060778,17.));
#2574=CARTESIAN_POINT('',(21.4871610351604,4.72248987813485,1.));
#2575=CARTESIAN_POINT('',(21.4871610351604,4.72248987813485,1.));
#2576=CARTESIAN_POINT('',(22.1855832213054,3.36153196184926,1.));
#2577=CARTESIAN_POINT('Origin',(24.4172284490459,5.36646577060778,1.));
#2578=CARTESIAN_POINT('',(22.1855832213054,3.36153196184926,1.));
#2579=CARTESIAN_POINT('Origin',(19.9539379935649,1.35659815309072,1.));
#2580=CARTESIAN_POINT('Origin',(19.9539379935649,1.35659815309072,17.));
#2581=CARTESIAN_POINT('Origin',(19.9539379935649,1.35659815309072,1.));
#2582=CARTESIAN_POINT('Origin',(18.4627072415779,16.8561099104089,1.));
#2583=CARTESIAN_POINT('',(16.2471823725886,14.8333767211598,17.));
#2584=CARTESIAN_POINT('Origin',(18.4627072415779,16.8561099104089,17.));
#2585=CARTESIAN_POINT('',(16.2471823725886,14.8333767211598,1.));
#2586=CARTESIAN_POINT('',(16.2471823725886,14.8333767211598,1.));
#2587=CARTESIAN_POINT('Origin',(18.4627072415779,16.8561099104089,1.));
#2588=CARTESIAN_POINT('Origin',(-0.1309498684147,12.0668601725485,17.));
#2589=CARTESIAN_POINT('',(14.0039636852475,17.5325126864996,17.));
#2590=CARTESIAN_POINT('Origin',(11.151817460086,16.6023181314213,17.));
#2591=CARTESIAN_POINT('',(14.8333767211598,16.2471823725886,17.));
#2592=CARTESIAN_POINT('Origin',(16.8561099104089,18.4627072415779,17.));
#2593=CARTESIAN_POINT('Origin',(0.,0.,17.));
#2594=CARTESIAN_POINT('Origin',(7.56111853863694,23.8291730121857,1.));
#2595=CARTESIAN_POINT('',(6.65378431400051,20.9696722507234,17.));
#2596=CARTESIAN_POINT('Origin',(7.56111853863694,23.8291730121857,17.));
#2597=CARTESIAN_POINT('',(6.65378431400051,20.9696722507234,1.));
#2598=CARTESIAN_POINT('',(6.65378431400051,20.9696722507234,1.));
#2599=CARTESIAN_POINT('Origin',(7.56111853863694,23.8291730121857,1.));
#2600=CARTESIAN_POINT('Origin',(7.47414642948616,23.8565952128672,1.));
#2601=CARTESIAN_POINT('',(6.57724885794783,20.9938037873232,17.));
#2602=CARTESIAN_POINT('',(5.28234130180303,21.8081835642326,17.));
#2603=CARTESIAN_POINT('Origin',(7.47414642948616,23.8565952128672,17.));
#2604=CARTESIAN_POINT('',(5.28234130180303,21.8081835642326,1.));
#2605=CARTESIAN_POINT('',(5.28234130180303,21.8081835642326,1.));
#2606=CARTESIAN_POINT('',(6.57724885794783,20.9938037873232,1.));
#2607=CARTESIAN_POINT('Origin',(7.47414642948616,23.8565952128672,1.));
#2608=CARTESIAN_POINT('',(6.57724885794783,20.9938037873232,1.));
#2609=CARTESIAN_POINT('Origin',(0.,0.,1.));
#2610=CARTESIAN_POINT('Origin',(0.,0.,17.));
#2611=CARTESIAN_POINT('Origin',(0.,0.,1.));
#2612=CARTESIAN_POINT('Origin',(-7.47414642948615,23.8565952128672,1.));
#2613=CARTESIAN_POINT('',(-5.28234130180302,21.8081835642326,17.));
#2614=CARTESIAN_POINT('',(-6.57724885794781,20.9938037873232,17.));
#2615=CARTESIAN_POINT('Origin',(-7.47414642948615,23.8565952128672,17.));
#2616=CARTESIAN_POINT('',(-6.57724885794781,20.9938037873232,1.));
#2617=CARTESIAN_POINT('',(-6.57724885794781,20.9938037873232,1.));
#2618=CARTESIAN_POINT('',(-5.28234130180302,21.8081835642326,1.));
#2619=CARTESIAN_POINT('Origin',(-7.47414642948615,23.8565952128672,1.));
#2620=CARTESIAN_POINT('',(-5.28234130180302,21.8081835642326,1.));
#2621=CARTESIAN_POINT('Origin',(-3.09053617411989,19.759771915598,1.));
#2622=CARTESIAN_POINT('',(-3.55411660023787,22.7237377029377,1.));
#2623=CARTESIAN_POINT('Origin',(-3.09053617411989,19.759771915598,1.));
#2624=CARTESIAN_POINT('',(-3.55411660023787,22.7237377029377,5.50000000000001));
#2625=CARTESIAN_POINT('',(-3.55411660023787,22.7237377029377,1.));
#2626=CARTESIAN_POINT('',(-3.69999999999999,22.6972119311462,5.5));
#2627=CARTESIAN_POINT('Origin',(-3.09053617411989,19.759771915598,5.5));
#2628=CARTESIAN_POINT('',(-4.69999999999999,22.2914958723483,6.5));
#2629=CARTESIAN_POINT('Ctrl Pts',(-3.69999999999999,22.6972119311462,5.5));
#2630=CARTESIAN_POINT('Ctrl Pts',(-3.83066395929593,22.6701016051087,5.5));
#2631=CARTESIAN_POINT('Ctrl Pts',(-3.96725414072278,22.6318242712909,5.52698914644976));
#2632=CARTESIAN_POINT('Ctrl Pts',(-4.21538124104685,22.544020950638,5.63249954980818));
#2633=CARTESIAN_POINT('Ctrl Pts',(-4.32709153161113,22.4948389466672,5.71089895922046));
#2634=CARTESIAN_POINT('Ctrl Pts',(-4.49943518457096,22.4100174449624,5.88729691681218));
#2635=CARTESIAN_POINT('Ctrl Pts',(-4.57389965652944,22.368035605494,5.99648771131688));
#2636=CARTESIAN_POINT('Ctrl Pts',(-4.67423154249432,22.3083628877837,6.23904445339072));
#2637=CARTESIAN_POINT('Ctrl Pts',(-4.69999999999999,22.2914958723483,6.37265324618237));
#2638=CARTESIAN_POINT('Ctrl Pts',(-4.69999999999999,22.2914958723483,6.5));
#2639=CARTESIAN_POINT('',(-4.69999999999999,22.2914958723483,8.1));
#2640=CARTESIAN_POINT('',(-4.69999999999999,22.2914958723483,1.));
#2641=CARTESIAN_POINT('',(-3.69999999999999,22.6972119311462,9.1));
#2642=CARTESIAN_POINT('Ctrl Pts',(-4.69999999999999,22.2914958723483,8.1));
#2643=CARTESIAN_POINT('Ctrl Pts',(-4.69999999999999,22.2914958723483,8.22734675381764));
#2644=CARTESIAN_POINT('Ctrl Pts',(-4.67423154249432,22.3083628877837,8.36095554660928));
#2645=CARTESIAN_POINT('Ctrl Pts',(-4.57389965652944,22.368035605494,8.60351228868312));
#2646=CARTESIAN_POINT('Ctrl Pts',(-4.49943518457096,22.4100174449624,8.71270308318783));
#2647=CARTESIAN_POINT('Ctrl Pts',(-4.32709153161113,22.4948389466672,8.88910104077955));
#2648=CARTESIAN_POINT('Ctrl Pts',(-4.21538124104685,22.544020950638,8.96750045019182));
#2649=CARTESIAN_POINT('Ctrl Pts',(-3.96725414072278,22.6318242712909,9.07301085355025));
#2650=CARTESIAN_POINT('Ctrl Pts',(-3.83066395929593,22.6701016051087,9.1));
#2651=CARTESIAN_POINT('Ctrl Pts',(-3.69999999999999,22.6972119311462,9.1));
#2652=CARTESIAN_POINT('Origin',(-3.09053617411989,19.759771915598,9.1));
#2653=CARTESIAN_POINT('Origin',(-3.09053617411989,19.759771915598,17.));
#2654=CARTESIAN_POINT('Origin',(-19.9897028870081,0.641699687657254,0.));
#2655=CARTESIAN_POINT('',(-22.291663202604,2.56549247936373,1.));
#2656=CARTESIAN_POINT('Origin',(-19.9897028870081,0.641699687657254,1.));
#2657=CARTESIAN_POINT('',(-22.291663202604,2.56549247936373,17.));
#2658=CARTESIAN_POINT('',(-22.291663202604,2.56549247936373,0.));
#2659=CARTESIAN_POINT('Origin',(-19.9897028870081,0.641699687657254,17.));
#2660=CARTESIAN_POINT('Origin',(-24.5936235181998,4.48928527107021,0.));
#2661=CARTESIAN_POINT('',(-21.6423886960159,3.95057103854179,1.));
#2662=CARTESIAN_POINT('Origin',(-24.5936235181998,4.48928527107021,1.));
#2663=CARTESIAN_POINT('',(-21.6423886960159,3.95057103854179,17.));
#2664=CARTESIAN_POINT('',(-21.6423886960159,3.95057103854179,0.));
#2665=CARTESIAN_POINT('Origin',(-24.5936235181998,4.48928527107021,17.));
#2666=CARTESIAN_POINT('Origin',(0.,0.,1.));
#2667=CARTESIAN_POINT('Origin',(0.,0.,17.));
#2668=CARTESIAN_POINT('Origin',(0.,0.,1.));
#2669=CARTESIAN_POINT('Origin',(18.3880173936017,7.86643606295767,0.));
#2670=CARTESIAN_POINT('',(21.2873319186559,7.09573814236231,1.));
#2671=CARTESIAN_POINT('Origin',(18.3880173936017,7.86643606295767,1.));
#2672=CARTESIAN_POINT('',(21.2873319186559,7.09573814236231,17.));
#2673=CARTESIAN_POINT('',(21.2873319186559,7.09573814236231,0.));
#2674=CARTESIAN_POINT('Origin',(18.3880173936017,7.86643606295767,17.));
#2675=CARTESIAN_POINT('Origin',(24.18664644371,6.32504022176695,0.));
#2676=CARTESIAN_POINT('',(21.2842488704648,5.56603539515491,1.));
#2677=CARTESIAN_POINT('Origin',(24.18664644371,6.32504022176695,1.));
#2678=CARTESIAN_POINT('',(21.2842488704648,5.56603539515491,17.));
#2679=CARTESIAN_POINT('',(21.2842488704648,5.56603539515491,0.));
#2680=CARTESIAN_POINT('Origin',(24.18664644371,6.32504022176695,17.));
#2681=CARTESIAN_POINT('Origin',(0.,0.,1.));
#2682=CARTESIAN_POINT('Origin',(0.,0.,17.));
#2683=CARTESIAN_POINT('Origin',(0.,0.,1.));
#2684=CARTESIAN_POINT('Origin',(16.8561099104089,18.4627072415779,1.));
#2685=CARTESIAN_POINT('',(14.0039636852475,17.5325126864996,1.));
#2686=CARTESIAN_POINT('',(14.0039636852475,17.5325126864996,1.));
#2687=CARTESIAN_POINT('',(14.8333767211598,16.2471823725886,1.));
#2688=CARTESIAN_POINT('Origin',(16.8561099104089,18.4627072415779,1.));
#2689=CARTESIAN_POINT('',(14.8333767211598,16.2471823725886,1.));
#2690=CARTESIAN_POINT('Origin',(0.,0.,1.));
#2691=CARTESIAN_POINT('Origin',(0.,0.,1.));
#2692=CARTESIAN_POINT('Origin',(11.151817460086,16.6023181314213,1.));
#2693=CARTESIAN_POINT('Origin',(11.151817460086,16.6023181314213,1.));
#2694=CARTESIAN_POINT('Origin',(0.,-16.000000372529,1.));
#2695=CARTESIAN_POINT('',(-19.9436706701358,-4.50000006705523,1.));
#2696=CARTESIAN_POINT('Origin',(-19.9436706701358,-1.50000006705523,1.));
#2697=CARTESIAN_POINT('',(-19.0000002831221,-4.50000006705523,1.));
#2698=CARTESIAN_POINT('',(-9.50000014156103,-4.50000006705523,1.));
#2699=CARTESIAN_POINT('',(-17.726046340508,-9.15105603680303,1.));
#2700=CARTESIAN_POINT('Origin',(-19.,-6.99999999999997,1.));
#2701=CARTESIAN_POINT('Origin',(-16.1973019491175,-11.7323232809667,1.));
#2702=CARTESIAN_POINT('',(-11.5044535578867,-16.0220590131038,1.));
#2703=CARTESIAN_POINT('Origin',(-13.9696936060053,-14.3125001503698,1.));
#2704=CARTESIAN_POINT('',(-9.84371403655529,-14.0450370894966,1.));
#2705=CARTESIAN_POINT('Origin',(-5.55111512312578E-15,-24.000000372529,
1.));
#2706=CARTESIAN_POINT('',(-7.75745579873605,-14.0450370894966,1.));
#2707=CARTESIAN_POINT('',(-3.87872789936803,-14.0450370894966,1.));
#2708=CARTESIAN_POINT('',(7.75745579873605,-14.0450370894966,1.));
#2709=CARTESIAN_POINT('Origin',(0.,-16.000000372529,1.));
#2710=CARTESIAN_POINT('',(9.84371403655528,-14.0450370894966,1.));
#2711=CARTESIAN_POINT('',(4.92185701827764,-14.0450370894966,1.));
#2712=CARTESIAN_POINT('',(11.5044535578867,-16.0220590131038,1.));
#2713=CARTESIAN_POINT('Origin',(-5.55111512312578E-15,-24.000000372529,
1.));
#2714=CARTESIAN_POINT('Origin',(13.9696936060053,-14.3125001503698,1.));
#2715=CARTESIAN_POINT('',(17.726046340508,-9.15105603680305,1.));
#2716=CARTESIAN_POINT('Origin',(16.1973019491175,-11.7323232809667,1.));
#2717=CARTESIAN_POINT('',(19.,-4.5,1.));
#2718=CARTESIAN_POINT('Origin',(19.,-7.,1.));
#2719=CARTESIAN_POINT('',(19.9436706751791,-4.5,1.));
#2720=CARTESIAN_POINT('',(11.27774356864,-4.5,1.));
#2721=CARTESIAN_POINT('Origin',(19.9436706751791,-1.5,1.));
#2722=CARTESIAN_POINT('',(3.55411660023787,22.7237377029377,1.));
#2723=CARTESIAN_POINT('Origin',(3.09053617411989,19.759771915598,1.));
#2724=CARTESIAN_POINT('Origin',(0.,0.,1.));
#2725=CARTESIAN_POINT('Origin',(3.09053617411989,19.759771915598,1.));
#2726=CARTESIAN_POINT('Origin',(3.09053617411989,19.759771915598,17.));
#2727=CARTESIAN_POINT('',(3.70000000000001,22.6972119311462,9.1));
#2728=CARTESIAN_POINT('Origin',(3.09053617411989,19.759771915598,9.1));
#2729=CARTESIAN_POINT('',(4.70000000000001,22.2914958723483,8.1));
#2730=CARTESIAN_POINT('Ctrl Pts',(3.70000000000001,22.6972119311462,9.1));
#2731=CARTESIAN_POINT('Ctrl Pts',(3.83066395929595,22.6701016051087,9.1));
#2732=CARTESIAN_POINT('Ctrl Pts',(3.96725414072279,22.6318242712909,9.07301085355024));
#2733=CARTESIAN_POINT('Ctrl Pts',(4.21538124104686,22.544020950638,8.96750045019182));
#2734=CARTESIAN_POINT('Ctrl Pts',(4.32709153161115,22.4948389466672,8.88910104077954));
#2735=CARTESIAN_POINT('Ctrl Pts',(4.49943518457098,22.4100174449624,8.71270308318782));
#2736=CARTESIAN_POINT('Ctrl Pts',(4.57389965652945,22.368035605494,8.60351228868312));
#2737=CARTESIAN_POINT('Ctrl Pts',(4.67423154249433,22.3083628877837,8.36095554660928));
#2738=CARTESIAN_POINT('Ctrl Pts',(4.70000000000001,22.2914958723483,8.22734675381763));
#2739=CARTESIAN_POINT('Ctrl Pts',(4.70000000000001,22.2914958723483,8.1));
#2740=CARTESIAN_POINT('',(4.7,22.2914958723483,6.5));
#2741=CARTESIAN_POINT('',(4.7,22.2914958723483,1.));
#2742=CARTESIAN_POINT('',(3.70000000000001,22.6972119311462,5.5));
#2743=CARTESIAN_POINT('Ctrl Pts',(4.70000000000001,22.2914958723483,6.5));
#2744=CARTESIAN_POINT('Ctrl Pts',(4.70000000000001,22.2914958723483,6.37265324618236));
#2745=CARTESIAN_POINT('Ctrl Pts',(4.67423154249433,22.3083628877837,6.23904445339072));
#2746=CARTESIAN_POINT('Ctrl Pts',(4.57389965652945,22.368035605494,5.99648771131688));
#2747=CARTESIAN_POINT('Ctrl Pts',(4.49943518457098,22.4100174449624,5.88729691681218));
#2748=CARTESIAN_POINT('Ctrl Pts',(4.32709153161115,22.4948389466672,5.71089895922045));
#2749=CARTESIAN_POINT('Ctrl Pts',(4.21538124104686,22.544020950638,5.63249954980818));
#2750=CARTESIAN_POINT('Ctrl Pts',(3.96725414072279,22.6318242712909,5.52698914644975));
#2751=CARTESIAN_POINT('Ctrl Pts',(3.83066395929594,22.6701016051087,5.5));
#2752=CARTESIAN_POINT('Ctrl Pts',(3.70000000000001,22.6972119311462,5.5));
#2753=CARTESIAN_POINT('',(3.55411660023787,22.7237377029377,5.5));
#2754=CARTESIAN_POINT('Origin',(3.09053617411989,19.759771915598,5.5));
#2755=CARTESIAN_POINT('',(3.55411660023787,22.7237377029377,1.));
#2756=CARTESIAN_POINT('Origin',(0.,0.,0.));
#2757=CARTESIAN_POINT('Origin',(0.,0.,5.5));
#2758=CARTESIAN_POINT('Origin',(-0.1309498684147,12.0668601725485,17.));
#2759=CARTESIAN_POINT('Origin',(-0.1309498684147,12.0668601725485,17.));
#2760=CARTESIAN_POINT('Origin',(-0.1309498684147,12.0668601725485,17.));
#2761=CARTESIAN_POINT('Origin',(-19.,-6.99999999999997,2.75620080382957));
#2762=CARTESIAN_POINT('',(-19.8115,-6.99999999999997,3.));
#2763=CARTESIAN_POINT('Origin',(-19.,-6.99999999999997,3.));
#2764=CARTESIAN_POINT('',(-19.,-6.99999999999997,2.51240160765914));
#2765=CARTESIAN_POINT('',(-19.40575,-6.99999999999997,2.75620080382957));
#2766=CARTESIAN_POINT('Origin',(-19.,-6.99999999999997,6.));
#2767=CARTESIAN_POINT('',(-19.8115,-6.99999999999997,9.));
#2768=CARTESIAN_POINT('Origin',(-19.,-6.99999999999997,9.));
#2769=CARTESIAN_POINT('',(-19.8115,-6.99999999999997,6.));
#2770=CARTESIAN_POINT('Origin',(19.0000002831221,-7.00000010430813,2.75620080382957));
#2771=CARTESIAN_POINT('',(18.1885002831221,-7.00000010430813,3.));
#2772=CARTESIAN_POINT('Origin',(19.0000002831221,-7.00000010430813,3.));
#2773=CARTESIAN_POINT('',(19.0000002831221,-7.00000010430813,2.51240160765914));
#2774=CARTESIAN_POINT('',(18.5942502831221,-7.00000010430813,2.75620080382957));
#2775=CARTESIAN_POINT('Origin',(19.0000002831221,-7.00000010430813,6.));
#2776=CARTESIAN_POINT('',(18.1885002831221,-7.00000010430813,9.));
#2777=CARTESIAN_POINT('Origin',(19.0000002831221,-7.00000010430813,9.));
#2778=CARTESIAN_POINT('',(18.1885002831221,-7.00000010430813,6.));
#2779=CARTESIAN_POINT('Origin',(-3.69999999999999,25.,6.5));
#2780=CARTESIAN_POINT('',(-4.69999999999999,25.,6.5));
#2781=CARTESIAN_POINT('',(-3.69999999999999,25.,5.5));
#2782=CARTESIAN_POINT('Origin',(-4.69999999999999,25.,9.1));
#2783=CARTESIAN_POINT('',(-4.69999999999999,25.,8.1));
#2784=CARTESIAN_POINT('Origin',(-3.69999999999999,25.,8.1));
#2785=CARTESIAN_POINT('',(-3.69999999999999,25.,9.1));
#2786=CARTESIAN_POINT('Origin',(4.70000000000001,25.,9.1));
#2787=CARTESIAN_POINT('',(3.70000000000001,25.,9.1));
#2788=CARTESIAN_POINT('Origin',(3.70000000000001,25.,8.1));
#2789=CARTESIAN_POINT('',(4.70000000000001,25.,8.1));
#2790=CARTESIAN_POINT('Origin',(4.70000000000001,25.,5.5));
#2791=CARTESIAN_POINT('',(4.70000000000001,25.,6.5));
#2792=CARTESIAN_POINT('Origin',(3.70000000000001,25.,6.5));
#2793=CARTESIAN_POINT('',(3.70000000000001,25.,5.5));
#2794=CARTESIAN_POINT('Origin',(-4.69999999999999,25.,5.5));
#2795=CARTESIAN_POINT('Origin',(-19.9436706701358,-1.50000006705523,0.));
#2796=CARTESIAN_POINT('',(-19.9436706701358,-4.50000006705523,9.));
#2797=CARTESIAN_POINT('Origin',(-19.9436706701358,-1.50000006705523,9.));
#2798=CARTESIAN_POINT('',(-19.9436706701358,-4.50000006705523,0.));
#2799=CARTESIAN_POINT('Origin',(-16.1973019491175,-11.7323232809667,0.));
#2800=CARTESIAN_POINT('',(-17.726046340508,-9.15105603680303,9.));
#2801=CARTESIAN_POINT('',(-17.726046340508,-9.15105603680303,0.));
#2802=CARTESIAN_POINT('Origin',(-16.1973019491175,-11.7323232809667,9.));
#2803=CARTESIAN_POINT('Origin',(-19.,-6.99999999999997,1.));
#2804=CARTESIAN_POINT('',(-19.0000002831221,-4.50000006705523,9.));
#2805=CARTESIAN_POINT('',(-19.0000002831221,-4.50000006705523,1.));
#2806=CARTESIAN_POINT('Origin',(-19.,-6.99999999999997,9.));
#2807=CARTESIAN_POINT('Origin',(16.1973019491175,-11.7323232809667,0.));
#2808=CARTESIAN_POINT('',(17.726046340508,-9.15105603680305,9.));
#2809=CARTESIAN_POINT('Origin',(16.1973019491175,-11.7323232809667,9.));
#2810=CARTESIAN_POINT('',(17.726046340508,-9.15105603680305,0.));
#2811=CARTESIAN_POINT('Origin',(19.,-7.,1.));
#2812=CARTESIAN_POINT('',(19.,-4.5,9.));
#2813=CARTESIAN_POINT('Origin',(19.,-7.,9.));
#2814=CARTESIAN_POINT('',(19.,-4.5,1.));
#2815=CARTESIAN_POINT('Origin',(19.9436706751791,-1.5,0.));
#2816=CARTESIAN_POINT('',(19.9436706751791,-4.5,9.));
#2817=CARTESIAN_POINT('',(19.9436706751791,-4.5,0.));
#2818=CARTESIAN_POINT('Origin',(19.9436706751791,-1.5,9.));
#2819=CARTESIAN_POINT('Origin',(22.5554871372799,-4.5,1.));
#2820=CARTESIAN_POINT('',(19.,-4.5,9.));
#2821=CARTESIAN_POINT('Origin',(19.52774356864,-7.52751041327198,9.));
#2822=CARTESIAN_POINT('Origin',(-19.0000002831221,-4.50000006705523,1.));
#2823=CARTESIAN_POINT('',(-19.0000002831221,-4.50000006705523,9.));
#2824=CARTESIAN_POINT('Origin',(-19.527743561951,-7.52751041327197,9.));
#2825=CARTESIAN_POINT('Origin',(-13.9696936060053,-14.3125001503698,0.));
#2826=CARTESIAN_POINT('',(-11.5044535578867,-16.0220590131038,19.));
#2827=CARTESIAN_POINT('Origin',(-13.9696936060053,-14.3125001503698,19.));
#2828=CARTESIAN_POINT('',(-11.5044535578867,-16.0220590131038,0.));
#2829=CARTESIAN_POINT('Origin',(-5.55111512312578E-15,-24.000000372529,
1.));
#2830=CARTESIAN_POINT('',(-9.84371403655529,-14.0450370894966,19.));
#2831=CARTESIAN_POINT('Origin',(-5.55111512312578E-15,-24.000000372529,
19.));
#2832=CARTESIAN_POINT('',(-9.84371403655529,-14.0450370894966,1.));
#2833=CARTESIAN_POINT('Origin',(13.9696936060053,-14.3125001503698,0.));
#2834=CARTESIAN_POINT('',(11.5044535578867,-16.0220590131038,19.));
#2835=CARTESIAN_POINT('',(11.5044535578867,-16.0220590131038,0.));
#2836=CARTESIAN_POINT('Origin',(13.9696936060053,-14.3125001503698,19.));
#2837=CARTESIAN_POINT('Origin',(9.84371403655528,-14.0450370894966,1.));
#2838=CARTESIAN_POINT('',(7.75745579873605,-14.0450370894966,19.));
#2839=CARTESIAN_POINT('',(7.75745579873605,-14.0450370894966,1.));
#2840=CARTESIAN_POINT('',(9.84371403655528,-14.0450370894966,19.));
#2841=CARTESIAN_POINT('',(-0.994373907245605,-14.0450370894966,19.));
#2842=CARTESIAN_POINT('',(9.84371403655528,-14.0450370894966,1.));
#2843=CARTESIAN_POINT('Origin',(-5.55111512312578E-15,-24.000000372529,
1.));
#2844=CARTESIAN_POINT('Origin',(-5.55111512312578E-15,-24.000000372529,
19.));
#2845=CARTESIAN_POINT('Origin',(-8.83622621891248,-18.2881435173761,19.));
#2846=CARTESIAN_POINT('Origin',(0.,-16.000000372529,19.));
#2847=CARTESIAN_POINT('Origin',(-7.75745579873605,-14.0450370894966,1.));
#2848=CARTESIAN_POINT('',(-7.75745579873605,-14.0450370894966,19.));
#2849=CARTESIAN_POINT('',(-0.994373907245605,-14.0450370894966,19.));
#2850=CARTESIAN_POINT('',(-7.75745579873605,-14.0450370894966,1.));
#2851=CARTESIAN_POINT('Origin',(-8.83622621891248,-18.2881435173761,19.));
#2852=CARTESIAN_POINT('Origin',(0.,-16.000000372529,19.));
#2853=CARTESIAN_POINT('Origin',(0.,-16.000000372529,0.));
#2854=CARTESIAN_POINT('',(0.,0.,0.));
#2855=UNCERTAINTY_MEASURE_WITH_UNIT(LENGTH_MEASURE(0.01),#2861,
'DISTANCE_ACCURACY_VALUE',
'Maximum model space distance between geometric entities at asserted c
onnectivities');
#2856=UNCERTAINTY_MEASURE_WITH_UNIT(LENGTH_MEASURE(0.01),#2861,
'DISTANCE_ACCURACY_VALUE',
'Maximum model space distance between geometric entities at asserted c
onnectivities');
#2857=UNCERTAINTY_MEASURE_WITH_UNIT(LENGTH_MEASURE(0.01),#2861,
'DISTANCE_ACCURACY_VALUE',
'Maximum model space distance between geometric entities at asserted c
onnectivities');
#2858=(
GEOMETRIC_REPRESENTATION_CONTEXT(3)
GLOBAL_UNCERTAINTY_ASSIGNED_CONTEXT((#2855))
GLOBAL_UNIT_ASSIGNED_CONTEXT((#2861,#2863,#2864))
REPRESENTATION_CONTEXT('','3D')
);
#2859=(
GEOMETRIC_REPRESENTATION_CONTEXT(3)
GLOBAL_UNCERTAINTY_ASSIGNED_CONTEXT((#2856))
GLOBAL_UNIT_ASSIGNED_CONTEXT((#2861,#2863,#2864))
REPRESENTATION_CONTEXT('','3D')
);
#2860=(
GEOMETRIC_REPRESENTATION_CONTEXT(3)
GLOBAL_UNCERTAINTY_ASSIGNED_CONTEXT((#2857))
GLOBAL_UNIT_ASSIGNED_CONTEXT((#2861,#2863,#2864))
REPRESENTATION_CONTEXT('','3D')
);
#2861=(
LENGTH_UNIT()
NAMED_UNIT(*)
SI_UNIT(.MILLI.,.METRE.)
);
#2862=(
LENGTH_UNIT()
NAMED_UNIT(*)
SI_UNIT($,.METRE.)
);
#2863=(
NAMED_UNIT(*)
PLANE_ANGLE_UNIT()
SI_UNIT($,.RADIAN.)
);
#2864=(
NAMED_UNIT(*)
SI_UNIT($,.STERADIAN.)
SOLID_ANGLE_UNIT()
);
#2865=SHAPE_DEFINITION_REPRESENTATION(#2867,#2870);
#2866=SHAPE_DEFINITION_REPRESENTATION(#2868,#2871);
#2867=PRODUCT_DEFINITION_SHAPE('',$,#2873);
#2868=PRODUCT_DEFINITION_SHAPE('',$,#2874);
#2869=PRODUCT_DEFINITION_SHAPE($,$,#14);
#2870=SHAPE_REPRESENTATION('',(#1467,#1648),#2858);
#2871=SHAPE_REPRESENTATION('',(#1468),#2859);
#2872=PRODUCT_DEFINITION_CONTEXT('part definition',#2880,'design');
#2873=PRODUCT_DEFINITION('2025-11-23-21-24-11-235','analog clock v2',#2875,
#2872);
#2874=PRODUCT_DEFINITION('2025-11-24-01-07-28-511','watch',#2876,#2872);
#2875=PRODUCT_DEFINITION_FORMATION('',$,#2882);
#2876=PRODUCT_DEFINITION_FORMATION('',$,#2883);
#2877=PRODUCT_RELATED_PRODUCT_CATEGORY('analog clock v2',
'analog clock v2',(#2882));
#2878=PRODUCT_RELATED_PRODUCT_CATEGORY('watch','watch',(#2883));
#2879=APPLICATION_PROTOCOL_DEFINITION('international standard',
'automotive_design',2009,#2880);
#2880=APPLICATION_CONTEXT(
'Core Data for Automotive Mechanical Design Process');
#2881=PRODUCT_CONTEXT('part definition',#2880,'mechanical');
#2882=PRODUCT('2025-11-23-21-24-11-235','analog clock v2',$,(#2881));
#2883=PRODUCT('2025-11-24-01-07-28-511','watch',$,(#2881));
#2884=PRESENTATION_STYLE_ASSIGNMENT((#2885));
#2885=SURFACE_STYLE_USAGE(.BOTH.,#2886);
#2886=SURFACE_SIDE_STYLE('',(#2887));
#2887=SURFACE_STYLE_FILL_AREA(#2888);
#2888=FILL_AREA_STYLE('Steel - Satin',(#2889));
#2889=FILL_AREA_STYLE_COLOUR('Steel - Satin',#2890);
#2890=COLOUR_RGB('Steel - Satin',0.627450980392157,0.627450980392157,0.627450980392157);
ENDSEC;
END-ISO-10303-21;
